path,category,sha256,size_bytes
.DS_Store,cache_or_os_metadata,106e72ff2aa797aab347efa23cd4d6d419f3ab29ac6dc5dc4165b5200b61d305,12292
.gitignore,historical_artifact,e4b5ae060728a8c8d6e8b47919022cf38b05f8f86398c45783641d92f64b4690,524
.pytest_cache/.gitignore,cache_or_os_metadata,3ed731b65d06150c138e2dadb0be0697550888a6b47eb8c45ecc9adba8b8e9bd,37
.pytest_cache/CACHEDIR.TAG,cache_or_os_metadata,37dc88ef9a0abeddbe81053a6dd8fdfb13afb613045ea1eb4a5c815a74a3bde4,191
.pytest_cache/README.md,cache_or_os_metadata,73fd6fccdd802c419a6b2d983d6c3173b7da97558ac4b589edec2dfe443db9ad,302
.pytest_cache/v/cache/lastfailed,cache_or_os_metadata,44136fa355b3678a1146ad16f7e8649e94fb4fc21fe77e8310c060f61caaff8a,2
.pytest_cache/v/cache/nodeids,cache_or_os_metadata,2efa19d7cf4e8fe7a772f0ff5f8ce9ee72e51803eab6cb00aa01b8e43edbcbd3,36010
DROP_HERE/README.md,handoff_copy,cbaec618f0dfda7151d5238209c902a1bc7db45b4c6c0756475f747b35b80d27,953
DROP_HERE/dropbox_manifest.json,handoff_copy,301de6e5be2d7aaf5df075b4fa023bcb2c43b0b93a79a26651fc1949ad72ce3a,1833
DROP_HERE/figures/ablation_bars.svg,handoff_copy,26053962668475352f7c2794859367d54ce47a4224839c099f34fa65a45e5893,105563
DROP_HERE/figures/architecture_diagram.svg,handoff_copy,6ef8686b6782a36f940298a2bee8b4b942809d8bc7097fb26b0fe700b8885d12,120700
DROP_HERE/figures/basin_map.svg,handoff_copy,638c5546e01f8367065dda61edc9fb55d354c6c338c707dcdabab62648551762,58853
DROP_HERE/figures/km_survival_curves.svg,handoff_copy,eda5ea3023aeea4f56c6dea50d24984352a905211c2a8e3fd5c37272e33caf95,75391
DROP_HERE/figures/label_budget_curve.svg,handoff_copy,84833a2fad5118ec083b57d7f584183e3be62255ed3d27b323655a9061eb4e95,77606
DROP_HERE/figures/per_basin_auc_distribution.svg,handoff_copy,d42f03ac4da2a73b34109d19a5a2cda17ceab8530425b3c72812d5402a9ea8b0,76407
DROP_HERE/figures/roc_curves.svg,handoff_copy,7dddb7366570b611d488c1a77c7491858021b664a903d98f5d1a26127d9c01d8,85633
DROP_HERE/flood_sentinel.zip,handoff_copy,8f152bb977abafbe6b8ab1b4d716bfb2baac3639898b88e3a8aff30b8f93e336,68594039
DROP_HERE/flood_sentinel_complete_repository.zip,handoff_copy,995cfb03f7a80ed540c3e9d17576476788ad37da746fde2bf927e7be5e122808,111701689
DROP_HERE/flood_sentinel_submission_bundle.zip,handoff_copy,c94f0b01800a69f6ed9ec1afa62317d1d3df3dde99f948a71de903a25646d94d,193265
DROP_HERE/governance_and_verification/FINAL_FREEZE.md,handoff_copy,2c36d5374c28cd148cf5f81f78333490489e5a6ded08dbfffeb9e5b9951b46dc,6801
DROP_HERE/governance_and_verification/baseline_parity_audit.md,handoff_copy,98a0d65618f8de8d017bdd60dcdd24b203c7725e1eb54fcc611450be07218455,6468
DROP_HERE/governance_and_verification/chunk10_report.md,handoff_copy,f6967c0163a80334f1a80f5a6f191e3d2901ba762c228ba1097fc23eba7e6085,9293
DROP_HERE/governance_and_verification/clean_room_rerun_report.md,handoff_copy,99ddcbcad68103c1c35759162b102790eb7e5c82662cf0ce2b1c507c8a7fa0c1,5508
DROP_HERE/governance_and_verification/data_license_manifest.json,handoff_copy,cf9bbeb44a512c2cc4b0dd6f86a1cdf13fbcb7fa28785b86c9003b4628914abd,4514
DROP_HERE/governance_and_verification/effective_sample_audit.json,handoff_copy,735a392428563d51f6f43c5fde84810e38cddbf5bf99c2f1f49e572d943e5aa3,2490
DROP_HERE/governance_and_verification/final_results_manifest.json,handoff_copy,c01bdc1d3d94846f773122bff06b61a30e7fc5b8d2eebda14197c395c69db64a,2054
DROP_HERE/governance_and_verification/final_synthesis_report.md,handoff_copy,914c896f277c8a91495667af69d7270384bc4728319fa601fec5058b1e1d42cb,8387
DROP_HERE/governance_and_verification/h2_cohort_accounting.md,handoff_copy,89d055c5d3d4d9d61c06280fa6d57164b11954d3aa4ab6b4680bea60a443d653,5731
DROP_HERE/governance_and_verification/methodology_adversarial_review_final.md,handoff_copy,ae120df3068d05437e7d1982c7841b58496c270f3aa55e37965428b030420111,14827
DROP_HERE/governance_and_verification/submission_safe_scrub_report.md,handoff_copy,dc40e5fe7603c1664503b432fa8b6c8b7994c2835a28d0f4094ef67f5d0dcc35,3899
DROP_HERE/governance_and_verification/synthesis_verification_report.json,handoff_copy,a683c35b51a170e90008ca5d11a6f018ba4f09173a1665771e2597c4f079a8ce,1232
DROP_HERE/manuscript/manuscript_draft.md,handoff_copy,c1bb78e97947fdc79d9dc5d4f48d9b1c54c075e9f33c7f3b7a578b99484ece57,32000
DROP_HERE/manuscript/venue_compliance_matrix.md,handoff_copy,9a6dcb40028f90301f1fdd9e02af454166e02c239e80b021b3e14e26aa8425a7,3470
DROP_HERE/manuscript/venue_decision_rationale.md,handoff_copy,7479dd331c0fb3670442196ad79fdb13b8a58311aa5af7c8d14cc4fb52737643,2820
DROP_HERE/open_science/LICENSE,handoff_copy,0be3d23dedc6cfd9db453a00d6a1c4b5b1276ae5ded17327d7b704deb5c2ed70,1091
DROP_HERE/open_science/REPRODUCIBILITY.md,handoff_copy,384ac2a687614d3c46270809ec30ec0fa106c14cf950016f89c01c1df982d548,8587
DROP_HERE/open_science/ai_disclosure.md,handoff_copy,be4c22c773c6a135346baf2e02811c3ea0d70eda839f36eeff02f1dff394615f,7988
DROP_HERE/open_science/dataport_manifest.json,handoff_copy,a817b33e734121bf3102384d8dc3be40d77d404eddaed6b39cfe30d4123e309c,10519
DROP_HERE/open_science/environment.yml,handoff_copy,4919a8c46cbc71b0f03b7635eb9b4fb89911f96a45a6074c91dd340ccf4b4d54,366
DROP_HERE/open_science/ieee_dataport_deposit.md,handoff_copy,91f9c9b832f3bb9c46c7eb1fc493c25e3d74375fafeed735271353e24a4eb530,7369
DROP_HERE/open_science/requirements.txt,handoff_copy,b1889fed1806432fc097d3faf70111df2aa46a534b702618b9c47881726ea8b9,387
DROP_HERE/plaintext_release/LICENSE,handoff_copy,0be3d23dedc6cfd9db453a00d6a1c4b5b1276ae5ded17327d7b704deb5c2ed70,1091
DROP_HERE/plaintext_release/REPRODUCIBILITY.md,handoff_copy,384ac2a687614d3c46270809ec30ec0fa106c14cf950016f89c01c1df982d548,8587
DROP_HERE/plaintext_release/bootstrap.sh,handoff_copy,af095599e21a522c5bed758c754b0cb479f3895e9f408cbbf83356d7884da5d2,18126
DROP_HERE/plaintext_release/environment.yml,handoff_copy,4919a8c46cbc71b0f03b7635eb9b4fb89911f96a45a6074c91dd340ccf4b4d54,366
DROP_HERE/plaintext_release/factory/CHANGELOG.md,handoff_copy,1a4b64c5f980dd5795250e22ac7168cbcccca98aa46a374655e20afb2865a8ac,107952
DROP_HERE/plaintext_release/factory/ClaudeInitialization.md,handoff_copy,d55c03aeda048f3efd05bec1dc33ad3c37db5543fd6315d60ba816b74e6c2bd1,53155
DROP_HERE/plaintext_release/factory/bootstrap_manifest.yaml,handoff_copy,edf73e802732e04cc1774983da6667e78023f524c098623578b01ec91e1f8894,17406
DROP_HERE/plaintext_release/factory/constitution.md,handoff_copy,79801ce96d98135b5fd026168c72f2246397ea8b6d260a594ba081b66b039cf7,41627
DROP_HERE/plaintext_release/factory/dynamic_rules.md,handoff_copy,7f399289177c10247a8b5a835c54a61ea16c734a0f1d999d7f223644c5b2b85e,102064
DROP_HERE/plaintext_release/factory/factory_spec.md,handoff_copy,f629a7e1484b8e8926228504bf188e6ac2f57c73a60603f55f306f7b851df047,78699
DROP_HERE/plaintext_release/factory/gatekeeper.py,handoff_copy,6da001f70f49801f104840453fe00bb3c26b33c144cffcb1356c4aa71fac5089,150499
DROP_HERE/plaintext_release/factory/gatekeeper_spec.md,handoff_copy,cc8e562908c04297ff41d2887c09ff9381496fdeea414d7a52329b39bf658ca4,30564
DROP_HERE/plaintext_release/factory/gemini_spec.md,handoff_copy,02bbc03af5cc1be525b16aad5f036b66ada2e7f6afd19361116f825df7d5c4f7,38570
DROP_HERE/plaintext_release/factory/key_facts_TEMPLATE.md,handoff_copy,49f0975b134a55532c5526db402cab27c8e249351dc85c7d2df44a97f4657043,1748
DROP_HERE/plaintext_release/factory/tests/test_gatekeeper_self_check.py,handoff_copy,84fbcba1020a5e8db1c6a1088793520d888b43c14686a9d5bacec45c127a3e5a,8340
DROP_HERE/plaintext_release/factory/tests/test_gatekeeper_v1_3_4.py,handoff_copy,139034d2dd5288ddb6b41e7387534e946154c59226ebe1c1905cab834b51a3bb,11518
DROP_HERE/plaintext_release/factory/tests/test_gatekeeper_v1_4_0.py,handoff_copy,580d266490d1938cc9e4b98b2d077adc30fbea15ba73c45fa941ee12d3cba601,12902
DROP_HERE/plaintext_release/factory/tests/test_gatekeeper_v1_4_1.py,handoff_copy,85801d7c443c9e15e70243e4ef72b4384373c2eb450d7e2db0432385d36ec890,9012
DROP_HERE/plaintext_release/factory/tests/test_gatekeeper_v1_4_2.py,handoff_copy,273af02e66fae9553cbaa5af32b0b548528072bf454da8904cba484673a8c50e,12557
DROP_HERE/plaintext_release/factory/tests/test_gatekeeper_v1_4_2_mandatory_gate.py,handoff_copy,6e7ea1c17ceeb4484f46d1629742573b96a1e2972f50e00b301a7acdeaacbcbb,12163
DROP_HERE/plaintext_release/factory/tests/test_gatekeeper_v1_4_2_mechanical_guards.py,handoff_copy,127cb3eecc86e8b0c2fd396ea619f602bba6489477e8fb47036677fb9ba4cd21,15124
DROP_HERE/plaintext_release/factory/venue_requirements_TEMPLATE.md,handoff_copy,a32dccecdbb328ee86b123924ff7afbba8667fa40aca2002a44578598bb537f7,6839
DROP_HERE/plaintext_release/project/.gatekeeper/snapshots/C03-02.json,handoff_copy,23be39b5a3859fe55cb2842d5a693a615f6c6f2fb21b8203b6d607f30cc3b534,161
DROP_HERE/plaintext_release/project/AI_Note 2.md,handoff_copy,6dae1a2b005ce0dd07ef9d10644f886df7337e7fe49d47d3d8c4dd4b4c45b164,5940
DROP_HERE/plaintext_release/project/AI_Note.md,handoff_copy,1f4edffd929a12dfe7f3b400058ee7da322da5685d5f5c498c3c75702ed36693,43582
DROP_HERE/plaintext_release/project/architecture.md,handoff_copy,6085c02acfdef8860ba603ae5e7285303402c003f2ed4c41a8e3c5ed5debc12f,63874
DROP_HERE/plaintext_release/project/check_founding_consistency.py,handoff_copy,74f0a58883d75df434f8bc7b2f0f72a335dd5cabd9703cd31b12fd8523dae9bb,8022
DROP_HERE/plaintext_release/project/chunks/chunk01/chunk01.md,handoff_copy,09d9db6100173d3d870f6de99189d8b98f49f98cbad27a416e5a72a1d0f362fe,6819
DROP_HERE/plaintext_release/project/chunks/chunk01/chunk_report.md,handoff_copy,1ab1e647fe997b2056a8d617d9f42a155f1aab6646763458d09fa18dc27b834c,7721
DROP_HERE/plaintext_release/project/chunks/chunk01/contracts/C01-01_contract.md,handoff_copy,d250754d80221dcfb6a23e30fb97323c2bd43c49e368813368d2b279e53fcc37,3553
DROP_HERE/plaintext_release/project/chunks/chunk01/contracts/C01-02_contract.md,handoff_copy,ea7683ce275827439879f4e1d5da95c2895b463ea3d8000ac1fd69cf980c9569,3816
DROP_HERE/plaintext_release/project/chunks/chunk01/contracts/C01-03_contract.md,handoff_copy,8eadca2d031ee1bafeb575df47a58030885d8644fc8271560f46af5efb21e947,4700
DROP_HERE/plaintext_release/project/chunks/chunk01/contracts/C01-04_contract.md,handoff_copy,cf94184ba67d7a79f0f57441931104b1b7b6a5db1f50028379d861dd47ef673a,4095
DROP_HERE/plaintext_release/project/chunks/chunk01/contracts/C01-05_contract.md,handoff_copy,9ad2acbdf8e0089d459acc1872ddea1760992be9ab8d1179dd71c604addcaa7e,2958
DROP_HERE/plaintext_release/project/chunks/chunk01/contracts/C01-06_contract.md,handoff_copy,27b0dbfc3fe75847165c1299c16f9247fb4c1d64d1ea98c508d4360610eabccf,4107
DROP_HERE/plaintext_release/project/chunks/chunk01/contracts/C01-07_contract.md,handoff_copy,e43b1e9b704aec34dc746ad7c00b8c64706b89185a95ffb7720c0dfa2234c988,3793
DROP_HERE/plaintext_release/project/chunks/chunk01/contracts/C01-08_contract.md,handoff_copy,65d1a24d5a3f4b7d2e1c481d03023ddc80e94a02bc1b83d6933908fd0484d6ab,5353
DROP_HERE/plaintext_release/project/chunks/chunk01/contracts/C01-09_contract.md,handoff_copy,0534f2ac1b4b42efdfb28355ec94f15d52915b4b6a94b8b3f68602e1f26f5bf3,3597
DROP_HERE/plaintext_release/project/chunks/chunk01/contracts/C01-10_contract.md,handoff_copy,de6114cdfef4443838f16212bc939a452fd08c8cc82157f00d39ec7b8fb5de02,4027
DROP_HERE/plaintext_release/project/chunks/chunk01/contracts/C01-11_contract.md,handoff_copy,f7c5a9b171e1bc09dc24c1e77b9637b3dd3c35b0ab365fe26af7a556e95b94fc,8035
DROP_HERE/plaintext_release/project/chunks/chunk01/data/events/flood_events.json,handoff_copy,479c984251ba3b2856dced34ee70c3ce533ff83917c605199bf8ad18ee6e9544,414403
DROP_HERE/plaintext_release/project/chunks/chunk01/data/thresholds/flood_thresholds.json,handoff_copy,cc9aa54f3681761913d816966e069242d9f815e71e96d807ead9c5f582cac2a9,6851
DROP_HERE/plaintext_release/project/chunks/chunk01/execution_manifest.yaml,handoff_copy,d639e0e2506e64e1e2afb49d10fa7aba320a00a9d9f5bd9f2cd65bb567cc0c70,6671
DROP_HERE/plaintext_release/project/chunks/chunk01/manifests/attributes_acquisition_provenance.json,handoff_copy,9ed043e31a2b25d996b77151d6c0e6210b7533fabe7517b5044d87eae215c145,979
DROP_HERE/plaintext_release/project/chunks/chunk01/manifests/attributes_data_manifest.json,handoff_copy,55101b09678b6c46f274148417ff998dd35894f8b402ea831b28f2ec6269d5cc,3360
DROP_HERE/plaintext_release/project/chunks/chunk01/manifests/events_acquisition_provenance.json,handoff_copy,c2ac6d22f99874bef78f934015a34ddf9bbfb4f8c86d6a6358d9576820995d37,955
DROP_HERE/plaintext_release/project/chunks/chunk01/manifests/events_data_manifest.json,handoff_copy,83e2ec7db8156da05c1cdbb483850592a4e9814aa50c8f314f031c0152f707c5,1599
DROP_HERE/plaintext_release/project/chunks/chunk01/manifests/gridmet_acquisition_provenance.json,handoff_copy,d609d727e97fc608640a57a5b165f1d5978218a0456513d8e1006c26a38c8809,4299
DROP_HERE/plaintext_release/project/chunks/chunk01/manifests/gridmet_data_manifest.json,handoff_copy,1ff854c04d4a58883d8b6b921079e6e3fbd0492fd960d5d2e1c41d089feb58d1,2859
DROP_HERE/plaintext_release/project/chunks/chunk01/manifests/nwm_retro_acquisition_provenance.json,handoff_copy,cc6ba87e741f272744122da56302c6c3d158a9d4a4741f221e22792480da88d1,4594
DROP_HERE/plaintext_release/project/chunks/chunk01/manifests/nwm_retro_data_manifest.json,handoff_copy,ae53850e73736ff3e419c8708da0a92c1344746f45b13623656ac9c91a0ae9f1,1396
DROP_HERE/plaintext_release/project/chunks/chunk01/manifests/snodas_acquisition_provenance.json,handoff_copy,be9943a607b9eaa758b74f95b3f5d1fbdc8d79621c72c8bbc7bf088758e33a18,4187
DROP_HERE/plaintext_release/project/chunks/chunk01/manifests/snodas_data_manifest.json,handoff_copy,6fd73a30d3d8deef7540841e6942467d633a053cc93d1fefc04007271a45bae8,1489
DROP_HERE/plaintext_release/project/chunks/chunk01/manifests/thresholds_acquisition_provenance.json,handoff_copy,def6dcf1542d6868f6193e4aba16e4d750cbc4fd045df789b9ad4243e275324e,1139
DROP_HERE/plaintext_release/project/chunks/chunk01/manifests/thresholds_data_manifest.json,handoff_copy,ccb49a17a64374a4bf20bd4bca4b1e2cfca9c901a3fe51124d179865fdb64792,1661
DROP_HERE/plaintext_release/project/chunks/chunk01/manifests/usgs_acquisition_provenance.json,handoff_copy,25a272fbe509d1c13f72d5308b03375b9bdf85ad33fccff36463d9f44be69ff7,4532
DROP_HERE/plaintext_release/project/chunks/chunk01/manifests/usgs_data_manifest.json,handoff_copy,757092ab9747fb9dcf124b90082b6c72afde6b7e717009a84b43de9110cfefb1,2089
DROP_HERE/plaintext_release/project/chunks/chunk01/pilot_panel.json,handoff_copy,39437d82f95edb6b6bbb994fa7557bfe34f1393a06df9cda3e7378a3adee44fe,6782
DROP_HERE/plaintext_release/project/chunks/chunk01/reality_gate_report.md,handoff_copy,62b6a746aefacd7eb19ae815ac0f5fe85195a0b0c0d98c7bc74b60a177eb9de4,5393
DROP_HERE/plaintext_release/project/chunks/chunk01/reports/C01-01/contract_report.md,handoff_copy,ae22b7a6e8ce6669466f0cd8fd07bb01e9d5e36e98aec8cfa9a2c497170eef97,5503
DROP_HERE/plaintext_release/project/chunks/chunk01/reports/C01-02/contract_report.md,handoff_copy,cdc13123a513fab00e8fc5872e2fae06801e80220317853f8fc3b1c23fd99b3c,4284
DROP_HERE/plaintext_release/project/chunks/chunk01/reports/C01-03/contract_report.md,handoff_copy,518ea71f71dffc085d9ace3314c7568bf5961e03a33dbf91fb61033bd681bd0f,4660
DROP_HERE/plaintext_release/project/chunks/chunk01/reports/C01-04/contract_report.md,handoff_copy,6775820f00f7a59f95a685dd0e43c41a6c8a5dd91e21cafe21b46b8fea8273aa,5145
DROP_HERE/plaintext_release/project/chunks/chunk01/reports/C01-05/contract_report.md,handoff_copy,a06feead63865a52f0120b359e9613b189aba79666aab250859f993009660276,4497
DROP_HERE/plaintext_release/project/chunks/chunk01/reports/C01-06/contract_report.md,handoff_copy,ac1f0a29e60203b5b1080f761951067413dbfcd7885651b2c03619b9b9ed9f73,4845
DROP_HERE/plaintext_release/project/chunks/chunk01/reports/C01-07/contract_report.md,handoff_copy,1600359d05df751e6a78c998be946378be530d004b10706d75f7d63f90ec7f2a,4808
DROP_HERE/plaintext_release/project/chunks/chunk01/reports/C01-08/contract_report.md,handoff_copy,4c8e2e3ebd2f51501f2682c0d99bbb1e82a54fcca8fadf28bb5931ac7adae218,5128
DROP_HERE/plaintext_release/project/chunks/chunk01/reports/C01-09/contract_report.md,handoff_copy,7fd26408671a3bf475f59b6df3f6d047a155dff2d0b6ee7e4430a4f97a1f5c0b,4748
DROP_HERE/plaintext_release/project/chunks/chunk01/reports/C01-10/contract_report.md,handoff_copy,57e3c70c6a86d3694e30a74bb6473f8af1c3742af1b1ae31236c3b9d55a259d6,4761
DROP_HERE/plaintext_release/project/chunks/chunk01/reports/C01-10/nwm_op_precheck_results.json,handoff_copy,c13ad43c8cb084b830d6bce187fd232a78a07c1b8a4ad556cfceaa84431fd372,2264
DROP_HERE/plaintext_release/project/chunks/chunk01/reports/C01-11/contract_report.md,handoff_copy,4601079854503836934505ea621036eadc1f32c92355c053fa24c5f41670c518,7174
DROP_HERE/plaintext_release/project/chunks/chunk02/chunk02.md,handoff_copy,1d4da8948c533e2cee381ea8ffde2963856597ce239df8d44c82039cc78d4c5e,7461
DROP_HERE/plaintext_release/project/chunks/chunk02/chunk_report.md,handoff_copy,ff62a950e3de21715bf845470b269b77ae9964b8a40294348ffefaa11dd13c0b,10267
DROP_HERE/plaintext_release/project/chunks/chunk02/contracts/C02-01_contract.md,handoff_copy,2c363dfc8018cae44da6861062dd569d19b71a845ef4f0e10b921ad6ba875fef,2700
DROP_HERE/plaintext_release/project/chunks/chunk02/contracts/C02-02_contract.md,handoff_copy,b38de8278d104491e5919d9bd1601085eb6728a58a738d8eadcbbd97ba366078,3190
DROP_HERE/plaintext_release/project/chunks/chunk02/contracts/C02-03_contract.md,handoff_copy,8ab1e4331ad6ac7d4184c24a71fca6b95531e553189674f7ad6066a57ad5bede,3688
DROP_HERE/plaintext_release/project/chunks/chunk02/contracts/C02-04_contract.md,handoff_copy,f76065f8b4fc718c441f2bb3f0e81c523cd6e67ebe298da1bd083ffd9a152738,2122
DROP_HERE/plaintext_release/project/chunks/chunk02/contracts/C02-05_contract.md,handoff_copy,d82127ad7caa45b8fdf657f4d96cb2f9afe1869fe518ce7570efddcc552e3833,1732
DROP_HERE/plaintext_release/project/chunks/chunk02/contracts/C02-06_contract.md,handoff_copy,2f220e0feca05291c98e87e8ce7387697bc6372a94bf690c96d75d54e37f69b7,1858
DROP_HERE/plaintext_release/project/chunks/chunk02/contracts/C02-07_contract.md,handoff_copy,35493847927121c099411785950cee6c88620db48909dee4bd6b286fb6d18dba,2191
DROP_HERE/plaintext_release/project/chunks/chunk02/contracts/C02-08_contract.md,handoff_copy,0afb2656db7b504d75f4cbe3d38524fa515f2b8c62614b995e987736a9127ef0,1590
DROP_HERE/plaintext_release/project/chunks/chunk02/contracts/C02-09_contract.md,handoff_copy,abd74f0c804b5ce08182fe7f9c1d3b604dc4b5b434fc816ba5236ab0d3544bd7,2479
DROP_HERE/plaintext_release/project/chunks/chunk02/contracts/C02-10_contract.md,handoff_copy,770121db2f65c6ae8360b1b9d782fdfc2cfc08d9b9a7a6f51ee949ee0df7307b,1752
DROP_HERE/plaintext_release/project/chunks/chunk02/contracts/C02-11_contract.md,handoff_copy,92cece7fd2fdb452427e85ec01890ac08c51ee3b09a8aaf73af3f9364eb2def5,3825
DROP_HERE/plaintext_release/project/chunks/chunk02/contracts/C02-12_contract.md,handoff_copy,72552670db785326fd5bfb0d7cfb9cabf6bc04abc973cfec2c40b83a517427d5,2604
DROP_HERE/plaintext_release/project/chunks/chunk02/contracts/C02-13_contract.md,handoff_copy,0909f4de78b845d354bbd21da9404faf0dc2303ff49b6151d446dca3a8994cd8,1982
DROP_HERE/plaintext_release/project/chunks/chunk02/contracts/C02-14_contract.md,handoff_copy,c8589f5e6f23414da22f471f42c1b5e3a3acb64a879026c8342d685ce68e13b0,3694
DROP_HERE/plaintext_release/project/chunks/chunk02/data/events/flood_events.json,handoff_copy,af781c584eb9edffa9a46fc8e55235526fd9d5cc271c14d0253b0644552deb3c,1729886
DROP_HERE/plaintext_release/project/chunks/chunk02/data/response_time/eligibility_tags.json,handoff_copy,0aedd62a698d9e8048932e26c6a1af4b62d26b732400787332c25dc1a0d9c9a3,26437
DROP_HERE/plaintext_release/project/chunks/chunk02/data/thresholds/flood_thresholds.json,handoff_copy,1456df7a86ee03f0d462335bb04a61608179f935a7ffd3275c8f5d1a907dd7b6,20475
DROP_HERE/plaintext_release/project/chunks/chunk02/execution_manifest.yaml,handoff_copy,7f876e1356d97ec16d19eb49373263aa0bfd32261201655144a75e0c29c0b7ea,7853
DROP_HERE/plaintext_release/project/chunks/chunk02/full_panel.json,handoff_copy,0caed82917df27086e606a0e10a1dd11d3e234c717814b48938d8c22003d5294,27119
DROP_HERE/plaintext_release/project/chunks/chunk02/manifests/attributes_acquisition_provenance.json,handoff_copy,fefcd2174e7808ea8fb8008026ac5d1a208aa5a0557dc168bdf20c0ee49548d5,1023
DROP_HERE/plaintext_release/project/chunks/chunk02/manifests/attributes_data_manifest.json,handoff_copy,736ffdfb834cc7cc73b07e2a430cbde6b0d7529d464d58a8b2110443450f9e05,5168
DROP_HERE/plaintext_release/project/chunks/chunk02/manifests/events_acquisition_provenance.json,handoff_copy,6d62c032821ddde57288bcdef39229cbeff7a5c511c0c4674495a97b00bf5160,1468
DROP_HERE/plaintext_release/project/chunks/chunk02/manifests/events_data_manifest.json,handoff_copy,671ce07ac78a016eaee14d97904bc23d369b08f66a27614d93b132177ecf9e6d,2675
DROP_HERE/plaintext_release/project/chunks/chunk02/manifests/gridmet_acquisition_provenance.json,handoff_copy,fae72aeecfaa914f46e19c4f57eb7103ce0e14e6cc3712e95d66bb3b3c045e1b,15079
DROP_HERE/plaintext_release/project/chunks/chunk02/manifests/gridmet_data_manifest.json,handoff_copy,a3d795e1c1a9bb3d7ea387d41eafc80f9ed071378c0f967420de77d2a698e0e6,3051
DROP_HERE/plaintext_release/project/chunks/chunk02/manifests/nwm_retro_acquisition_provenance.json,handoff_copy,fd720cfc6e07d139423fd2ca508312cb83c8486624f1e53bb5580e72a07468a5,15324
DROP_HERE/plaintext_release/project/chunks/chunk02/manifests/nwm_retro_data_manifest.json,handoff_copy,785747ce8219e2ce1d26ccaae1fe098ad3a7a876a082f4197681858c859412e4,1387
DROP_HERE/plaintext_release/project/chunks/chunk02/manifests/response_time_acquisition_provenance.json,handoff_copy,9ac5707995dea47eaeb6a80164aaaef5cd573054db52292a493748c1b1781faa,1259
DROP_HERE/plaintext_release/project/chunks/chunk02/manifests/response_time_data_manifest.json,handoff_copy,a582cdac2367fa0babb8647a1863c6696f434f74aa6e753d2fbba1f29c3574d3,1499
DROP_HERE/plaintext_release/project/chunks/chunk02/manifests/snodas_acquisition_provenance.json,handoff_copy,15abef1ee2982519f44273b5ecb2b69746fcf06bf1fa6327777cd12d451b688b,14893
DROP_HERE/plaintext_release/project/chunks/chunk02/manifests/snodas_data_manifest.json,handoff_copy,e7b10b63ecd94c8a31a928224e074492fd726a1f29eb3e43e0d4fae3d546b22b,1564
DROP_HERE/plaintext_release/project/chunks/chunk02/manifests/thresholds_acquisition_provenance.json,handoff_copy,2b205cde1a637a51b35a50bee7c77da26404fd7d82c8916c420a0bf5520b83a4,2108
DROP_HERE/plaintext_release/project/chunks/chunk02/manifests/thresholds_data_manifest.json,handoff_copy,dc57c7f3882cd462e709606bcdfa8ff9f4e71b680935908223310d8c95a78fbb,2367
DROP_HERE/plaintext_release/project/chunks/chunk02/manifests/usgs_acquisition_provenance.json,handoff_copy,33d17e20178218d7212324c632d11f6fb014b4e468a420ca81432981f58a3feb,26573
DROP_HERE/plaintext_release/project/chunks/chunk02/manifests/usgs_data_manifest.json,handoff_copy,6308572cd17150a599af7534038d8430b5fd88c72e2eb53fd02f416ae7895056,2077
DROP_HERE/plaintext_release/project/chunks/chunk02/reality_gate_report.md,handoff_copy,41854d43bcf10ecca73ba6642fb189a35d7cf3641817354f8a1bd9cea6cb7bf7,7466
DROP_HERE/plaintext_release/project/chunks/chunk02/reports/C02-01/contract_report.md,handoff_copy,b9eb01a77bf72d2c052ad450611cdcc0b4d22dd129ff2c53daa0a60d446c5904,5111
DROP_HERE/plaintext_release/project/chunks/chunk02/reports/C02-02/contract_report.md,handoff_copy,6cc454c9e0ff898cf42b96d501f478fe0af04f69cd382f1be639fb2c692a7c21,4600
DROP_HERE/plaintext_release/project/chunks/chunk02/reports/C02-03/contract_report.md,handoff_copy,75ebb5d14ff876df392749a06df8eda50882499845516ae18f6f205b5bbe18a4,4869
DROP_HERE/plaintext_release/project/chunks/chunk02/reports/C02-04/contract_report.md,handoff_copy,ad29cf1698485340620fd1b46f3a2db156af4325cdfe8ae188acdd6777cf4102,4915
DROP_HERE/plaintext_release/project/chunks/chunk02/reports/C02-05/contract_report.md,handoff_copy,c95268ec0e88ba3bb00dc4d6eb3961a8103127959bbbe8180a1249cd74b3728d,5167
DROP_HERE/plaintext_release/project/chunks/chunk02/reports/C02-06/contract_report.md,handoff_copy,2d497bdd8ef370e6300c53aad77612e0872b70e49b22ec48d8e90cdaa14e1996,5062
DROP_HERE/plaintext_release/project/chunks/chunk02/reports/C02-07/contract_report.md,handoff_copy,d1eb4295fad3de2ba61c313ee1926356f5f0cfc3d3e94b2f125025baa86bb0d3,5891
DROP_HERE/plaintext_release/project/chunks/chunk02/reports/C02-08/contract_report.md,handoff_copy,26fa3cf8089bd355127f193c2fa8c41c1e5f5e5e10049be398aadf938bdd9d61,5568
DROP_HERE/plaintext_release/project/chunks/chunk02/reports/C02-09/contract_report.md,handoff_copy,701d3b1adf6f8bf64d1db4fa4662690b75358f8db5a95bac78c3fee95f7cda80,6350
DROP_HERE/plaintext_release/project/chunks/chunk02/reports/C02-10/contract_report.md,handoff_copy,31560847f3c2c153ae3a81773d40125ab0dd4762e261592f3fb42bd2b7e94c13,5166
DROP_HERE/plaintext_release/project/chunks/chunk02/reports/C02-11/contract_report.md,handoff_copy,bc17792662ba63bb2af904971944ed467961c22a6376938cb71612783139407c,6156
DROP_HERE/plaintext_release/project/chunks/chunk02/reports/C02-12/contract_report.md,handoff_copy,f977b3a4783027046a55843ce645c3c60184529b4b883440a2f7284f54394728,5138
DROP_HERE/plaintext_release/project/chunks/chunk02/reports/C02-13/contract_report.md,handoff_copy,eb7c6823cdc19a35b35682bf615b65ced8e13a84b11d4e9c66371c5855160c12,6482
DROP_HERE/plaintext_release/project/chunks/chunk02/reports/C02-14/contract_report.md,handoff_copy,597c3f46449b03d6a53bce6ff518287712f6735bb51e60463d96f9b9c4cb68a1,5562
DROP_HERE/plaintext_release/project/chunks/chunk02/sample_adequacy_report.md,handoff_copy,95a5875d244b9cb45584c716a6c58c9b70ffa6cf915f62fabf937bdcacb55418,2514
DROP_HERE/plaintext_release/project/chunks/chunk02/stratification_report.md,handoff_copy,9b28307f5f60a86094505ca82a932d99a197fff9471786cd4f2bfe980d424720,5623
DROP_HERE/plaintext_release/project/chunks/chunk03/causal_ledger.json,handoff_copy,4eff1fcda5d5ca0900dd5684a706bb7bd721cfe7522c7dceaf184092b2a66539,1102943
DROP_HERE/plaintext_release/project/chunks/chunk03/chunk03.md,handoff_copy,f2e360c30bb1773c8a622a9f02ec14036bc5f4029ed7bd9a70b1b65704ee53eb,7250
DROP_HERE/plaintext_release/project/chunks/chunk03/chunk_report.md,handoff_copy,01498cc29aaac234a1a2d475990662f5265b1e957ec5bdc3929e5552d7784d18,10161
DROP_HERE/plaintext_release/project/chunks/chunk03/contracts/C03-01_contract.md,handoff_copy,abf89275e687b4ea56293f04eef67eb26bc3678ea06cfb3b1034f92f758f4fa9,586
DROP_HERE/plaintext_release/project/chunks/chunk03/contracts/C03-02_contract.md,handoff_copy,c977429dd5190ff883dad7e13d6b41a723f4c94eb35ce882eecc68ccf48a894c,4225
DROP_HERE/plaintext_release/project/chunks/chunk03/contracts/C03-03_contract.md,handoff_copy,44a89450985684f7fb478b1feb977f5d003c74c7c8439e3156ab8998ec1abbd7,2100
DROP_HERE/plaintext_release/project/chunks/chunk03/contracts/C03-04_contract.md,handoff_copy,ed2dbbc4b52fd99792eb517e260229abb3e0107cd372035c665966b416fe9416,2494
DROP_HERE/plaintext_release/project/chunks/chunk03/contracts/C03-05_contract.md,handoff_copy,88f19e9606530a3be5be0e171bce99c035e7a024d96a32bbd437d8be3966502c,2130
DROP_HERE/plaintext_release/project/chunks/chunk03/contracts/C03-06_contract.md,handoff_copy,caab1097b8f179fb995c9abb1720973131f9d90439c2ab226f16876265ce457c,3639
DROP_HERE/plaintext_release/project/chunks/chunk03/contracts/C03-07_contract.md,handoff_copy,362acc9ff914f9373beb70c96c940c00c2b6f5b8e4e3e0d22d0b3faad050bfbd,2895
DROP_HERE/plaintext_release/project/chunks/chunk03/contracts/C03-08_contract.md,handoff_copy,2880e6cbe0c955f7334562e8286e042457b1e712aceecf81dae35e40ccdfdeb4,3753
DROP_HERE/plaintext_release/project/chunks/chunk03/contracts/C03-09_contract.md,handoff_copy,3e6c7e073799cc40e28482bf86bccc41dfc5f840cc2df8f8ff397c146cdf2b6a,1182
DROP_HERE/plaintext_release/project/chunks/chunk03/contracts/C03-10_contract.md,handoff_copy,c88cf18677efd1f14e495d2bef7621c64976e1a57ea2c6d68f3ea9a2f7c648d5,2427
DROP_HERE/plaintext_release/project/chunks/chunk03/contracts/C03-11_contract.md,handoff_copy,593f01c7310c9fb2c025a269fed50350ce149bd1970bcbee2be3e1e9d85b51dd,1555
DROP_HERE/plaintext_release/project/chunks/chunk03/data/eligibility_split_summary.json,handoff_copy,039305c6fc8e34e3400d38a2933f8823fc08c9027f166f02b19974b9d0e73644,581
DROP_HERE/plaintext_release/project/chunks/chunk03/data/feature_matrix_summary.json,handoff_copy,ae7030da804e2c92a147d133da173003539015e68fe1b68bf2a896884d9420fc,1566
DROP_HERE/plaintext_release/project/chunks/chunk03/execution_manifest.yaml,handoff_copy,67727b8ff147636977c3b21933e00f0cd0191f32c110da007cedfe2678bbed2e,6230
DROP_HERE/plaintext_release/project/chunks/chunk03/manifests/causal_ledger_data_manifest.json,handoff_copy,bc3d3469b0b96e8735041c7bc7e75555353d25b40ed771ee90474eac0d564ade,1447
DROP_HERE/plaintext_release/project/chunks/chunk03/manifests/feature_matrix_data_manifest.json,handoff_copy,4899c3c8ad32cf1c0fcb1628e91d97b8a047e60d7c37653295ef5e42eb785d58,2852
DROP_HERE/plaintext_release/project/chunks/chunk03/manifests/normalization_data_manifest.json,handoff_copy,cb51bdd30f572dd6a44085012e3fbc9eacaeb289278f47476db237333fba294b,2669
DROP_HERE/plaintext_release/project/chunks/chunk03/manifests/vintage_ledger_data_manifest.json,handoff_copy,ae88ef8e7e04ef00fd9ea20c3ecfcdc5d7c92f5b48ed8110fe1844dacb35889a,1623
DROP_HERE/plaintext_release/project/chunks/chunk03/normalization_comparison_summary.json,handoff_copy,5b9ccee5d7c2cbb590556bc8c8b6d581a698a1b5deef1296f25518648b82870f,1964
DROP_HERE/plaintext_release/project/chunks/chunk03/normalization_params.json,handoff_copy,2c9b03f38f55a7b4d6fae8b6c00c163d48e2008468b2a7ad4fbe2e4237effe82,1190
DROP_HERE/plaintext_release/project/chunks/chunk03/normalization_params_full.json,handoff_copy,01b00f2cec9e182ac9276ef135eeb85ea98ad2a5a2601adde4e856c54a349261,1197
DROP_HERE/plaintext_release/project/chunks/chunk03/reality_gate_report.md,handoff_copy,47d24da5d0599212f1f16c38dab21e89cffc5ad9e32e40110242bf8715efc130,3525
DROP_HERE/plaintext_release/project/chunks/chunk03/reports/C03-01/contract_report.md,handoff_copy,5e9521b5171fa610d7f9f5c0508cc5f32f2e8bf46b2a9ae9306d3e1a1bde7089,2262
DROP_HERE/plaintext_release/project/chunks/chunk03/reports/C03-02/contract_report.md,handoff_copy,e943334e3f7c9f1e83471d35a0926840e6a52f5facb0f706b07347794ee3b4b5,7054
DROP_HERE/plaintext_release/project/chunks/chunk03/reports/C03-03/contract_report.md,handoff_copy,64835ac7a828674a2abcc0a03fd975e8456f1df6a9d9c3c84ae336a4673563cd,5794
DROP_HERE/plaintext_release/project/chunks/chunk03/reports/C03-04/contract_report.md,handoff_copy,df5dbec13382b8138db2169de87e416983110ef2efaa4b3ae399d4d1a670a62e,2930
DROP_HERE/plaintext_release/project/chunks/chunk03/reports/C03-05/contract_report.md,handoff_copy,df42f6cf89f3e23ee9da92070d492f3a126272d4f95345c258f2a43fbc20606a,4850
DROP_HERE/plaintext_release/project/chunks/chunk03/reports/C03-06/contract_report.md,handoff_copy,127987d721f0fad68c8bc850359c58822b85f067e20d8406a9b6a3c4f1e69580,7556
DROP_HERE/plaintext_release/project/chunks/chunk03/reports/C03-07/contract_report.md,handoff_copy,1ecaeec55400a5f160ee4feaf451b659a1403ab335d8279886c6cdfbfcf3adf3,5777
DROP_HERE/plaintext_release/project/chunks/chunk03/reports/C03-08/contract_report.md,handoff_copy,bd6da2a42cb150192a97276658c9bcebfdebf209be01fb559e976c0fdc815824,5098
DROP_HERE/plaintext_release/project/chunks/chunk03/reports/C03-09/contract_report.md,handoff_copy,eb662197be2fb235c4d278de0244090db4168c7ed33b79ff1e60cd7fb7b64b23,4157
DROP_HERE/plaintext_release/project/chunks/chunk03/reports/C03-10/contract_report.md,handoff_copy,5ce0f4d1bb53c68a7b807c564aa172aad26228ae9f18607efd5f07eb91ee5576,4265
DROP_HERE/plaintext_release/project/chunks/chunk03/reports/C03-11/contract_report.md,handoff_copy,b23b6d317f1ebaa9ecce15ac27520b8fad10a997c88e293b1e2eefc328d2a70e,5704
DROP_HERE/plaintext_release/project/chunks/chunk03/split_manifest.json,handoff_copy,5f36a9737e6e4d4e3f42225af80824daa29cca3f99e66550bafbb9437ae1f3fb,1591
DROP_HERE/plaintext_release/project/chunks/chunk03/vintage_ledger.json,handoff_copy,3447ee2dc366038c990b82de699eb1d3c90f8a509b8a81f186949f9b545d11b4,2045994
DROP_HERE/plaintext_release/project/chunks/chunk03/windowing/channel_schema.json,handoff_copy,acf80d0069f3e47940bf670bd7d2b65bdd0b1e0cc6169855338aa6c642551471,735
DROP_HERE/plaintext_release/project/chunks/chunk03/windowing/windowing_summary.json,handoff_copy,0bc757de7b618eeaa0580374f96baea90eaad0ec4a32ac4062c6e248483380a8,1022
DROP_HERE/plaintext_release/project/chunks/chunk04/chunk04.md,handoff_copy,37c94780fcd2f24757ca13bbe15da3aae84a9d033c38a5beaf298d597acbfc80,4559
DROP_HERE/plaintext_release/project/chunks/chunk04/chunk_report.md,handoff_copy,73dbe92ffa4ad6ad11fbe028231b19e52caae560f6618b2ff96a2a29d6506c8b,4592
DROP_HERE/plaintext_release/project/chunks/chunk04/contracts/C04-01_contract.md,handoff_copy,89c1dbd4e9d361f76475403a11d5bcff98cb8dbdbc3e66bd30d02ead3c5249ed,2034
DROP_HERE/plaintext_release/project/chunks/chunk04/contracts/C04-02_contract.md,handoff_copy,5090b128266f953726b40eceb8f9415452a8eddba91772881f226c2d88c69944,3440
DROP_HERE/plaintext_release/project/chunks/chunk04/contracts/C04-03_contract.md,handoff_copy,9b1eb3c6b77aba85e07766a966e064e7e928f27fa5df39e2b6089948d43df7fe,1912
DROP_HERE/plaintext_release/project/chunks/chunk04/contracts/C04-04_contract.md,handoff_copy,95912d3c59a7badc9ae6e6fcd3b71ca3a5a0d9d626698e94c2d850ffb861124b,1911
DROP_HERE/plaintext_release/project/chunks/chunk04/contracts/C04-05_contract.md,handoff_copy,ef42f4bcabc7c2a1b08c2550e75eb2246f9bd4dfd49ef2ace68dbb6c6c20cbd2,1857
DROP_HERE/plaintext_release/project/chunks/chunk04/contracts/C04-06_contract.md,handoff_copy,d72918ab0f23a986ed4e9bcc0066a3db29ab06b41f1e964a865d85d26f8173d4,1832
DROP_HERE/plaintext_release/project/chunks/chunk04/execution_manifest.yaml,handoff_copy,73afa030e40f5d5abe79b3a26b664b24d7e0f243e647ab01ce036ee4b141c1d4,3262
DROP_HERE/plaintext_release/project/chunks/chunk04/latent_space_verification.json,handoff_copy,5391d12f1fa3846d38be643a2f9ea760d5125e505a05d0e57f7530983d789ce8,420
DROP_HERE/plaintext_release/project/chunks/chunk04/pretraining_summary.json,handoff_copy,089349ca982e5ab860eb3e327e863480710021a47f20c496a3830d6f876b490e,1502
DROP_HERE/plaintext_release/project/chunks/chunk04/receptive_field_proof.json,handoff_copy,dace03f5990ac15e3bc79902754e05d53eadb0d49e533ab8f6f02bdf924fb781,2544
DROP_HERE/plaintext_release/project/chunks/chunk04/reports/C04-01/contract_report.md,handoff_copy,90aab46908c72bf639a074d3326de9af4fc5e2d9f6a3c132760a37e414047a5f,3197
DROP_HERE/plaintext_release/project/chunks/chunk04/reports/C04-02/contract_report.md,handoff_copy,8612941b01589099f64394f7af47839f0b93fca6258860bf17a1a6380757ecc8,7277
DROP_HERE/plaintext_release/project/chunks/chunk04/reports/C04-03/contract_report.md,handoff_copy,de7fcb3ff6a6152d8e9e9b83de7e06cef695eba6fc62f968da4aff4cb1ddc39a,3417
DROP_HERE/plaintext_release/project/chunks/chunk04/reports/C04-04/contract_report.md,handoff_copy,8c678fa882cb8c2754c614f8622ceaf9d9b6bf69e141897a94255b7b73a9ad69,3908
DROP_HERE/plaintext_release/project/chunks/chunk04/reports/C04-05/contract_report.md,handoff_copy,5b3ca361e8278758656a520d93bfe05fd9031cdd0e897e0af9e3e78eff55d2d2,4298
DROP_HERE/plaintext_release/project/chunks/chunk04/reports/C04-06/contract_report.md,handoff_copy,9986499619d2a00629bae3d341b251f4dd2c7b95554a8265daa344766588b2bd,3661
DROP_HERE/plaintext_release/project/chunks/chunk04/timing_pilot_report.json,handoff_copy,95541d98c1b93773ed355f5fe970c871f6444304a2f44c58fec4fec736d37889,483
DROP_HERE/plaintext_release/project/chunks/chunk05/calibration_isolation_report.json,handoff_copy,09bd143f54860b884fef3ee1759e9505d8ff0fecbc1173b154fcc5891a730b10,5520
DROP_HERE/plaintext_release/project/chunks/chunk05/calibration_params.json,handoff_copy,8b20f3aae8943fe34079384edece5849c62f621460fc6347beb6579004ea5dad,48664
DROP_HERE/plaintext_release/project/chunks/chunk05/chunk05.md,handoff_copy,ecb56efd41cd3ceafac832210f8020540e17b5ff56c9b3a41ef8e58ceab998bf,3939
DROP_HERE/plaintext_release/project/chunks/chunk05/chunk_report.md,handoff_copy,b1e649b5c3f0f87c7af63b90512747d0a16b128ff277a2e2a2d6ee963ca8e335,4130
DROP_HERE/plaintext_release/project/chunks/chunk05/contracts/C05-01_contract.md,handoff_copy,b9755edc5cbb9bf2b915c044e8a30fb26b0b1c80f954f54d0dfbec97b8f79712,2167
DROP_HERE/plaintext_release/project/chunks/chunk05/contracts/C05-02_contract.md,handoff_copy,9c06b02526da498e595b15d338599d63e7b8879917bbdcd5ff4b19081a7cadd3,2041
DROP_HERE/plaintext_release/project/chunks/chunk05/contracts/C05-03_contract.md,handoff_copy,572e430858c94df38c93689856e12a0f526aff70f9a73d11d0d020a55129622c,2092
DROP_HERE/plaintext_release/project/chunks/chunk05/contracts/C05-04_contract.md,handoff_copy,f29da8891c2326ff0d18223fdcfa29f0079a022778d3e87239b1f9fb29053856,1807
DROP_HERE/plaintext_release/project/chunks/chunk05/contracts/C05-05_contract.md,handoff_copy,daad8aeeb6bcefb143fb7f01078b3e75176435a01d2c9d379bff054195e41654,1977
DROP_HERE/plaintext_release/project/chunks/chunk05/execution_manifest.yaml,handoff_copy,73e7191638f0d803ca1eee4e60c1b1758438882ac5831cf58519edf67b07b0dc,2595
DROP_HERE/plaintext_release/project/chunks/chunk05/reports/C05-01/contract_report.md,handoff_copy,163acbc875263b84719ff0ab9cfcaa42fa7f4d2c32e3f512c6eb41d7b14f240c,3249
DROP_HERE/plaintext_release/project/chunks/chunk05/reports/C05-02/contract_report.md,handoff_copy,a001e5a1c1705426f7e1d81b4712918b08f651a270bf0b2dd15cfaf0103d518d,3742
DROP_HERE/plaintext_release/project/chunks/chunk05/reports/C05-03/contract_report.md,handoff_copy,a9345f156105dfe46fdae2d458ff2179a240e059a46a7608f4155778b39ee8af,3860
DROP_HERE/plaintext_release/project/chunks/chunk05/reports/C05-04/contract_report.md,handoff_copy,f92f8682019bc8976fb740a7170487b94d9c4526ffdb5ba95afe5e6b93a4d840,3601
DROP_HERE/plaintext_release/project/chunks/chunk05/reports/C05-05/contract_report.md,handoff_copy,88b3a939504100e5f1918c1eea21ebd6f06f8c1d87f637f4cde8d598247285cb,3566
DROP_HERE/plaintext_release/project/chunks/chunk06/baseline_verification_report.json,handoff_copy,2755aee3b53288ddabb2dae483aa34e39536ecbfc748168cf3c1207a8183b776,3655
DROP_HERE/plaintext_release/project/chunks/chunk06/chunk06.md,handoff_copy,5e2b46a35adbfa92190e8bfbfcdf70dac722368a653a433adb8caa485333b05d,5753
DROP_HERE/plaintext_release/project/chunks/chunk06/chunk_report.md,handoff_copy,17b66e5a9ead7830c5605b831d48f08f110a63a8de8dc564eadd0059fba270e7,7933
DROP_HERE/plaintext_release/project/chunks/chunk06/contracts/C06-01_contract.md,handoff_copy,2c8fad28c8cbf121146a6bfc21fe29897fd9530379e932d3d36d1e2af95c7d89,2038
DROP_HERE/plaintext_release/project/chunks/chunk06/contracts/C06-02_contract.md,handoff_copy,8cbf4af3f237174a7d79d4b7aed3c74dc0721cebfdd745a8b4a4f6159c6517ce,1967
DROP_HERE/plaintext_release/project/chunks/chunk06/contracts/C06-03_contract.md,handoff_copy,f0419eb735276a9a214d8675816aef9ac04379f0fba58cdc890e2e80ce868973,1802
DROP_HERE/plaintext_release/project/chunks/chunk06/contracts/C06-04_contract.md,handoff_copy,1fd82ab976cfa828993859db90ea69a70ea855373b856822462796d9bfe48d1e,2330
DROP_HERE/plaintext_release/project/chunks/chunk06/contracts/C06-05_contract.md,handoff_copy,245df79b37e8ed7c62c372de6c9b58c6a226c902c988491e32b0717a3cf0829d,1953
DROP_HERE/plaintext_release/project/chunks/chunk06/contracts/C06-06_contract.md,handoff_copy,eef9c4086cf3b3aa0c4c51d5cd2ef8d645f333ff30879af097acef09e11c2468,1938
DROP_HERE/plaintext_release/project/chunks/chunk06/contracts/C06-07_contract.md,handoff_copy,7a153ee9366b2f3179cb124bbf58a078c778886f2e50605e9d8ba9cfa535a428,2024
DROP_HERE/plaintext_release/project/chunks/chunk06/execution_manifest.yaml,handoff_copy,4ec1ded575bbc293c26444c51cc3c213024db459cd7324fb11b53676da38368c,3742
DROP_HERE/plaintext_release/project/chunks/chunk06/label_budget_summary.json,handoff_copy,2f9468af1f098bacb05e030519db7d9c247aa3b9fa958717a22df830d63d849e,5015
DROP_HERE/plaintext_release/project/chunks/chunk06/reports/C06-01/contract_report.md,handoff_copy,00e649e882f245712883517e9d38cecfe357e3eaf220acc5b5f9de150d831c6a,4471
DROP_HERE/plaintext_release/project/chunks/chunk06/reports/C06-02/contract_report.md,handoff_copy,6102faae05b703cc46336d5929d1cdf0db9ef6f7bc55df07dd6f4445abdfa330,4128
DROP_HERE/plaintext_release/project/chunks/chunk06/reports/C06-03/contract_report.md,handoff_copy,5ff2188364953f75831a518c93f4d43c9dc5f5062d67bd23c12ff2ccf45c7825,4399
DROP_HERE/plaintext_release/project/chunks/chunk06/reports/C06-04/contract_report.md,handoff_copy,f8cd3f5451c4abf9b51eb8d5455f3c4d0d4adab0b4595ea980d93e7f09fc0f3c,4562
DROP_HERE/plaintext_release/project/chunks/chunk06/reports/C06-05/contract_report.md,handoff_copy,6fa56a1b4fad0abd8a34775ab1c9744d212a5d99c192d4f535364f0cf4b9e6df,3487
DROP_HERE/plaintext_release/project/chunks/chunk06/reports/C06-06/contract_report.md,handoff_copy,dd05c92440cd307df95e24b512fda2c4bcf43e087fec086bb0adf6f319a929c0,4432
DROP_HERE/plaintext_release/project/chunks/chunk06/reports/C06-07/contract_report.md,handoff_copy,675bffe492f94a99a230eb3c81fab4afce4f923b2cd0c659f2ce0268ef0ec40d,4978
DROP_HERE/plaintext_release/project/chunks/chunk06/threshold_registry.json,handoff_copy,52b6755c4af637877096531a986124b2c42b5b751de3bc308a3e85880959f872,7189
DROP_HERE/plaintext_release/project/chunks/chunk07/chunk07.md,handoff_copy,44333b22cd30a51add0d42dc9bb5e198489e6afa6f434d01472a25fe4a5a2e51,5554
DROP_HERE/plaintext_release/project/chunks/chunk07/chunk_report.md,handoff_copy,455a727f73bcd7bd038774537477744a8e3bc30b5e6024f4c3db7cbbb3ecb1e6,5211
DROP_HERE/plaintext_release/project/chunks/chunk07/contracts/C07-01_contract.md,handoff_copy,241836984b1be0b714a74fa71d6aea373fc7a48a617a39f75a73d770c359f0e0,2118
DROP_HERE/plaintext_release/project/chunks/chunk07/contracts/C07-02_contract.md,handoff_copy,47932cc358584b622d057c306a5ce9d13c3eb8eaeca33a9fa2ed656009ac51f5,3342
DROP_HERE/plaintext_release/project/chunks/chunk07/contracts/C07-03_contract.md,handoff_copy,abda40e6a0fdf11c7504b338c520ca58189aad9cb2e668f9d439609b5bda7849,2457
DROP_HERE/plaintext_release/project/chunks/chunk07/contracts/C07-04_contract.md,handoff_copy,de0720fe0bc69643dfad6809acdfe1211a3f5f69bc98846d733e9d6313db755b,2558
DROP_HERE/plaintext_release/project/chunks/chunk07/contracts/C07-05_contract.md,handoff_copy,076b4821c20b65b185efe39eb83113cf1b64ec188e6f335946ad77bf2800ce3c,1964
DROP_HERE/plaintext_release/project/chunks/chunk07/contracts/C07-06_contract.md,handoff_copy,afb40d11e0ff1ebd1e8129f442a0e7a24d344c08a849f800adbcfe2479f65487,1754
DROP_HERE/plaintext_release/project/chunks/chunk07/data/discrimination_results.json,handoff_copy,80f0bf1dc3238ee70a3ab9dd724d863adb04aa7739172000bd06d8f3ac84e5e5,26076
DROP_HERE/plaintext_release/project/chunks/chunk07/data/lead_time_survival_results.json,handoff_copy,9abcf53ef0d47a5c3bd0c2ed82e927fd2e69b71af453c28856215ef5bb6763f1,21292
DROP_HERE/plaintext_release/project/chunks/chunk07/evaluation_matrix_summary.json,handoff_copy,101d721f3726ad1d33314cfa0c284da4c8c7921cb4d2d09d4f6dd3fb1b8c663e,667
DROP_HERE/plaintext_release/project/chunks/chunk07/execution_manifest.yaml,handoff_copy,0414119b40cff9ae72a3e4a3f3eba8382bb43df3e90fc2be81c798dcbda9b1e3,3573
DROP_HERE/plaintext_release/project/chunks/chunk07/metric_dispatch_proof.json,handoff_copy,53921bb95d5da96547dee44a86e1f597f92ce654368b032c02076f366d173771,2303
DROP_HERE/plaintext_release/project/chunks/chunk07/reality_gate_report.json,handoff_copy,a04fc092c9d0c191d0f290d0de6be54fabe3ae12e4cc17d34514723b19a1de11,1796
DROP_HERE/plaintext_release/project/chunks/chunk07/reports/C07-01/contract_report.md,handoff_copy,ea6e634f64c69bc837e0c6d2f9052652403ce0b8208d44069e8239beb0b84187,3855
DROP_HERE/plaintext_release/project/chunks/chunk07/reports/C07-02/contract_report.md,handoff_copy,37835ca3cad468c347cea9f778591a0151b80dba02771c08e848e9fea2594591,8037
DROP_HERE/plaintext_release/project/chunks/chunk07/reports/C07-03/contract_report.md,handoff_copy,4b48da3167e1290af20b47c77a21d598f8257d1b3e15b15e98463fd85444e53b,5953
DROP_HERE/plaintext_release/project/chunks/chunk07/reports/C07-04/contract_report.md,handoff_copy,f26fa63719a1e5e9994ff6c6d1aad767308572b153368747e8d3062d277e7e03,7838
DROP_HERE/plaintext_release/project/chunks/chunk07/reports/C07-05/contract_report.md,handoff_copy,f033fc5f9ca6a81217ea56fdd1a5c166f692c29711fc285c1efe866c948d661b,4026
DROP_HERE/plaintext_release/project/chunks/chunk07/reports/C07-06/contract_report.md,handoff_copy,704df21b87aa4ee60339e26260aa037335a89d4275bcaa2ad38ab9e49ff680d1,4477
DROP_HERE/plaintext_release/project/chunks/chunk07/sample_adequacy_final_report.json,handoff_copy,c8020ba20c895e3e6d5f76ff978f76450c7d0385332aec55a2b2d5f9f4e29046,7644
DROP_HERE/plaintext_release/project/chunks/chunk07/statistical_evaluation_master_report.md,handoff_copy,07872332f82bce8c02ae9b84c500f3f2d3e2edddfe901f3cf992c8e857cadc75,4992
DROP_HERE/plaintext_release/project/chunks/chunk08/ablation_master_report.md,handoff_copy,28c693666f28d742563f0fe642cec66853fafed3cd61f59b771dbb9d64e73df3,8935
DROP_HERE/plaintext_release/project/chunks/chunk08/architecture_ablation_summary.json,handoff_copy,3c70c0b02d65ec4464e31b3b5202f56d3a4691e233342bf616e56280697673f5,1877
DROP_HERE/plaintext_release/project/chunks/chunk08/causal_masking_summary.json,handoff_copy,8dd6329884ae13bb08eb4afbc6e21d4e91ffc4e6be7c93cf722abbc564de36fb,1593
DROP_HERE/plaintext_release/project/chunks/chunk08/chunk08.md,handoff_copy,a22156617be05855c87e1ce8e50f1eecce51226185f53c54d54faebb0136f250,5058
DROP_HERE/plaintext_release/project/chunks/chunk08/chunk_report.md,handoff_copy,1e49a30a038daa5ca573b1f384803b06ee5bb15c72e3393b0bc24135592d4bcc,5010
DROP_HERE/plaintext_release/project/chunks/chunk08/contracts/C08-01_contract.md,handoff_copy,dd14f6f7cbd4fe3f16416fcb601aadc8e2376cebad72c74368afd1d22ddce3a9,2049
DROP_HERE/plaintext_release/project/chunks/chunk08/contracts/C08-02_contract.md,handoff_copy,ac0786742d56fe01ebfcc6b2e0e3d1a17947d4b190990bb0294a1f79f0da5001,1841
DROP_HERE/plaintext_release/project/chunks/chunk08/contracts/C08-03_contract.md,handoff_copy,0a9335064f57ca0fc2c2c45bd61810c64cea8e1fe40c9098daeb41aec7f246b7,2149
DROP_HERE/plaintext_release/project/chunks/chunk08/contracts/C08-04_contract.md,handoff_copy,4209b77a5c921a37420fa1c046b7ea0799db293447c86b50cdda8cd5910bbea2,2149
DROP_HERE/plaintext_release/project/chunks/chunk08/contracts/C08-05_contract.md,handoff_copy,e85eff28d9cb8660b49ee572df8dc32cd813bdc135a676fea61d799b63c67a4d,2664
DROP_HERE/plaintext_release/project/chunks/chunk08/contracts/C08-06_contract.md,handoff_copy,65014acc3159694c1efc75ae3a531efdbe86c728e56db0f647bfe501831e0779,1659
DROP_HERE/plaintext_release/project/chunks/chunk08/execution_manifest.yaml,handoff_copy,dde5b75046ea9fd5010d6caaf281b2a834bc87af58857f5c0f998a3eb1d07362,3166
DROP_HERE/plaintext_release/project/chunks/chunk08/hyperparameter_sensitivity_summary.json,handoff_copy,244de9a1889d7a6754022d83e7629638fc882d0e5f6a40a1373baac40721d9b0,6964
DROP_HERE/plaintext_release/project/chunks/chunk08/reality_gate_report.json,handoff_copy,38a385eb4bd7547eca4184f175f159738b29780537b7e2dc7d39217b2ed16fd5,2282
DROP_HERE/plaintext_release/project/chunks/chunk08/reports/C08-01/contract_report.md,handoff_copy,c5b857ed8bcb3f0f77e9965e0afe435ceccce1aa7284f75a2dba735d228799bb,5037
DROP_HERE/plaintext_release/project/chunks/chunk08/reports/C08-02/contract_report.md,handoff_copy,930cd12854fe0e18af5208a352d56d975ce320bbcc130381877aad5c88e030f3,4311
DROP_HERE/plaintext_release/project/chunks/chunk08/reports/C08-03/contract_report.md,handoff_copy,da56d1e41d297c52f1576709db34bc41d2c48c714a110b6ff4ef039c0405d286,3869
DROP_HERE/plaintext_release/project/chunks/chunk08/reports/C08-04/contract_report.md,handoff_copy,c12d86a56e1f83e4258236dea2a17bd8c61ccb4a6a3b2935b1f1576097ed2534,4479
DROP_HERE/plaintext_release/project/chunks/chunk08/reports/C08-05/contract_report.md,handoff_copy,07ae0aafd101fec9bc1adcaa8630d8048f0f14906ccae96812ef3a557d2b8e29,3398
DROP_HERE/plaintext_release/project/chunks/chunk08/reports/C08-06/contract_report.md,handoff_copy,2c20d49aec25bc7577abe7d4ff3b49c350ba6ca7ecf3b29daefe4715eced447b,3328
DROP_HERE/plaintext_release/project/chunks/chunk08/sensor_ablation_summary.json,handoff_copy,bc68148abb8553602e3e9edfb27914280b9d9fd533ae61678ef0ecd0c3a5a3b2,2107
DROP_HERE/plaintext_release/project/chunks/chunk08/title_claim_audit_report.md,handoff_copy,773455148a9f974e7bb2ab7b2c73e85408aee536eb8cd3eb50cb396984d6c6c7,8197
DROP_HERE/plaintext_release/project/chunks/chunk08/title_claim_verdicts.json,handoff_copy,3b86fd9d3d4efc6dd564bf598c2673bac5221b68afaffaff13ccd9905b30b2e5,6654
DROP_HERE/plaintext_release/project/chunks/chunk09/ai_disclosure.md,handoff_copy,be4c22c773c6a135346baf2e02811c3ea0d70eda839f36eeff02f1dff394615f,7988
DROP_HERE/plaintext_release/project/chunks/chunk09/chunk09.md,handoff_copy,206a6a9cedf8c0d3859779084a7d7ce169e12016ff5760bc59e715b84a024584,4604
DROP_HERE/plaintext_release/project/chunks/chunk09/chunk_report.md,handoff_copy,63e8a9a4a148e7402c53af6dabead0d95fed49cc97c145cfd1bb69f594478a65,5161
DROP_HERE/plaintext_release/project/chunks/chunk09/contracts/C09-01_contract.md,handoff_copy,4963867734dc79a42b7a14b037e2db2f60792541315bc75ed84c495ac871cdbb,2051
DROP_HERE/plaintext_release/project/chunks/chunk09/contracts/C09-02_contract.md,handoff_copy,32f5d048db00be90110a3413806a7b314f53ef8b32f4e459d9e51827980743a7,1787
DROP_HERE/plaintext_release/project/chunks/chunk09/contracts/C09-03_contract.md,handoff_copy,1da3509629e5c28f3b5e129cb058e6606c64dbd592abb31cc0cddfd44702bd01,1619
DROP_HERE/plaintext_release/project/chunks/chunk09/contracts/C09-04_contract.md,handoff_copy,d484ff396f810cc1a0b061c7e404978fd419b51884c77fc07e8d53fd0e56da6e,1923
DROP_HERE/plaintext_release/project/chunks/chunk09/contracts/C09-05_contract.md,handoff_copy,92e6df4f8c806999fcd49f4fb7f6213e41fa7499c7ad1e473232f8a551433ad0,1413
DROP_HERE/plaintext_release/project/chunks/chunk09/contracts/C09-06_contract.md,handoff_copy,561e975c81d7531800d37f6f693ada62d729b438bd664969fdf3778458a28036,3015
DROP_HERE/plaintext_release/project/chunks/chunk09/dataport_manifest.json,handoff_copy,a817b33e734121bf3102384d8dc3be40d77d404eddaed6b39cfe30d4123e309c,10519
DROP_HERE/plaintext_release/project/chunks/chunk09/execution_manifest.yaml,handoff_copy,6a1feb7b344d510cbf15bb476f90eb4d7f7de159ed70df6c6605203fd2c77666,3064
DROP_HERE/plaintext_release/project/chunks/chunk09/final_synthesis_report.md,handoff_copy,914c896f277c8a91495667af69d7270384bc4728319fa601fec5058b1e1d42cb,8387
DROP_HERE/plaintext_release/project/chunks/chunk09/ieee_dataport_deposit.md,handoff_copy,91f9c9b832f3bb9c46c7eb1fc493c25e3d74375fafeed735271353e24a4eb530,7369
DROP_HERE/plaintext_release/project/chunks/chunk09/manuscript_draft.md,handoff_copy,58b975ab3b995fb4183b5376ab713b2371a8fd88cbf0b6dcf051b5e34b5e5be1,32286
DROP_HERE/plaintext_release/project/chunks/chunk09/release_check_report.json,handoff_copy,5cd11079d686f8a9638e7288ee50d8d0659367e475137b824102cce15a4b7ba9,743
DROP_HERE/plaintext_release/project/chunks/chunk09/replication_manifest.json,handoff_copy,f9186fe16c6e7b99d99af5daf175fa7dd9576460e6a08831da78a20cb24c6aa7,5942
DROP_HERE/plaintext_release/project/chunks/chunk09/reports/C09-01/contract_report.md,handoff_copy,cd798c86c5006ef9ded1ccbcdfd4c7008a3e97ee8a973c97cb918b0d94b90318,4772
DROP_HERE/plaintext_release/project/chunks/chunk09/reports/C09-02/contract_report.md,handoff_copy,ca7ad4aef7d29c14d756522c8d8d322bd8dae8dbdb1ce7a24081515f064c3024,3138
DROP_HERE/plaintext_release/project/chunks/chunk09/reports/C09-03/contract_report.md,handoff_copy,74d260b22a438e27da99671b2de008d88096fb6bbe96e1a98eb3cce60336acf3,3369
DROP_HERE/plaintext_release/project/chunks/chunk09/reports/C09-04/contract_report.md,handoff_copy,83f219ef020f2662967a00691a712860931e62929f5f02fa604f176218040d3e,3373
DROP_HERE/plaintext_release/project/chunks/chunk09/reports/C09-05/contract_report.md,handoff_copy,1aa65ad7228ddb2b484e10dcb0ffb3b3d08df98ac1d2d1dc4e3c70e55c2c54fc,3731
DROP_HERE/plaintext_release/project/chunks/chunk09/reports/C09-06/contract_report.md,handoff_copy,809077ed861c76f8123dec8c0beb6c246a748459c1ce56e7e66fc7e0137cc099,5113
DROP_HERE/plaintext_release/project/chunks/chunk09/synthesis_verification_report.json,handoff_copy,a683c35b51a170e90008ca5d11a6f018ba4f09173a1665771e2597c4f079a8ce,1232
DROP_HERE/plaintext_release/project/chunks/chunk10/FINAL_FREEZE.md,handoff_copy,2c36d5374c28cd148cf5f81f78333490489e5a6ded08dbfffeb9e5b9951b46dc,6801
DROP_HERE/plaintext_release/project/chunks/chunk10/baseline_parity_audit.md,handoff_copy,98a0d65618f8de8d017bdd60dcdd24b203c7725e1eb54fcc611450be07218455,6468
DROP_HERE/plaintext_release/project/chunks/chunk10/chunk10.md,handoff_copy,bf02e73dc70f47f71897de3c9993fd64f4ebbe110d2d4b3387372050a9e64d22,10755
DROP_HERE/plaintext_release/project/chunks/chunk10/chunk_report.md,handoff_copy,f6967c0163a80334f1a80f5a6f191e3d2901ba762c228ba1097fc23eba7e6085,9293
DROP_HERE/plaintext_release/project/chunks/chunk10/clean_room_rerun_report.md,handoff_copy,99ddcbcad68103c1c35759162b102790eb7e5c82662cf0ce2b1c507c8a7fa0c1,5508
DROP_HERE/plaintext_release/project/chunks/chunk10/contracts/C10-00_contract.md,handoff_copy,8466d15a97eb5cf4f87cabd9aa92d0e7231fbd1e6ecd93a19851101ee1fb8292,8566
DROP_HERE/plaintext_release/project/chunks/chunk10/contracts/C10-01A_contract.md,handoff_copy,2519669010ffe41c348cc5f79c6f2c8de0c6a6abd184ff4d0d51746ba8d1a86c,4633
DROP_HERE/plaintext_release/project/chunks/chunk10/contracts/C10-01B_contract.md,handoff_copy,c616703550054fb31bc3e0be6a135c1d73f57237968209de3478ce6a9ff07724,4415
DROP_HERE/plaintext_release/project/chunks/chunk10/contracts/C10-01_contract.md,handoff_copy,947a3d4b9c0117839af6f43713f2340c10b9a11c4c007bc583de5a9d7bba7956,6955
DROP_HERE/plaintext_release/project/chunks/chunk10/contracts/C10-02_contract.md,handoff_copy,08ac9a419e961412b1c036011b2b9f0609e14581847683c8fc6e03c50c3ab636,4679
DROP_HERE/plaintext_release/project/chunks/chunk10/contracts/C10-03_contract.md,handoff_copy,2d939a0bc6e873715e5c23530933643395d2ee4ad857c56de16e6667b7311d88,3759
DROP_HERE/plaintext_release/project/chunks/chunk10/contracts/C10-04_contract.md,handoff_copy,b0d6730679c18183fd191f2b47b884cbdd921344ab8827e4b75457c424b3bf7a,4213
DROP_HERE/plaintext_release/project/chunks/chunk10/contracts/C10-05_contract.md,handoff_copy,2eacf5247c7b1197fad8997f24fb11cdedf6588b7736aae67e973394f79795a6,3470
DROP_HERE/plaintext_release/project/chunks/chunk10/contracts/C10-06_contract.md,handoff_copy,75b499415d53fa4bd0652a55f46c13db555411bf0a332a217756514112b26bca,1849
DROP_HERE/plaintext_release/project/chunks/chunk10/contracts/C10-07_contract.md,handoff_copy,c8f26360959b479036609604f20134df0f78352aeb39bfc2bd97800aecf93592,2466
DROP_HERE/plaintext_release/project/chunks/chunk10/contracts/C10-08_contract.md,handoff_copy,f0f3b88ea9913c1b5d83b52dbf08c4d34db9214c1ad0ead005bce334471b2203,2695
DROP_HERE/plaintext_release/project/chunks/chunk10/contracts/C10-09_contract.md,handoff_copy,d246dccd43dd4ba7675f7f8c49e1c9390a60c89390b24c84390d7127e2058258,4059
DROP_HERE/plaintext_release/project/chunks/chunk10/contracts/C10-10_contract.md,handoff_copy,da38a16da0740e9885ee78424f28e202380911fc18947c0bd32d4ebc8922e8ea,2312
DROP_HERE/plaintext_release/project/chunks/chunk10/contracts/C10-11_contract.md,handoff_copy,edea934d7d44e58171ee17a1938b94f2deb7cd7f43d204aab8d6aae3ac97f8df,3923
DROP_HERE/plaintext_release/project/chunks/chunk10/contracts/C10-12_contract.md,handoff_copy,f8750d8823eb6b088551cffddb070445d2c8df08d1d8bc3b227389d251808a5e,1802
DROP_HERE/plaintext_release/project/chunks/chunk10/contracts/C10-13_contract.md,handoff_copy,5965345cf83a25a18fddafe48ad85ff5981915b1c62f571308f267fbd36d589d,2875
DROP_HERE/plaintext_release/project/chunks/chunk10/contracts/C10-14_contract.md,handoff_copy,ab94440bf8d61843825f377073d39b6b74f95edd7b93bff47cb8bb6003f50eee,2064
DROP_HERE/plaintext_release/project/chunks/chunk10/contracts/C10-15_contract.md,handoff_copy,542858a95dc4ba44e77dc1fa5683b85701669bd77413590d2efb369032ee8c95,3014
DROP_HERE/plaintext_release/project/chunks/chunk10/contracts/C10-16_contract.md,handoff_copy,7bb6a044d13240b7fb69b096c0a387c42cee1ca8dd11809cc98b01ebf287057d,4822
DROP_HERE/plaintext_release/project/chunks/chunk10/contracts/C10-17_contract.md,handoff_copy,282c4339cb852ccf87d2288c0f0dcb3cd7eefbbb3ccda047ecf9897064d58e09,3200
DROP_HERE/plaintext_release/project/chunks/chunk10/contracts/C10-18_contract.md,handoff_copy,edfb5f70c07e3cb59231ab51f9eb8c7de5180d1e191ce3a333c67e2350d04411,4840
DROP_HERE/plaintext_release/project/chunks/chunk10/data_license_manifest.json,handoff_copy,cf9bbeb44a512c2cc4b0dd6f86a1cdf13fbcb7fa28785b86c9003b4628914abd,4514
DROP_HERE/plaintext_release/project/chunks/chunk10/effective_sample_audit.json,handoff_copy,735a392428563d51f6f43c5fde84810e38cddbf5bf99c2f1f49e572d943e5aa3,2490
DROP_HERE/plaintext_release/project/chunks/chunk10/execution_manifest.yaml,handoff_copy,89ac54557fee6e1987ff629bf43c374dfd7b5e702ff1d32f2ea53092f7810fe4,12678
DROP_HERE/plaintext_release/project/chunks/chunk10/falsification_audit.md,handoff_copy,e1a56928029579976d9d1aa339300c858a0bc003d11f67305fd127c2bb679c95,7582
DROP_HERE/plaintext_release/project/chunks/chunk10/figures/ablation_bars.svg,handoff_copy,26053962668475352f7c2794859367d54ce47a4224839c099f34fa65a45e5893,105563
DROP_HERE/plaintext_release/project/chunks/chunk10/figures/architecture_diagram.svg,handoff_copy,6ef8686b6782a36f940298a2bee8b4b942809d8bc7097fb26b0fe700b8885d12,120700
DROP_HERE/plaintext_release/project/chunks/chunk10/figures/basin_map.svg,handoff_copy,638c5546e01f8367065dda61edc9fb55d354c6c338c707dcdabab62648551762,58853
DROP_HERE/plaintext_release/project/chunks/chunk10/figures/km_survival_curves.svg,handoff_copy,eda5ea3023aeea4f56c6dea50d24984352a905211c2a8e3fd5c37272e33caf95,75391
DROP_HERE/plaintext_release/project/chunks/chunk10/figures/label_budget_curve.svg,handoff_copy,84833a2fad5118ec083b57d7f584183e3be62255ed3d27b323655a9061eb4e95,77606
DROP_HERE/plaintext_release/project/chunks/chunk10/figures/per_basin_auc_distribution.svg,handoff_copy,d42f03ac4da2a73b34109d19a5a2cda17ceab8530425b3c72812d5402a9ea8b0,76407
DROP_HERE/plaintext_release/project/chunks/chunk10/figures/roc_curves.svg,handoff_copy,7dddb7366570b611d488c1a77c7491858021b664a903d98f5d1a26127d9c01d8,85633
DROP_HERE/plaintext_release/project/chunks/chunk10/final_results_manifest.json,handoff_copy,c01bdc1d3d94846f773122bff06b61a30e7fc5b8d2eebda14197c395c69db64a,2054
DROP_HERE/plaintext_release/project/chunks/chunk10/h2_cohort_accounting.md,handoff_copy,89d055c5d3d4d9d61c06280fa6d57164b11954d3aa4ab6b4680bea60a443d653,5731
DROP_HERE/plaintext_release/project/chunks/chunk10/methodology_adversarial_review_final.md,handoff_copy,ae120df3068d05437e7d1982c7841b58496c270f3aa55e37965428b030420111,14827
DROP_HERE/plaintext_release/project/chunks/chunk10/reconciliation_report.md,handoff_copy,aa2841ead32348b1647cd3acb9d7b60bf26dbad1ffe680be31a140ed3ce916e7,12682
DROP_HERE/plaintext_release/project/chunks/chunk10/related_work_citation_log.md,handoff_copy,6de23d8cd8ea48e35aeb2482bf24953af67838b5a3614123df5284613b2eb08c,5571
DROP_HERE/plaintext_release/project/chunks/chunk10/reports/C10-00/contract_report.md,handoff_copy,9bf5979b5277e18b5a4bceac9eed60d756152af2d9cee1b6a778343c3cbedcb5,5218
DROP_HERE/plaintext_release/project/chunks/chunk10/reports/C10-01/contract_report.md,handoff_copy,bc9ca834129c153e82ece5b5b7483e7720811ebdddde60c32baa6700c104d8e6,4583
DROP_HERE/plaintext_release/project/chunks/chunk10/reports/C10-01A/contract_report.md,handoff_copy,861d40c2d37650f36ad7b536d0803e6cc7738eb28323233695a5f8011ce5a957,4472
DROP_HERE/plaintext_release/project/chunks/chunk10/reports/C10-01B/contract_report.md,handoff_copy,61ba1d91f248bda07dfa747fb0947e61702800323c70feaf70a1f38283bb668c,4192
DROP_HERE/plaintext_release/project/chunks/chunk10/reports/C10-02/contract_report.md,handoff_copy,65a9722b0f397824fc1d5045a7ed8d71986b7dc3fa26f1c345af60a1eac44d16,5012
DROP_HERE/plaintext_release/project/chunks/chunk10/reports/C10-03/contract_report.md,handoff_copy,7d931d5404786f72da3c11e3f37e009cc6baf03ae923185b16954c1d1ca4726a,4258
DROP_HERE/plaintext_release/project/chunks/chunk10/reports/C10-04/contract_report.md,handoff_copy,f73f916fa89c1f10d767d436fd97c6900bdee5e49899a5ff4b15351caf1341da,4603
DROP_HERE/plaintext_release/project/chunks/chunk10/reports/C10-05/contract_report.md,handoff_copy,3fdd7b1295c1c5acba8f366f5f7f70b334b77019a4adde5086c6f8d4f9047837,4263
DROP_HERE/plaintext_release/project/chunks/chunk10/reports/C10-06/contract_report.md,handoff_copy,e52ef55e06ec0c98a07a94532415aa20c8765a1b1bade336bfd4bf13c85b4316,3087
DROP_HERE/plaintext_release/project/chunks/chunk10/reports/C10-07/contract_report.md,handoff_copy,749a3a5691491166d90a16e68c5ebde40072f2ddb8da06dab31f11026c49f81c,4078
DROP_HERE/plaintext_release/project/chunks/chunk10/reports/C10-08/contract_report.md,handoff_copy,1109d9b1fa6f0e45a16b0e091fe960f3dd384fd61cddd0c301a444bba043c83a,3899
DROP_HERE/plaintext_release/project/chunks/chunk10/reports/C10-09/contract_report.md,handoff_copy,e80450fecc4edbab73e5bd0d09960c2aade43f043e8c8957877c77bf79d09927,3823
DROP_HERE/plaintext_release/project/chunks/chunk10/reports/C10-10/contract_report.md,handoff_copy,83302469f381e790345f3328efbe75af6df23eea20c8ae79aa9fba7680ccafde,4906
DROP_HERE/plaintext_release/project/chunks/chunk10/reports/C10-11/contract_report.md,handoff_copy,3844b2da692a1e160a38800337fcc31d54c0a96fc653d12322ebf3336509e468,6194
DROP_HERE/plaintext_release/project/chunks/chunk10/reports/C10-12/contract_report.md,handoff_copy,36a13dbd066f5b2981a00ad578ae0fbe988346f396843321d52e26a3ca3e485c,3176
DROP_HERE/plaintext_release/project/chunks/chunk10/reports/C10-13/contract_report.md,handoff_copy,7586bb0247ed209aad760dcaad94289ddcebb8c9781753e218ce7a4a2f91fb5f,3506
DROP_HERE/plaintext_release/project/chunks/chunk10/reports/C10-14/contract_report.md,handoff_copy,64f342e5a990d3da66b27382f959cdf5bde5025dd3d9b91c64e0438a89279edb,3345
DROP_HERE/plaintext_release/project/chunks/chunk10/reports/C10-15/contract_report.md,handoff_copy,ac405ac0e8890e7276f1f84ed90d3166ba122b681a385e52e2ac51cb7452f5a4,3390
DROP_HERE/plaintext_release/project/chunks/chunk10/reports/C10-16/contract_report.md,handoff_copy,56e12c9c950c0a1d8585c1be616d71e7beff1ee496afeccf00ff7d5621eee4a7,5285
DROP_HERE/plaintext_release/project/chunks/chunk10/reports/C10-17/contract_report.md,handoff_copy,efa342391c0f7d9ecbdde9f56bfb8ab42c24e9adf9f6bb94e1d0a5a6239d8e12,3804
DROP_HERE/plaintext_release/project/chunks/chunk10/reports/C10-18/contract_report.md,handoff_copy,a9e34cb8ec67de9c9e5a7fe66572c7cff3c414b353edba201f3970ddbe682269,4050
DROP_HERE/plaintext_release/project/chunks/chunk10/submission_package/authorship_and_declarations.md,handoff_copy,d32cb3d77ebd96d413d7f4a2367f49e2f9e09507c3e0859107cca53561571380,3359
DROP_HERE/plaintext_release/project/chunks/chunk10/submission_package/cover_letter.md,handoff_copy,cda12a896617bec8de746a91b261252bfc59b4e41bc8daaf636d600ec9048d7a,4387
DROP_HERE/plaintext_release/project/chunks/chunk10/submission_package/data_availability_statement.md,handoff_copy,1b86946e607d4bc4ba6a044d2a6d3f87a933ca002be4abac0590a256a9e054d4,3000
DROP_HERE/plaintext_release/project/chunks/chunk10/submission_package/highlights_and_significance.md,handoff_copy,111a288995b44284e057106f665e23b24c42da9b4e217274c03c3c2bbceaa9aa,2833
DROP_HERE/plaintext_release/project/chunks/chunk10/submission_package/submission_checklist.md,handoff_copy,9f9ffc7a680b2ae3aec2b558abb8c27e738de502bc7f7abd2807b7e4e57940a7,2429
DROP_HERE/plaintext_release/project/chunks/chunk10/submission_safe_scrub_report.md,handoff_copy,dc40e5fe7603c1664503b432fa8b6c8b7994c2835a28d0f4094ef67f5d0dcc35,3899
DROP_HERE/plaintext_release/project/chunks/chunk10/tabular_schema_audit_report.json,handoff_copy,88199b436cca16244fddc9e077e0cf632f637a7fe83e6c95320430c615e5ecea,152308
DROP_HERE/plaintext_release/project/chunks/chunk10/tabular_schema_audit_report.md,handoff_copy,ce218982998ae6969d0116bed4ce9dadbbcc7ed94248249f6cafeb64884a5740,9772
DROP_HERE/plaintext_release/project/chunks/chunk10/venue_compliance_matrix.md,handoff_copy,9a6dcb40028f90301f1fdd9e02af454166e02c239e80b021b3e14e26aa8425a7,3470
DROP_HERE/plaintext_release/project/chunks/chunk10/venue_decision_rationale.md,handoff_copy,7479dd331c0fb3670442196ad79fdb13b8a58311aa5af7c8d14cc4fb52737643,2820
DROP_HERE/plaintext_release/project/evolution/decision_log.md,handoff_copy,978ecb174cd9efc109fadf93f91eb4eeb508d7cfa3598f6b522348da1188ce60,46012
DROP_HERE/plaintext_release/project/factory_info.json,handoff_copy,4c5745e680b14676dc52d5abdafd950d8388127d1058132209e06e00f2c32b6e,290
DROP_HERE/plaintext_release/project/factory_info.md,handoff_copy,e83024c4d32e54b34b020cdaea842fbd90928d0362bbc8ce0fa2c064e2a991e5,273
DROP_HERE/plaintext_release/project/invariants.md,handoff_copy,d7f8782b984fa3ada98be5d280e85d925940c057310d8d5b4b6cee1596b87cc1,60631
DROP_HERE/plaintext_release/project/key_facts.md,handoff_copy,dde3453af3d8d4005bca0645f0842206330c6e2f82d63d562f118ef16b0691a7,25661
DROP_HERE/plaintext_release/project/methodology_adversarial_review.md,handoff_copy,6bb55457a0b3cb6b722d46642e30a19c67e3db62bc20f31e254f03125027b009,18073
DROP_HERE/plaintext_release/project/project_description.md,handoff_copy,d1a09297de95e27296de207a78c6a20ae398014cfb2052d0e43741f7247cc437,58689
DROP_HERE/plaintext_release/project/project_knowledge.md,handoff_copy,97f8a744f26a22b4d946e893698c010af2aefacffa42c6fc0e25fe8c58454286,87223
DROP_HERE/plaintext_release/project/roadmap.md,handoff_copy,91e5e884771e1da287ca6879bd8ac8a94cab40eed0a972b519a91232c9e1abc7,40821
DROP_HERE/plaintext_release/project/venue_requirements.md,handoff_copy,d74d5bac307930523b6174ac5f8747b22af9785c4e9f37b98dd60e30e5116da9,42403
DROP_HERE/plaintext_release/requirements.txt,handoff_copy,b1889fed1806432fc097d3faf70111df2aa46a534b702618b9c47881726ea8b9,387
DROP_HERE/plaintext_release/source/__init__.py,handoff_copy,257ce0a450fcfd852f260fe99e4b051e9a8378d2bae3c1dd7fb5b512157f504d,37
DROP_HERE/plaintext_release/source/ablation/architecture_ablation.py,handoff_copy,9116a201f14bdf96f7c133b5945df047818197c2302f143a35fbf8577936c214,12139
DROP_HERE/plaintext_release/source/ablation/audit_title_claims.py,handoff_copy,e870f2899c079529e5a5fcd117721dbf9781e7519bb332bc98c722dd3f72f7a8,11818
DROP_HERE/plaintext_release/source/ablation/causal_masking_ablation.py,handoff_copy,68592f70a1850ec03129961953e88bddb76e0282d9e4e8db5d37b2bc2e25c911,12744
DROP_HERE/plaintext_release/source/ablation/hyperparameter_sensitivity.py,handoff_copy,60f6f74c1e0ba8583de91364728653d2a0ac5be53a339de6c9554a2b24ba5162,14108
DROP_HERE/plaintext_release/source/ablation/sensor_ablation.py,handoff_copy,c684250470ab5ee40723f4bdbc4349c64dadc9769ca4fec16644c5e9ea739159,9276
DROP_HERE/plaintext_release/source/ablation/verify_chunk08_reality_gate.py,handoff_copy,5d1968c57bd29941c9dce06b994052bca2c22684d4b37d9514ea18d724c3f888,12703
DROP_HERE/plaintext_release/source/acquisition/__init__.py,handoff_copy,d8df186c90c02bd80957cbf45829cc979f53d071c8e7a16aca59507b68bf7ea8,42
DROP_HERE/plaintext_release/source/acquisition/acquire_attributes.py,handoff_copy,415d304fa92cec27372990cc0f9fa819c0d7b1cb1bf64306b4c05d52d696ac70,23532
DROP_HERE/plaintext_release/source/acquisition/acquire_attributes_full.py,handoff_copy,93ffe7adef8e7f73e8fcf1baa4f166ba5f1eaf08852dac35f5e5b9835700efa3,13442
DROP_HERE/plaintext_release/source/acquisition/acquire_events.py,handoff_copy,934260a1ec90122f23984ca4b50bef3efdaec6bf89caa04d92d5853ea3c364b4,18588
DROP_HERE/plaintext_release/source/acquisition/acquire_events_full.py,handoff_copy,4d9687862686dc8f734ef33750acd3187583078320cf1180c6d7a5a610d3894a,17304
DROP_HERE/plaintext_release/source/acquisition/acquire_gridmet.py,handoff_copy,04c064a992add9b794b97fae8505bf71a0aca0423f645a8195c35ce799984cf9,15684
DROP_HERE/plaintext_release/source/acquisition/acquire_gridmet_full.py,handoff_copy,1600446c623bd665a61b9950da55352ad82bcfa2b25b96481d68d13148e5321a,16970
DROP_HERE/plaintext_release/source/acquisition/acquire_nwm_retro.py,handoff_copy,3ea418e63d5a8500945587913dc71e5b1bfd653536006253e9868048a27bd885,9635
DROP_HERE/plaintext_release/source/acquisition/acquire_nwm_retro_full.py,handoff_copy,3e56dc39e4ec47a96303dcdd08410a76238a949b23cdadd6fa5d3b70d09b7c32,11912
DROP_HERE/plaintext_release/source/acquisition/acquire_snodas.py,handoff_copy,5d241ea6366f8c5ce4e5aa931a3592c76d733d17a3f987b91aa0f93a360243d9,12978
DROP_HERE/plaintext_release/source/acquisition/acquire_snodas_full.py,handoff_copy,e9e41fdc40fdc3598cc44bfa007eee853e55db20355a63975d7d7ebb1df09c82,14126
DROP_HERE/plaintext_release/source/acquisition/acquire_thresholds.py,handoff_copy,19a01bff7bcc0a99b2a689c618c1a0c5a602870ac53d11d5591c7b2f033dbab9,10395
DROP_HERE/plaintext_release/source/acquisition/acquire_thresholds_full.py,handoff_copy,c391bbd6c51570c71d74b85e9e382f170f175c161de534ed920ff4482f6ae12c,13120
DROP_HERE/plaintext_release/source/acquisition/acquire_usgs.py,handoff_copy,4d03ba24beb7f4fe61cf1c9a4cd7805c91fc454a6c21a24ceea4542778c0a641,13604
DROP_HERE/plaintext_release/source/acquisition/acquire_usgs_full.py,handoff_copy,75f5e95d56832a2709d08ad71a0cdcfcc85d9463424ff17d65c8c089e990e502,14983
DROP_HERE/plaintext_release/source/acquisition/build_stratification_report.py,handoff_copy,3db0f9adf1bca94416434e8558507f6cb8a05e2d218e54e493d46dbf6de19b0b,13766
DROP_HERE/plaintext_release/source/acquisition/compute_response_time.py,handoff_copy,c318b9cffa977a4d169015d5bbed072f5e35806ec9dde21b33a8aa7035b9f9d6,11768
DROP_HERE/plaintext_release/source/acquisition/compute_sample_adequacy.py,handoff_copy,b67b1b55895d57eb06143a23a5fe68a7e8a14d3af5e09befb9ca3c3bf63f8ce5,10480
DROP_HERE/plaintext_release/source/acquisition/precheck_nwm_operational.py,handoff_copy,fbe5e6bfc245534bcdd07ab76be23c783716ead7ece0de180b1ffe80404e9d3c,5997
DROP_HERE/plaintext_release/source/acquisition/select_full_panel.py,handoff_copy,649fc55789e1719bb6eb4bdb0ba0d94717ecc4d7e7a02f6b49143488f22501c9,31224
DROP_HERE/plaintext_release/source/acquisition/select_pilot_panel.py,handoff_copy,56c05a50f7cae839d99c6ccdd056c80d72e95f43f149b6c0fa86a79d748acc8c,9336
DROP_HERE/plaintext_release/source/acquisition/verify_attributes.py,handoff_copy,ad809fe827b7665bad7acbbc7af404c75c69902a177fadeb7e7991406160c3a8,5027
DROP_HERE/plaintext_release/source/acquisition/verify_attributes_full.py,handoff_copy,abb1bf41b454f6cec25a1e1f1837c4bf59f356e9deb5e266648972e6a75bf0b7,4301
DROP_HERE/plaintext_release/source/acquisition/verify_events.py,handoff_copy,07ec3df72a6ab4da68880fc8cf9ab223865aba2538dd52b71dd19373261520df,5271
DROP_HERE/plaintext_release/source/acquisition/verify_events_full.py,handoff_copy,4fd6169e8f0387bee9e97e6948c89ae273adce6e393c9c15059ec85e11d55079,4834
DROP_HERE/plaintext_release/source/acquisition/verify_full_panel.py,handoff_copy,0d45bb449018107871d78fb812ad81599a98001c7ce83a26c6aac2bc2a278ffb,4288
DROP_HERE/plaintext_release/source/acquisition/verify_gridmet.py,handoff_copy,7ca78dea3e1fa848d7fedf500f290a408c10f94bdb26c1838c5890b065a1e818,5528
DROP_HERE/plaintext_release/source/acquisition/verify_gridmet_full.py,handoff_copy,71e7530ab995dbb215150cbdf179002a011c04e7c5a5650f63fa01453cbdd9bc,5155
DROP_HERE/plaintext_release/source/acquisition/verify_kf113_declaration.py,handoff_copy,dbe58362bd10dde03d8e76491d2735af07a298a49e20d277773f767eec991ccc,2537
DROP_HERE/plaintext_release/source/acquisition/verify_nwm_op_precheck.py,handoff_copy,3cc681533bd9f3de4cf3a4c20f6e770f6fb74974ed82984553064ae08bad3225,2606
DROP_HERE/plaintext_release/source/acquisition/verify_nwm_retro.py,handoff_copy,67911b509996972f8d42d9910421cd6ad35cc6fd2b00a810daac20c8f94072ff,4708
DROP_HERE/plaintext_release/source/acquisition/verify_nwm_retro_full.py,handoff_copy,123941e623db4144248fabb0abdce94f66c224b3e05e54b9b8461535e56bc600,5405
DROP_HERE/plaintext_release/source/acquisition/verify_pilot_panel.py,handoff_copy,57601d37b20c6d4dd7e6fd10eec94b9528b75d5f24f9cecb8cc165c4c22e3aba,4277
DROP_HERE/plaintext_release/source/acquisition/verify_response_time.py,handoff_copy,8c370fc33958c82c8f4abe0f0c77deee97135181c272e9247e2a57c6154938bd,5215
DROP_HERE/plaintext_release/source/acquisition/verify_sample_adequacy.py,handoff_copy,b6802206f5469c4e3251fbd10c0757d05f1004b638135b6a0c06082a18222911,2857
DROP_HERE/plaintext_release/source/acquisition/verify_snodas.py,handoff_copy,fe64682b0a8eb46153e9e08657681b0bd2238f0a1084ab58ad5d9f568ddc80d7,5321
DROP_HERE/plaintext_release/source/acquisition/verify_snodas_full.py,handoff_copy,d51699a40538d5f7036434c97862f09c1229f0bcf440bfdb1e3f9006ab109189,5013
DROP_HERE/plaintext_release/source/acquisition/verify_stratification_report.py,handoff_copy,4b673b6cbaed66f1d08c3759cecbeb798f99e2afd3989555a43faeea14b7cd20,2556
DROP_HERE/plaintext_release/source/acquisition/verify_thresholds.py,handoff_copy,38fde3a3b0974446a51c18fffa875f6f1b903a9dda63f7e4a69e680f56089328,5275
DROP_HERE/plaintext_release/source/acquisition/verify_thresholds_full.py,handoff_copy,5ba784a2f39703459ef57a9cc495fc833e257eb62e62ef07f0b9e425f8e3d62f,4806
DROP_HERE/plaintext_release/source/acquisition/verify_usgs.py,handoff_copy,9bd3655889d0f19164c2f06da5c689048321346001554a4a689e2caee8acc6e9,5056
DROP_HERE/plaintext_release/source/acquisition/verify_usgs_full.py,handoff_copy,68f26455d15a25696412c363fa9e453a6f3f4875cc76d6b3dd6a93e2b48de487,4590
DROP_HERE/plaintext_release/source/baseline/baseline_learn.py,handoff_copy,baaa7a38ffa3a67640bdb2a85481b4fcf5f5bbdf361c7119cf3215d2944aaa27,10411
DROP_HERE/plaintext_release/source/baseline/baseline_op.py,handoff_copy,bfe9d099ad07fda410f3dbe7833ceaba4641504b1d6498fee8726b26f4c9bc24,7676
DROP_HERE/plaintext_release/source/baseline/baseline_stat.py,handoff_copy,5db6048ff73d31ed58d5da20d280b7a40283f833ad6fd7bd9c86c48963a36b4a,10201
DROP_HERE/plaintext_release/source/baseline/baseline_sup.py,handoff_copy,76bee413e06350cec638ab71c15f9d08810073900d5ae0908e334ba0b1778a19,10503
DROP_HERE/plaintext_release/source/baseline/ea_lstm.py,handoff_copy,ae5890ae8a99707810ad311e56abfee2d5e7cfc4d539c5aa7cdaa8885d7b8315,3056
DROP_HERE/plaintext_release/source/baseline/label_budget_sweep.py,handoff_copy,8c241750c9fdfa16f4766da06c2dbe37be66d541039909ba1c3892205ccb8973,11002
DROP_HERE/plaintext_release/source/baseline/threshold_registry.py,handoff_copy,266c14c79451633a8a19e2277c5df51a7a333273b193af7767be80151163b6cf,6883
DROP_HERE/plaintext_release/source/baseline/verify_all_baselines.py,handoff_copy,a6bf89d6e9c1c712a777af2fc34ab4e935007a4105abffe46439d8d09e2c37ca,6519
DROP_HERE/plaintext_release/source/baselines/__init__.py,handoff_copy,e5524a8151930a8ab64d16aeeffdc292768c33f4a687654b73721b754867a774,45
DROP_HERE/plaintext_release/source/encoder/__init__.py,handoff_copy,965b853c8378cc21aa2eacbf44b5e83e0da19df21b6cfdbbf67c161c4301dfeb,57
DROP_HERE/plaintext_release/source/evaluation/__init__.py,handoff_copy,9cbcdc8c41f7e722c4eaee0d1d11ed93664e74cb03ce84acef6bc56dc38e28d0,43
DROP_HERE/plaintext_release/source/feature/causal_feature_matrix.py,handoff_copy,59d1df249b1b036e787f27df695ad4eb8a6035ec7061bc486d7356188ac6cb23,11866
DROP_HERE/plaintext_release/source/feature/compute_normalization.py,handoff_copy,4763410f26bc8f648acd3c1047bf7b84be0e47315e4622302a40df472abde2e0,5642
DROP_HERE/plaintext_release/source/feature/feature_windowing.py,handoff_copy,c53630f98b2f11a452be21c89387938bc49ef7f522d1aaeb006a76f0423302d1,8926
DROP_HERE/plaintext_release/source/feature/latency_registry.json,handoff_copy,6b4727f57fb606354200c0fa256c5545e816f00942ba84f013d91986f3b08f26,2118
DROP_HERE/plaintext_release/source/feature/recompute_causal_check.py,handoff_copy,e03ed23a42d3a56174003fe85611c7804cc151e75258da2a4238538b97a27671,2756
DROP_HERE/plaintext_release/source/feature/recompute_split_check.py,handoff_copy,64277d95d64441ca62fd61cc81e4910644d1dedcf569636d51dc0cc6919565d8,2937
DROP_HERE/plaintext_release/source/feature/split_generator.py,handoff_copy,305e345dbf22029e37c1fa6759a666da4bdb8850b25126ef46ab500fc591aa04,9755
DROP_HERE/plaintext_release/source/feature/tag_eligibility.py,handoff_copy,a991f4b842aa25a22c9634d08056a9a4d003d12d743f9e1ff308335a8c465fb7,4511
DROP_HERE/plaintext_release/source/feature/test_causal_correctness.py,handoff_copy,6e9e1f7ef3bb39d8b903ed53175d1b99b2a4fcc0f9ace8356d41f644b69000a9,4827
DROP_HERE/plaintext_release/source/feature/test_causal_feature_matrix.py,handoff_copy,e281eede16a0799330f5a5676a24f233bb28724847186d2e2d2d489d8dfbeb5f,3528
DROP_HERE/plaintext_release/source/feature/test_split_correctness.py,handoff_copy,a3a1ce228178022068ec1755c2eef5b8dcb18b64a769b6209ed93790bc4478cf,8219
DROP_HERE/plaintext_release/source/feature/test_split_generator.py,handoff_copy,efcd3e7e00ba1ab346c69dbe84f00f00e471af337f9385cba61008fcd4282666,4334
DROP_HERE/plaintext_release/source/feature/verify_eligibility_tags.py,handoff_copy,435ea5e6105ea215aa909b4f65f748c42bccea496d7242726c2b56e726c10b38,3657
DROP_HERE/plaintext_release/source/feature/verify_feature_matrix.py,handoff_copy,071405e65ff1be817094492fcc6ed4113b122c664f7f87c029993709c04f5aa0,3656
DROP_HERE/plaintext_release/source/feature/verify_latency_registry.py,handoff_copy,c679bd6859a8be107cbdecf89469b5cb71a0452cc707398c00f0801406af291e,2579
DROP_HERE/plaintext_release/source/feature/verify_normalization.py,handoff_copy,13b5bf7582d4c16baa43633d5011f55776eebf00f42a2202435ab1fa1372c14d,3605
DROP_HERE/plaintext_release/source/feature/verify_split.py,handoff_copy,60c659f0c0e488b00f2bf65f1c1768cb9e8874a8d3168ad6ea56156cbe73306a,4946
DROP_HERE/plaintext_release/source/feature/verify_vintage_ledger.py,handoff_copy,7e2d06e422e172cf9df01d15d2fd982a49e9958a18e75fc4f1acd5b12f343d55,3528
DROP_HERE/plaintext_release/source/feature/verify_windowing.py,handoff_copy,9688a7c6619ae673e9cacbdd3546faa4afd26edcf483a9da902308e5ec1cce14,4361
DROP_HERE/plaintext_release/source/feature/vintage_ledger.py,handoff_copy,0bdea55fd9d4a3cea2eae72fe6f5e9bfddafc21de42490001666b79d54d5fc84,7174
DROP_HERE/plaintext_release/source/features/__init__.py,handoff_copy,9868814ebc9ef6aea53634dc028791b04a70c4795279444606063ad284a0c500,59
DROP_HERE/plaintext_release/source/figures/fig1_basin_map.py,handoff_copy,cd0c15ac83b7a1b0ce9d39b34af21a094fcab1cf1c755f58d154c7614d46fc11,5400
DROP_HERE/plaintext_release/source/figures/fig2_roc_curves.py,handoff_copy,c6f72b8d9328318600902307d6eed6070c304d1b5249561fede6f3134cc93773,3797
DROP_HERE/plaintext_release/source/figures/fig3_per_basin_auc_distribution.py,handoff_copy,71211de5d01f868b16434027a4bbd15333ba63fb110be123502c76a171b90c51,4527
DROP_HERE/plaintext_release/source/figures/fig4_km_survival_curves.py,handoff_copy,93f5f8606ee00084567647964f64972ce7a41a64a8193604cc8177d4bb1bca97,3770
DROP_HERE/plaintext_release/source/figures/fig5_label_budget_curve.py,handoff_copy,915794260e1c42be1eaf0d15a392f1184d23a718b820a9149a6a317f42342242,3499
DROP_HERE/plaintext_release/source/figures/fig6_ablation_bars.py,handoff_copy,76bd48d469b4b8f67ec9497637161c1e31a3caa87acd89151051fa96e089da36,4033
DROP_HERE/plaintext_release/source/figures/fig7_architecture_diagram.py,handoff_copy,41576f62077e94dc70ba151aef2310eff58cec23b13af35f4f6057841875e04b,4953
DROP_HERE/plaintext_release/source/gate/__init__.py,handoff_copy,3dd4c064a21fa43e38d6471da0e6fe6dc4f97aae057ceaf20f6d5b5ab59e50b7,36
DROP_HERE/plaintext_release/source/gate/reality_gate.py,handoff_copy,3cf0d27d0ad1eda775b56c865b0137cf3b2b3f37bff5873f7d4b09851c6a0bf9,17496
DROP_HERE/plaintext_release/source/gate/recompute_provenance_check.py,handoff_copy,f781c81b6196b5e3eb4cc4c63e4a47a4cf92f2cd74a701aac33ffffe32a33611,3546
DROP_HERE/plaintext_release/source/gate/run_reality_gate.py,handoff_copy,c2bf1d3cc12b68e1b2c8233f6b94fffc577e27c8ca2edfc0a4b59c64aba54f5c,7004
DROP_HERE/plaintext_release/source/gate/test_data_level_checks.py,handoff_copy,54397beca91542052735ea96756847d1a2776fb89906e93de4f85961178a6851,4606
DROP_HERE/plaintext_release/source/gate/test_reality_gate.py,handoff_copy,86d80dcc8d183151fa06ef4a0086c565ab9ddd680f1c96c0b7987301e57d0713,7152
DROP_HERE/plaintext_release/source/model/c_encoder.py,handoff_copy,f750e69cc013d3159fe6a4b5c63d032453f68266d16d4b46b66a9a55c3d9b42c,10131
DROP_HERE/plaintext_release/source/model/pretrain_dataset.py,handoff_copy,3000c15c2eb04026490f90a3f42e6bedf5877363bced196b47c06a6909400495,8671
DROP_HERE/plaintext_release/source/model/pretrain_encoder.py,handoff_copy,657a0d70eceeec3793dbaf14fe79883126b4cf695bfc1b987f389c7ff9ff234d,6675
DROP_HERE/plaintext_release/source/model/recompute_receptive_field_check.py,handoff_copy,f6f50b2ce0070373f408b535fcfcf758e1cd8ae342199ef8e15162546c25bbf3,1777
DROP_HERE/plaintext_release/source/model/test_causal_receptive_field.py,handoff_copy,0e0370a2ccb2d51f5b0fdc2508243cefb88faf1fef593751df535a35bb95fd24,7165
DROP_HERE/plaintext_release/source/model/timing_pilot.py,handoff_copy,1103675ba3033efeb51f52450875c20d43bfbab6f4b2264955094f13915ca246,4648
DROP_HERE/plaintext_release/source/model/verify_encoder_convergence.py,handoff_copy,80569185500870fa7b4b57ef4a8f81e14a01ad88cda23fa0a8eb1ca11051e29d,5924
DROP_HERE/plaintext_release/source/model/verify_no_label_leakage.py,handoff_copy,c896dba9ef402d44573ece407bbaffaf92c42d8f40918dfa65ae825d29a008ad,4372
DROP_HERE/plaintext_release/source/release/__init__.py,handoff_copy,c74005435f9cdbd789cebe9bfccbb0fbe9b9245e66671c31f36f47a7cad60572,64
DROP_HERE/plaintext_release/source/release/backfill_ablation_numbers.py,handoff_copy,15aca4c5bd8716b1e894b73e705891ae81ad3efa84d480402becf7b90eaa1b31,6266
DROP_HERE/plaintext_release/source/release/build_final_results_manifest.py,handoff_copy,ca8038d8a1e1f18e7e7408a3a0c1a0333e83b694a153c19a032a24c2487b1068,8446
DROP_HERE/plaintext_release/source/release/package_replication.py,handoff_copy,408ce1467b1bc95f4582bce92b07d4f4b3765ce156ec9942a08ff2b7099630d1,19056
DROP_HERE/plaintext_release/source/release/prepare_dataport.py,handoff_copy,05ffaba79f3b653adbc9f4cba78654b673a27a67bddf65536025059471006d28,13465
DROP_HERE/plaintext_release/source/release/rehash_dataport_manifest.py,handoff_copy,e91508e8fb9a7e9dd956f61453aaf7d2a644253d6bd0fd2afdf214b1b0dea763,4158
DROP_HERE/plaintext_release/source/release/scan_banned_claims.py,handoff_copy,a1c9417350836ea1f70b549eeea52b5afe2387a7efe6502ad204e2a4c456840f,10526
DROP_HERE/plaintext_release/source/release/verify_ai_disclosure.py,handoff_copy,73ee8f23d5aea9f2f9e600fb2a803842e66e2734222ac3fe2acf82345ad24695,3130
DROP_HERE/plaintext_release/source/release/verify_all_tabular_data.py,handoff_copy,fbce19c97dce49a29906f524a1544f0ee061ded30ff2087fb84c949e0c20e5fc,16786
DROP_HERE/plaintext_release/source/release/verify_baseline_parity.py,handoff_copy,cc1f5187e5d7d04f7c7f26be60f22a72c430f2d97a7460097618a47b709370ad,11528
DROP_HERE/plaintext_release/source/release/verify_final_synthesis.py,handoff_copy,2beddeeab84c9b93480e824131396c8cfcd85b18bcead43f3839ec2bb48f431a,9528
DROP_HERE/plaintext_release/source/release/verify_key_facts.py,handoff_copy,318955ac1060f9b64017b14ba9c77451065f949ca19fefe463a14eda4d11f4bd,8995
DROP_HERE/plaintext_release/source/release/verify_references.py,handoff_copy,8769ec1989fe2fe7eb6e0e68549ca7d46653a87852334fad07e543764477906a,5138
DROP_HERE/plaintext_release/source/release/verify_release_integrity.py,handoff_copy,3abf17bd2ce1b25d49dd7f55d0bf49f4f20d65830b09aa418efd64bdab25dc2b,4042
DROP_HERE/plaintext_release/source/release/verify_sc008.py,handoff_copy,f5a376bf6e3d3dc954ccc3fb712ce088d1cdd06bc4f8eb2d51e0056da59aa549,20357
DROP_HERE/plaintext_release/source/release/verify_venue_requirements_refs.py,handoff_copy,9e4c88351850f22b8ddfb41178eabb1a2b6d72214b6d29ac21f59268706d204e,7744
DROP_HERE/plaintext_release/source/scorer/__init__.py,handoff_copy,11cb20e6f195a23c2482a652c920bfb5997d30841010705df860a55759099772,55
DROP_HERE/plaintext_release/source/scorer/calibration.py,handoff_copy,9523a96dc39ff94a99caeb443b23e38ef3a5b7811510b4aca9003da0ce734c67,9536
DROP_HERE/plaintext_release/source/scorer/score_a.py,handoff_copy,707b27b8efd0c109677bc98bc9e8e9926d425951e46e0aa47c6430c8f9076292,6761
DROP_HERE/plaintext_release/source/scorer/score_b.py,handoff_copy,607be892956aeb2093dd101d779f61656218d08047a6898bfb1ba1187a15d559,6779
DROP_HERE/plaintext_release/source/scorer/score_c.py,handoff_copy,080bd018af83ec5f59e4a0be93fdf127ff8be729d689c62ff9faf8882ea3cdb3,6930
DROP_HERE/plaintext_release/source/scorer/verify_calibration_isolation.py,handoff_copy,5c0fc4faac63fa02188ebd63604f0cb7b3bb751b097d1cc7c6c70b85c1abbff8,6303
DROP_HERE/plaintext_release/source/split/__init__.py,handoff_copy,70af8783c1553e9c387a9c5e0935d00f0f84025f2066383fa8386b2b8b9b9949,56
DROP_HERE/plaintext_release/source/stats/__init__.py,handoff_copy,4effa0fdfcc6a4ade2ea1dd199336d74665626b6e984d1b562bf36d6f5377b0e,52
DROP_HERE/plaintext_release/source/stats/collapse_events.py,handoff_copy,8d17e1f7d0361cdbd82eb0841101797ce9219eb8890c23b1cf6baa15bb9e9176,10898
DROP_HERE/plaintext_release/source/stats/effective_sample_audit.py,handoff_copy,d7f9356c7e7c217c18276ab23a9626dc7f89056e98ce83624f56b7da496fea81,11864
DROP_HERE/plaintext_release/source/stats/eval_discrimination.py,handoff_copy,69d5c9dccd91a1d528f4e3f2ce7e78307280cb491e7c5b2bda16899f4b95ed64,22925
DROP_HERE/plaintext_release/source/stats/eval_lead_time_survival.py,handoff_copy,cd33f63982ae98227a4f48cecb9bb12a9c171a17bcbf730a9dd2d3b09fd42348,19299
DROP_HERE/plaintext_release/source/stats/eval_sample_adequacy.py,handoff_copy,4a8c9c454de41626c3e46209ade9c3478103128772ab9bb53c7e82e84592e3bf,8431
DROP_HERE/plaintext_release/source/stats/h2_cohort_accounting.py,handoff_copy,5d92d7e792307eefbbc0b711c0c1e8eb4f880c994ceb1700a9e05daa879fc36b,17209
DROP_HERE/plaintext_release/source/stats/recompute_bootstrap_check.py,handoff_copy,1286a9a124ea450438c1e3d51cbf3a257ae5c25c3fe944185bfad6818a92bfbb,3192
DROP_HERE/plaintext_release/source/stats/test_metric_dispatch.py,handoff_copy,d1fcb903fec1edd46436e763617ba81e594a1ebe925009f4d24baddb4328ef6a,10658
DROP_HERE/plaintext_release/source/stats/verify_chunk07_reality_gate.py,handoff_copy,50517a2d1631bb503f9e244e0272c722dcb05d2bc87af54a603738f93eef6680,15993
DROP_HERE/plaintext_release/source/utils/__init__.py,handoff_copy,265e91df149c6692895711bf636df1db9d981099567a0647a5f92ebb294b5d22,32
DROP_HERE/plaintext_release/source/utils/config.py,handoff_copy,7addb75295efae33bf5949ee0bbd82e74456b7f7a4b92bf928a2661be4a54de3,3667
DROP_HERE/plaintext_release/source/utils/logging_config.py,handoff_copy,c6103c379758fd87b71f631d442ea97a7f724ef5ef0ed6ccd601398d4792dd6a,1045
DROP_HERE/plaintext_release/source/utils/manifest.py,handoff_copy,6b5d1b5bff5cde11ed0d6b101de6fb2bceb017ecd393693afa4b6908f3a02fc3,5570
DROP_HERE/submission_package/authorship_and_declarations.md,handoff_copy,d32cb3d77ebd96d413d7f4a2367f49e2f9e09507c3e0859107cca53561571380,3359
DROP_HERE/submission_package/cover_letter.md,handoff_copy,cda12a896617bec8de746a91b261252bfc59b4e41bc8daaf636d600ec9048d7a,4387
DROP_HERE/submission_package/data_availability_statement.md,handoff_copy,1b86946e607d4bc4ba6a044d2a6d3f87a933ca002be4abac0590a256a9e054d4,3000
DROP_HERE/submission_package/highlights_and_significance.md,handoff_copy,111a288995b44284e057106f665e23b24c42da9b4e217274c03c3c2bbceaa9aa,2833
DROP_HERE/submission_package/submission_checklist.md,handoff_copy,9f9ffc7a680b2ae3aec2b558abb8c27e738de502bc7f7abd2807b7e4e57940a7,2429
LICENSE,historical_artifact,0be3d23dedc6cfd9db453a00d6a1c4b5b1276ae5ded17327d7b704deb5c2ed70,1091
README.md,historical_artifact,dd26ac251b0668ffa455da65b66db4fe59578d88b317f7fd4c90b4e8fdc7cab3,10776
REPRODUCIBILITY.md,historical_artifact,384ac2a687614d3c46270809ec30ec0fa106c14cf950016f89c01c1df982d548,8587
TAKE_THIS/factory_v1.5_architect_assessment.md,handoff_copy,200c7e6d1475d739812f625c02c4a2d84475861bf82777255db146abd45b5c19,36158
TAKE_THIS/flood_sentinel_audit_package/.DS_Store,cache_or_os_metadata,c2e7fb428146d581dbbd97d958a3d348f731867d5886cdc39f20ca5c18f1fe1b,10244
TAKE_THIS/flood_sentinel_audit_package/LICENSE,handoff_copy,0be3d23dedc6cfd9db453a00d6a1c4b5b1276ae5ded17327d7b704deb5c2ed70,1091
TAKE_THIS/flood_sentinel_audit_package/REPRODUCIBILITY.md,handoff_copy,7ee5e62b8826c5b2d88f1d3e2a5a414af521ac8baacdd99d599b52dd950c0d01,7179
TAKE_THIS/flood_sentinel_audit_package/bootstrap.sh,handoff_copy,af095599e21a522c5bed758c754b0cb479f3895e9f408cbbf83356d7884da5d2,18126
TAKE_THIS/flood_sentinel_audit_package/factory/CHANGELOG.md,handoff_copy,1a4b64c5f980dd5795250e22ac7168cbcccca98aa46a374655e20afb2865a8ac,107952
TAKE_THIS/flood_sentinel_audit_package/factory/ClaudeInitialization.md,handoff_copy,d55c03aeda048f3efd05bec1dc33ad3c37db5543fd6315d60ba816b74e6c2bd1,53155
TAKE_THIS/flood_sentinel_audit_package/factory/VERSION,handoff_copy,b99b4c7cdf236f59bc9f65d963deaecae3b16a7dad87939cacb9057f7664daee,6
TAKE_THIS/flood_sentinel_audit_package/factory/bootstrap_manifest.yaml,handoff_copy,edf73e802732e04cc1774983da6667e78023f524c098623578b01ec91e1f8894,17406
TAKE_THIS/flood_sentinel_audit_package/factory/constitution.md,handoff_copy,79801ce96d98135b5fd026168c72f2246397ea8b6d260a594ba081b66b039cf7,41627
TAKE_THIS/flood_sentinel_audit_package/factory/dynamic_rules.md,handoff_copy,7f399289177c10247a8b5a835c54a61ea16c734a0f1d999d7f223644c5b2b85e,102064
TAKE_THIS/flood_sentinel_audit_package/factory/factory_spec.md,handoff_copy,f629a7e1484b8e8926228504bf188e6ac2f57c73a60603f55f306f7b851df047,78699
TAKE_THIS/flood_sentinel_audit_package/factory/gatekeeper.py,handoff_copy,6da001f70f49801f104840453fe00bb3c26b33c144cffcb1356c4aa71fac5089,150499
TAKE_THIS/flood_sentinel_audit_package/factory/gatekeeper_spec.md,handoff_copy,cc8e562908c04297ff41d2887c09ff9381496fdeea414d7a52329b39bf658ca4,30564
TAKE_THIS/flood_sentinel_audit_package/factory/gemini_spec.md,handoff_copy,02bbc03af5cc1be525b16aad5f036b66ada2e7f6afd19361116f825df7d5c4f7,38570
TAKE_THIS/flood_sentinel_audit_package/factory/key_facts_TEMPLATE.md,handoff_copy,49f0975b134a55532c5526db402cab27c8e249351dc85c7d2df44a97f4657043,1748
TAKE_THIS/flood_sentinel_audit_package/factory/tests/test_gatekeeper_self_check.py,handoff_copy,84fbcba1020a5e8db1c6a1088793520d888b43c14686a9d5bacec45c127a3e5a,8340
TAKE_THIS/flood_sentinel_audit_package/factory/tests/test_gatekeeper_v1_3_4.py,handoff_copy,139034d2dd5288ddb6b41e7387534e946154c59226ebe1c1905cab834b51a3bb,11518
TAKE_THIS/flood_sentinel_audit_package/factory/tests/test_gatekeeper_v1_4_0.py,handoff_copy,580d266490d1938cc9e4b98b2d077adc30fbea15ba73c45fa941ee12d3cba601,12902
TAKE_THIS/flood_sentinel_audit_package/factory/tests/test_gatekeeper_v1_4_1.py,handoff_copy,85801d7c443c9e15e70243e4ef72b4384373c2eb450d7e2db0432385d36ec890,9012
TAKE_THIS/flood_sentinel_audit_package/factory/tests/test_gatekeeper_v1_4_2.py,handoff_copy,273af02e66fae9553cbaa5af32b0b548528072bf454da8904cba484673a8c50e,12557
TAKE_THIS/flood_sentinel_audit_package/factory/tests/test_gatekeeper_v1_4_2_mandatory_gate.py,handoff_copy,6e7ea1c17ceeb4484f46d1629742573b96a1e2972f50e00b301a7acdeaacbcbb,12163
TAKE_THIS/flood_sentinel_audit_package/factory/tests/test_gatekeeper_v1_4_2_mechanical_guards.py,handoff_copy,127cb3eecc86e8b0c2fd396ea619f602bba6489477e8fb47036677fb9ba4cd21,15124
TAKE_THIS/flood_sentinel_audit_package/factory/venue_requirements_TEMPLATE.md,handoff_copy,a32dccecdbb328ee86b123924ff7afbba8667fa40aca2002a44578598bb537f7,6839
TAKE_THIS/flood_sentinel_audit_package/project/.gatekeeper/snapshots/C03-02.json,handoff_copy,23be39b5a3859fe55cb2842d5a693a615f6c6f2fb21b8203b6d607f30cc3b534,161
TAKE_THIS/flood_sentinel_audit_package/project/.gitignore,handoff_copy,cf237c7aff44efbe6e502e645c3e06da03a69d7bdeb43392108ef3348143417e,10
TAKE_THIS/flood_sentinel_audit_package/project/architecture.md,handoff_copy,6085c02acfdef8860ba603ae5e7285303402c003f2ed4c41a8e3c5ed5debc12f,63874
TAKE_THIS/flood_sentinel_audit_package/project/chunks/chunk01/chunk01.md,handoff_copy,09d9db6100173d3d870f6de99189d8b98f49f98cbad27a416e5a72a1d0f362fe,6819
TAKE_THIS/flood_sentinel_audit_package/project/chunks/chunk01/chunk_report.md,handoff_copy,1ab1e647fe997b2056a8d617d9f42a155f1aab6646763458d09fa18dc27b834c,7721
TAKE_THIS/flood_sentinel_audit_package/project/chunks/chunk01/contracts/C01-01_contract.md,handoff_copy,d250754d80221dcfb6a23e30fb97323c2bd43c49e368813368d2b279e53fcc37,3553
TAKE_THIS/flood_sentinel_audit_package/project/chunks/chunk01/contracts/C01-02_contract.md,handoff_copy,ea7683ce275827439879f4e1d5da95c2895b463ea3d8000ac1fd69cf980c9569,3816
TAKE_THIS/flood_sentinel_audit_package/project/chunks/chunk01/contracts/C01-03_contract.md,handoff_copy,8eadca2d031ee1bafeb575df47a58030885d8644fc8271560f46af5efb21e947,4700
TAKE_THIS/flood_sentinel_audit_package/project/chunks/chunk01/contracts/C01-04_contract.md,handoff_copy,cf94184ba67d7a79f0f57441931104b1b7b6a5db1f50028379d861dd47ef673a,4095
TAKE_THIS/flood_sentinel_audit_package/project/chunks/chunk01/contracts/C01-05_contract.md,handoff_copy,9ad2acbdf8e0089d459acc1872ddea1760992be9ab8d1179dd71c604addcaa7e,2958
TAKE_THIS/flood_sentinel_audit_package/project/chunks/chunk01/contracts/C01-06_contract.md,handoff_copy,27b0dbfc3fe75847165c1299c16f9247fb4c1d64d1ea98c508d4360610eabccf,4107
TAKE_THIS/flood_sentinel_audit_package/project/chunks/chunk01/contracts/C01-07_contract.md,handoff_copy,e43b1e9b704aec34dc746ad7c00b8c64706b89185a95ffb7720c0dfa2234c988,3793
TAKE_THIS/flood_sentinel_audit_package/project/chunks/chunk01/contracts/C01-08_contract.md,handoff_copy,65d1a24d5a3f4b7d2e1c481d03023ddc80e94a02bc1b83d6933908fd0484d6ab,5353
TAKE_THIS/flood_sentinel_audit_package/project/chunks/chunk01/contracts/C01-09_contract.md,handoff_copy,0534f2ac1b4b42efdfb28355ec94f15d52915b4b6a94b8b3f68602e1f26f5bf3,3597
TAKE_THIS/flood_sentinel_audit_package/project/chunks/chunk01/contracts/C01-10_contract.md,handoff_copy,de6114cdfef4443838f16212bc939a452fd08c8cc82157f00d39ec7b8fb5de02,4027
TAKE_THIS/flood_sentinel_audit_package/project/chunks/chunk01/contracts/C01-11_contract.md,handoff_copy,f7c5a9b171e1bc09dc24c1e77b9637b3dd3c35b0ab365fe26af7a556e95b94fc,8035
TAKE_THIS/flood_sentinel_audit_package/project/chunks/chunk01/data/attributes/basin_attributes.parquet,handoff_copy,f91f0491ed74146c587bbc95beaa68fe9a84795e5884b739338441c802f41715,17585
TAKE_THIS/flood_sentinel_audit_package/project/chunks/chunk01/data/events/flood_events.json,handoff_copy,479c984251ba3b2856dced34ee70c3ce533ff83917c605199bf8ad18ee6e9544,414403
TAKE_THIS/flood_sentinel_audit_package/project/chunks/chunk01/data/gridmet/01372500/gridmet_daily.parquet,handoff_copy,8078581aa8b3b1f1ad4c228b037b0bb20e1ada9532da37c3e2a670691034a6a7,118884
TAKE_THIS/flood_sentinel_audit_package/project/chunks/chunk01/data/gridmet/01445500/gridmet_daily.parquet,handoff_copy,69e2ddde58c0973e316296822ea8c7a05dee8577dbd34a5426f8e9a2dd37e53f,118860
TAKE_THIS/flood_sentinel_audit_package/project/chunks/chunk01/data/gridmet/01463500/gridmet_daily.parquet,handoff_copy,2cad1628c38235e394fa994520822ee9201144e8a44f67a62be623233b7f857e,118389
TAKE_THIS/flood_sentinel_audit_package/project/chunks/chunk01/data/gridmet/01646500/gridmet_daily.parquet,handoff_copy,facd7302380131d67dfee18044f67939977e53ec775bfb93bf16bfce37043621,118553
TAKE_THIS/flood_sentinel_audit_package/project/chunks/chunk01/data/gridmet/02083500/gridmet_daily.parquet,handoff_copy,67a9d4ee8b9b15affd63db3448d29738d22e9d143ca6bf108613ff0fb612914c,117939
TAKE_THIS/flood_sentinel_audit_package/project/chunks/chunk01/data/gridmet/02085000/gridmet_daily.parquet,handoff_copy,c304afb80012938f425e64a113693a0482f746ef55456ea10e353cb999b52066,117934
TAKE_THIS/flood_sentinel_audit_package/project/chunks/chunk01/data/gridmet/02322500/gridmet_daily.parquet,handoff_copy,b4f3c916af3cf41618c51a1463cfeb79e0b471861f098347e757c5efa7359124,117370
TAKE_THIS/flood_sentinel_audit_package/project/chunks/chunk01/data/gridmet/03335500/gridmet_daily.parquet,handoff_copy,86e7a65f5ac9df19a2a7c322f82d10896bc259260a3f177a9970b40d62fa8c30,119899
TAKE_THIS/flood_sentinel_audit_package/project/chunks/chunk01/data/gridmet/03345500/gridmet_daily.parquet,handoff_copy,68cfa786da5379c9c311f0f7acf372bf643536c2c6d2ed089b5696e7ad472466,119798
TAKE_THIS/flood_sentinel_audit_package/project/chunks/chunk01/data/gridmet/05420500/gridmet_daily.parquet,handoff_copy,105160284d4fcf90251bc3bc8295132ca2987927f0e2b17bf6f140ce66e96a5f,121205
TAKE_THIS/flood_sentinel_audit_package/project/chunks/chunk01/data/gridmet/05431486/gridmet_daily.parquet,handoff_copy,2c9f26dacb5ec50ebb892ebbc0a9923567cf36a7039f338e7ff9eb41c3d46be6,121306
TAKE_THIS/flood_sentinel_audit_package/project/chunks/chunk01/data/gridmet/05435500/gridmet_daily.parquet,handoff_copy,0e59aca12959f93fef51ec241c5647809a4d31def92b3cd99f52e234a3b79008,121221
TAKE_THIS/flood_sentinel_audit_package/project/chunks/chunk01/data/gridmet/06805500/gridmet_daily.parquet,handoff_copy,81b1a25cecc4f8e39b67bff18172ef6119fd0784a2cf334d8b3227087e613d66,120274
TAKE_THIS/flood_sentinel_audit_package/project/chunks/chunk01/data/gridmet/06888500/gridmet_daily.parquet,handoff_copy,41a3bb400dd24951f4f1cae20872fa015a79d042fd382c22eb9456a175500e1b,118405
TAKE_THIS/flood_sentinel_audit_package/project/chunks/chunk01/data/gridmet/08167000/gridmet_daily.parquet,handoff_copy,12b8b59936c245c0bff2c65a3e29c800f0b386afe77be9fb5f83d406e1d69bc5,114964
TAKE_THIS/flood_sentinel_audit_package/project/chunks/chunk01/data/gridmet/08167500/gridmet_daily.parquet,handoff_copy,d27112695294815d201f8495b626f30238ec16b20ce4f8ddf72f1ed586c1f513,115187
TAKE_THIS/flood_sentinel_audit_package/project/chunks/chunk01/data/gridmet/14137000/gridmet_daily.parquet,handoff_copy,8fcc9cd8b07a77a9381ddb27629a4c35c6dd611f94d6b7e4724b61a7cbc34d24,117775
TAKE_THIS/flood_sentinel_audit_package/project/chunks/chunk01/data/gridmet/14211720/gridmet_daily.parquet,handoff_copy,427684fe4d3710e8335ddc2f801fc9f379dbd9ac3e83a52a4a760dde61bbf5be,116446
TAKE_THIS/flood_sentinel_audit_package/project/chunks/chunk01/data/nwm_retro/01372500/nwm_retro_daily.parquet,handoff_copy,391aa5c9ebe21b3a0eb8f402e567cb6fbcd8f2286dba9e5bf90ce6e64ca46856,104146
TAKE_THIS/flood_sentinel_audit_package/project/chunks/chunk01/data/nwm_retro/01445500/nwm_retro_daily.parquet,handoff_copy,d66ee8f6aca36f5da699cd7666bf6ba5cdf89486a7813558b4b72f4bab3f8979,100118
TAKE_THIS/flood_sentinel_audit_package/project/chunks/chunk01/data/nwm_retro/01463500/nwm_retro_daily.parquet,handoff_copy,4242aacd961a359025aa97a955a34da8663afc4e140447f90c97f6b4ae98c3d0,98842
TAKE_THIS/flood_sentinel_audit_package/project/chunks/chunk01/data/nwm_retro/01646500/nwm_retro_daily.parquet,handoff_copy,a1e9af0fd354e96bb107c11e5d01dd3d4d735a247a9be35ec44c9a3653c92001,101592
TAKE_THIS/flood_sentinel_audit_package/project/chunks/chunk01/data/nwm_retro/02083500/nwm_retro_daily.parquet,handoff_copy,772e2d2557928113842f344a8aafb4f89439496b44bde605f172fc0b4f52e58d,106029
TAKE_THIS/flood_sentinel_audit_package/project/chunks/chunk01/data/nwm_retro/02085000/nwm_retro_daily.parquet,handoff_copy,06aa91da8d072dad16fce829522672c935c4ac1ead527b862c751bb024684e8d,104979
TAKE_THIS/flood_sentinel_audit_package/project/chunks/chunk01/data/nwm_retro/02322500/nwm_retro_daily.parquet,handoff_copy,ebd219e744710998c14686781178079e635d9a6d586448639a9eea2a60b04a46,95934
TAKE_THIS/flood_sentinel_audit_package/project/chunks/chunk01/data/nwm_retro/03335500/nwm_retro_daily.parquet,handoff_copy,7ea9d2507a2bdd743ab0afb44fa2de0bb64bc7b86934269ff85a574726e8d12f,99367
TAKE_THIS/flood_sentinel_audit_package/project/chunks/chunk01/data/nwm_retro/03345500/nwm_retro_daily.parquet,handoff_copy,3f6e3d873257a5c249138cd0d9045e0c59e3fbed64887e43d1e03dd571afe405,107532
TAKE_THIS/flood_sentinel_audit_package/project/chunks/chunk01/data/nwm_retro/05420500/nwm_retro_daily.parquet,handoff_copy,56d2b948b56510959195058447fd011fb7c074e6d51917bc1fb5577c0c23fe11,95699
TAKE_THIS/flood_sentinel_audit_package/project/chunks/chunk01/data/nwm_retro/05431486/nwm_retro_daily.parquet,handoff_copy,f9cf422368f4431a78de87d7997b67b4e1bb811e510b0b2d240e85bdf6f4a59e,98467
TAKE_THIS/flood_sentinel_audit_package/project/chunks/chunk01/data/nwm_retro/05435500/nwm_retro_daily.parquet,handoff_copy,9aca8855e28b3ca47d4f7726a1c7a5afc414dfdb381b6aba909030cc9586eba2,98694
TAKE_THIS/flood_sentinel_audit_package/project/chunks/chunk01/data/nwm_retro/06805500/nwm_retro_daily.parquet,handoff_copy,334fc55f13245f48aa824eafbf0002d28bda37224496a2a772f6234af04b4059,100432
TAKE_THIS/flood_sentinel_audit_package/project/chunks/chunk01/data/nwm_retro/06888500/nwm_retro_daily.parquet,handoff_copy,5241842e18479f43ea0b5dfcfb330cdbafdd2b9481d038e5974f5bfa909f5543,105231
TAKE_THIS/flood_sentinel_audit_package/project/chunks/chunk01/data/nwm_retro/08167000/nwm_retro_daily.parquet,handoff_copy,7b197f0db1c0e990f5aa5e1d5b8fd896f5e47207275ee3fff14570e8a43f4ebe,102502
TAKE_THIS/flood_sentinel_audit_package/project/chunks/chunk01/data/nwm_retro/08167500/nwm_retro_daily.parquet,handoff_copy,558a71728c2e01831a504d84d1139cbbcf9611140d2bbf9bfaa8112d351038f5,110002
TAKE_THIS/flood_sentinel_audit_package/project/chunks/chunk01/data/nwm_retro/14137000/nwm_retro_daily.parquet,handoff_copy,a1a3bc79638c2d4f1d50951d231beb6b8753f1b21d047624d3bf30a7fc597609,99108
TAKE_THIS/flood_sentinel_audit_package/project/chunks/chunk01/data/nwm_retro/14211720/nwm_retro_daily.parquet,handoff_copy,9c3b8512e223c5935ab1fcd092ea61671cce9dc7a1fa4d7b129c23be31e2b08a,99753
TAKE_THIS/flood_sentinel_audit_package/project/chunks/chunk01/data/snodas/01372500/snodas_daily.parquet,handoff_copy,ca4e48eed3ffae4fe54c54e022479a7968f37d49283b22727be89bdcb6a76cac,56305
TAKE_THIS/flood_sentinel_audit_package/project/chunks/chunk01/data/snodas/01445500/snodas_daily.parquet,handoff_copy,4a1a765d8bdbf08be4c54d40f9f9128e87c71ee92cf43b0e2ce9fd48487f5415,48474
TAKE_THIS/flood_sentinel_audit_package/project/chunks/chunk01/data/snodas/01463500/snodas_daily.parquet,handoff_copy,c463a41d2d8a32afffe65205eeb0dd1075bfe724e10806ea5ac6f0215daeb4a0,48534
TAKE_THIS/flood_sentinel_audit_package/project/chunks/chunk01/data/snodas/01646500/snodas_daily.parquet,handoff_copy,9a9d79e926826f9804dd78c878c1cda96a6de94efea68d368bd9b18d99b6603a,44813
TAKE_THIS/flood_sentinel_audit_package/project/chunks/chunk01/data/snodas/02083500/snodas_daily.parquet,handoff_copy,651aa669368088e4539a9a556d51811cbfc5f1b0a945584ba7ca50e882e72d8a,43210
TAKE_THIS/flood_sentinel_audit_package/project/chunks/chunk01/data/snodas/02085000/snodas_daily.parquet,handoff_copy,dce4dd64313b15672164a215cb7367290d433412987c8ee11bd0b9237e2b4f8a,43210
TAKE_THIS/flood_sentinel_audit_package/project/chunks/chunk01/data/snodas/02322500/snodas_daily.parquet,handoff_copy,867658298fdea53ce4805c29b4ba8b3e7006c91c4aab9603c09951a2d969ba39,43210
TAKE_THIS/flood_sentinel_audit_package/project/chunks/chunk01/data/snodas/03335500/snodas_daily.parquet,handoff_copy,a726614ba7337a6cb45ae280449ecaf2a86bf9e2f3689b7634d6e749b6107e98,59393
TAKE_THIS/flood_sentinel_audit_package/project/chunks/chunk01/data/snodas/03345500/snodas_daily.parquet,handoff_copy,1507b0db464518b4fd7d5e960dddc968ba7a05bae1cc4b6b323b0a781a3574be,55140
TAKE_THIS/flood_sentinel_audit_package/project/chunks/chunk01/data/snodas/05420500/snodas_daily.parquet,handoff_copy,72cd6c87409798e5159289d8f21708fb48317a70373b63d178b7f28e8ca35de6,54931
TAKE_THIS/flood_sentinel_audit_package/project/chunks/chunk01/data/snodas/05431486/snodas_daily.parquet,handoff_copy,c07d4ea4698b03a977f271e6e66642a83e06f714462a4bd4fec898fca1e108cf,65800
TAKE_THIS/flood_sentinel_audit_package/project/chunks/chunk01/data/snodas/05435500/snodas_daily.parquet,handoff_copy,7b3b53d4c4eb9ea62968bb7079e1cb54036caa0cb768e04bc2ac78d2eb56ce65,66373
TAKE_THIS/flood_sentinel_audit_package/project/chunks/chunk01/data/snodas/06805500/snodas_daily.parquet,handoff_copy,8b54e4607c70cc936c4f7cdd8ca3576e51b3d3ebb57e52e5e0b6ccd7f5fd81c7,48824
TAKE_THIS/flood_sentinel_audit_package/project/chunks/chunk01/data/snodas/06888500/snodas_daily.parquet,handoff_copy,756d22575430efaa4b45b9435fad2aea0c22ca9d34fee78640736351509d351d,52294
TAKE_THIS/flood_sentinel_audit_package/project/chunks/chunk01/data/snodas/08167000/snodas_daily.parquet,handoff_copy,867c8e12b55ff5e36345cbc9bc6c027c81ec4daa3012dbe7384352802b7e5270,43210
TAKE_THIS/flood_sentinel_audit_package/project/chunks/chunk01/data/snodas/08167500/snodas_daily.parquet,handoff_copy,358dce4d9e7abb284911f1de2ec884f14d45fed3d23df3242ef96e9568f8f4fe,43210
TAKE_THIS/flood_sentinel_audit_package/project/chunks/chunk01/data/snodas/14137000/snodas_daily.parquet,handoff_copy,ca8eb7fa1b16d278ae1735d14eec8e7e26832c95de4a039f80850244722cc2c6,55399
TAKE_THIS/flood_sentinel_audit_package/project/chunks/chunk01/data/snodas/14211720/snodas_daily.parquet,handoff_copy,9ad9c6b560391f4ae9c45ac267976c2455e581a05ccbd0de388ddaaf7346af93,43308
TAKE_THIS/flood_sentinel_audit_package/project/chunks/chunk01/data/thresholds/flood_thresholds.json,handoff_copy,cc9aa54f3681761913d816966e069242d9f815e71e96d807ead9c5f582cac2a9,6851
TAKE_THIS/flood_sentinel_audit_package/project/chunks/chunk01/data/usgs/01372500/daily_streamflow.parquet,handoff_copy,53b68a0062ac70b0aa0e148208a36c8dfe1957fa37888636246be4f9f9cc6d89,98484
TAKE_THIS/flood_sentinel_audit_package/project/chunks/chunk01/data/usgs/01445500/daily_streamflow.parquet,handoff_copy,8250d81e98d8f0c7092d97e38bf8c98fcc716f085f1795df850d37b6d38fd7ff,96290
TAKE_THIS/flood_sentinel_audit_package/project/chunks/chunk01/data/usgs/01463500/daily_streamflow.parquet,handoff_copy,bf0a9a07ad5f242bedf04fff9899944ece5a2e012f5c5b0c9655e89a2cc93733,95922
TAKE_THIS/flood_sentinel_audit_package/project/chunks/chunk01/data/usgs/01646500/daily_streamflow.parquet,handoff_copy,5d3ee2f4c5e0c4888dcbe1fd08ccff6499a4cde42f9114610a73b127edaf0246,97714
TAKE_THIS/flood_sentinel_audit_package/project/chunks/chunk01/data/usgs/02083500/daily_streamflow.parquet,handoff_copy,ac4f12c0ce62919567a2b80c946b8803841b24d5effe349531a1a802667ad1e7,120339
TAKE_THIS/flood_sentinel_audit_package/project/chunks/chunk01/data/usgs/02085000/daily_streamflow.parquet,handoff_copy,e0de9eaf69e14691acbf5a3c2114e4c3ed226c0b395e2270424b420ac45b76a4,114641
TAKE_THIS/flood_sentinel_audit_package/project/chunks/chunk01/data/usgs/02322500/daily_streamflow.parquet,handoff_copy,fb4cdcb0ba8041fefcfad02bbab9299a1398f112e5675dc48df88999ec2d3f8c,104138
TAKE_THIS/flood_sentinel_audit_package/project/chunks/chunk01/data/usgs/03335500/daily_streamflow.parquet,handoff_copy,00ccc54ac4b94cbf46dfe75a996d7419f424b64d3505c2f9158c9baa946d523b,96158
TAKE_THIS/flood_sentinel_audit_package/project/chunks/chunk01/data/usgs/03345500/daily_streamflow.parquet,handoff_copy,1bd262d2500b8de8be1cc73091f31d6e25ce61c10fe96a88c4389591242568a1,125285
TAKE_THIS/flood_sentinel_audit_package/project/chunks/chunk01/data/usgs/05420500/daily_streamflow.parquet,handoff_copy,d9b52f475060d9f1321fe6694263028a10f9c71cd5c113d7fcdac0df477ba879,93413
TAKE_THIS/flood_sentinel_audit_package/project/chunks/chunk01/data/usgs/05431486/daily_streamflow.parquet,handoff_copy,81a2d0eb10ca52104d165467d9ae1e0855463e26468074c37479fb0bd8a55375,95624
TAKE_THIS/flood_sentinel_audit_package/project/chunks/chunk01/data/usgs/05435500/daily_streamflow.parquet,handoff_copy,78ae96229ab3bcb347538e8c1a7f4ac870f0244c01953f3062e6e9d0e9f55589,115247
TAKE_THIS/flood_sentinel_audit_package/project/chunks/chunk01/data/usgs/06805500/daily_streamflow.parquet,handoff_copy,6db7a17be95592c596150c83a721eb8f1958cecb08b8ec6a89d8e84cfb673381,113963
TAKE_THIS/flood_sentinel_audit_package/project/chunks/chunk01/data/usgs/06888500/daily_streamflow.parquet,handoff_copy,bbdc9887fdbcc94a629783c02e53626e4f03307d3d3eeb90ce4434bf282637c0,119527
TAKE_THIS/flood_sentinel_audit_package/project/chunks/chunk01/data/usgs/08167000/daily_streamflow.parquet,handoff_copy,f59193080b668db454cc70e5c85f5fce3c10ec970c50a1553475c38f73207fbc,116209
TAKE_THIS/flood_sentinel_audit_package/project/chunks/chunk01/data/usgs/08167500/daily_streamflow.parquet,handoff_copy,b8dc2fd55c1392e19ead57a9e846a9c6d07cef84a56b86b70d5758cca97a7d67,118918
TAKE_THIS/flood_sentinel_audit_package/project/chunks/chunk01/data/usgs/14137000/daily_streamflow.parquet,handoff_copy,9cfb0d760c2f47f4ca7a8b1d6cc00788769260e4fbf32324ed93244a057f9b2e,95749
TAKE_THIS/flood_sentinel_audit_package/project/chunks/chunk01/data/usgs/14211720/daily_streamflow.parquet,handoff_copy,4b4a9daf2bbf33180548b3b1ad93736dc9bee6966e6255056e6bbaf00a62bf3e,96763
TAKE_THIS/flood_sentinel_audit_package/project/chunks/chunk01/execution_manifest.yaml,handoff_copy,d639e0e2506e64e1e2afb49d10fa7aba320a00a9d9f5bd9f2cd65bb567cc0c70,6671
TAKE_THIS/flood_sentinel_audit_package/project/chunks/chunk01/manifests/attributes_acquisition_provenance.json,handoff_copy,9ed043e31a2b25d996b77151d6c0e6210b7533fabe7517b5044d87eae215c145,979
TAKE_THIS/flood_sentinel_audit_package/project/chunks/chunk01/manifests/attributes_data_manifest.json,handoff_copy,55101b09678b6c46f274148417ff998dd35894f8b402ea831b28f2ec6269d5cc,3360
TAKE_THIS/flood_sentinel_audit_package/project/chunks/chunk01/manifests/events_acquisition_provenance.json,handoff_copy,c2ac6d22f99874bef78f934015a34ddf9bbfb4f8c86d6a6358d9576820995d37,955
TAKE_THIS/flood_sentinel_audit_package/project/chunks/chunk01/manifests/events_data_manifest.json,handoff_copy,83e2ec7db8156da05c1cdbb483850592a4e9814aa50c8f314f031c0152f707c5,1599
TAKE_THIS/flood_sentinel_audit_package/project/chunks/chunk01/manifests/gridmet_acquisition_provenance.json,handoff_copy,d609d727e97fc608640a57a5b165f1d5978218a0456513d8e1006c26a38c8809,4299
TAKE_THIS/flood_sentinel_audit_package/project/chunks/chunk01/manifests/gridmet_data_manifest.json,handoff_copy,1ff854c04d4a58883d8b6b921079e6e3fbd0492fd960d5d2e1c41d089feb58d1,2859
TAKE_THIS/flood_sentinel_audit_package/project/chunks/chunk01/manifests/nwm_retro_acquisition_provenance.json,handoff_copy,cc6ba87e741f272744122da56302c6c3d158a9d4a4741f221e22792480da88d1,4594
TAKE_THIS/flood_sentinel_audit_package/project/chunks/chunk01/manifests/nwm_retro_data_manifest.json,handoff_copy,ae53850e73736ff3e419c8708da0a92c1344746f45b13623656ac9c91a0ae9f1,1396
TAKE_THIS/flood_sentinel_audit_package/project/chunks/chunk01/manifests/snodas_acquisition_provenance.json,handoff_copy,be9943a607b9eaa758b74f95b3f5d1fbdc8d79621c72c8bbc7bf088758e33a18,4187
TAKE_THIS/flood_sentinel_audit_package/project/chunks/chunk01/manifests/snodas_data_manifest.json,handoff_copy,6fd73a30d3d8deef7540841e6942467d633a053cc93d1fefc04007271a45bae8,1489
TAKE_THIS/flood_sentinel_audit_package/project/chunks/chunk01/manifests/thresholds_acquisition_provenance.json,handoff_copy,def6dcf1542d6868f6193e4aba16e4d750cbc4fd045df789b9ad4243e275324e,1139
TAKE_THIS/flood_sentinel_audit_package/project/chunks/chunk01/manifests/thresholds_data_manifest.json,handoff_copy,ccb49a17a64374a4bf20bd4bca4b1e2cfca9c901a3fe51124d179865fdb64792,1661
TAKE_THIS/flood_sentinel_audit_package/project/chunks/chunk01/manifests/usgs_acquisition_provenance.json,handoff_copy,25a272fbe509d1c13f72d5308b03375b9bdf85ad33fccff36463d9f44be69ff7,4532
TAKE_THIS/flood_sentinel_audit_package/project/chunks/chunk01/manifests/usgs_data_manifest.json,handoff_copy,757092ab9747fb9dcf124b90082b6c72afde6b7e717009a84b43de9110cfefb1,2089
TAKE_THIS/flood_sentinel_audit_package/project/chunks/chunk01/pilot_panel.json,handoff_copy,39437d82f95edb6b6bbb994fa7557bfe34f1393a06df9cda3e7378a3adee44fe,6782
TAKE_THIS/flood_sentinel_audit_package/project/chunks/chunk01/reality_gate_report.md,handoff_copy,62b6a746aefacd7eb19ae815ac0f5fe85195a0b0c0d98c7bc74b60a177eb9de4,5393
TAKE_THIS/flood_sentinel_audit_package/project/chunks/chunk01/reports/C01-01/contract_report.md,handoff_copy,ae22b7a6e8ce6669466f0cd8fd07bb01e9d5e36e98aec8cfa9a2c497170eef97,5503
TAKE_THIS/flood_sentinel_audit_package/project/chunks/chunk01/reports/C01-02/contract_report.md,handoff_copy,cdc13123a513fab00e8fc5872e2fae06801e80220317853f8fc3b1c23fd99b3c,4284
TAKE_THIS/flood_sentinel_audit_package/project/chunks/chunk01/reports/C01-03/contract_report.md,handoff_copy,518ea71f71dffc085d9ace3314c7568bf5961e03a33dbf91fb61033bd681bd0f,4660
TAKE_THIS/flood_sentinel_audit_package/project/chunks/chunk01/reports/C01-04/contract_report.md,handoff_copy,6775820f00f7a59f95a685dd0e43c41a6c8a5dd91e21cafe21b46b8fea8273aa,5145
TAKE_THIS/flood_sentinel_audit_package/project/chunks/chunk01/reports/C01-05/contract_report.md,handoff_copy,a06feead63865a52f0120b359e9613b189aba79666aab250859f993009660276,4497
TAKE_THIS/flood_sentinel_audit_package/project/chunks/chunk01/reports/C01-06/contract_report.md,handoff_copy,ac1f0a29e60203b5b1080f761951067413dbfcd7885651b2c03619b9b9ed9f73,4845
TAKE_THIS/flood_sentinel_audit_package/project/chunks/chunk01/reports/C01-07/contract_report.md,handoff_copy,1600359d05df751e6a78c998be946378be530d004b10706d75f7d63f90ec7f2a,4808
TAKE_THIS/flood_sentinel_audit_package/project/chunks/chunk01/reports/C01-08/contract_report.md,handoff_copy,4c8e2e3ebd2f51501f2682c0d99bbb1e82a54fcca8fadf28bb5931ac7adae218,5128
TAKE_THIS/flood_sentinel_audit_package/project/chunks/chunk01/reports/C01-09/contract_report.md,handoff_copy,7fd26408671a3bf475f59b6df3f6d047a155dff2d0b6ee7e4430a4f97a1f5c0b,4748
TAKE_THIS/flood_sentinel_audit_package/project/chunks/chunk01/reports/C01-10/contract_report.md,handoff_copy,57e3c70c6a86d3694e30a74bb6473f8af1c3742af1b1ae31236c3b9d55a259d6,4761
TAKE_THIS/flood_sentinel_audit_package/project/chunks/chunk01/reports/C01-10/nwm_op_precheck_results.json,handoff_copy,c13ad43c8cb084b830d6bce187fd232a78a07c1b8a4ad556cfceaa84431fd372,2264
TAKE_THIS/flood_sentinel_audit_package/project/chunks/chunk01/reports/C01-11/contract_report.md,handoff_copy,4601079854503836934505ea621036eadc1f32c92355c053fa24c5f41670c518,7174
TAKE_THIS/flood_sentinel_audit_package/project/chunks/chunk02/chunk02.md,handoff_copy,1d4da8948c533e2cee381ea8ffde2963856597ce239df8d44c82039cc78d4c5e,7461
TAKE_THIS/flood_sentinel_audit_package/project/chunks/chunk02/chunk_report.md,handoff_copy,ff62a950e3de21715bf845470b269b77ae9964b8a40294348ffefaa11dd13c0b,10267
TAKE_THIS/flood_sentinel_audit_package/project/chunks/chunk02/contracts/C02-01_contract.md,handoff_copy,2c363dfc8018cae44da6861062dd569d19b71a845ef4f0e10b921ad6ba875fef,2700
TAKE_THIS/flood_sentinel_audit_package/project/chunks/chunk02/contracts/C02-02_contract.md,handoff_copy,b38de8278d104491e5919d9bd1601085eb6728a58a738d8eadcbbd97ba366078,3190
TAKE_THIS/flood_sentinel_audit_package/project/chunks/chunk02/contracts/C02-03_contract.md,handoff_copy,8ab1e4331ad6ac7d4184c24a71fca6b95531e553189674f7ad6066a57ad5bede,3688
TAKE_THIS/flood_sentinel_audit_package/project/chunks/chunk02/contracts/C02-04_contract.md,handoff_copy,f76065f8b4fc718c441f2bb3f0e81c523cd6e67ebe298da1bd083ffd9a152738,2122
TAKE_THIS/flood_sentinel_audit_package/project/chunks/chunk02/contracts/C02-05_contract.md,handoff_copy,d82127ad7caa45b8fdf657f4d96cb2f9afe1869fe518ce7570efddcc552e3833,1732
TAKE_THIS/flood_sentinel_audit_package/project/chunks/chunk02/contracts/C02-06_contract.md,handoff_copy,2f220e0feca05291c98e87e8ce7387697bc6372a94bf690c96d75d54e37f69b7,1858
TAKE_THIS/flood_sentinel_audit_package/project/chunks/chunk02/contracts/C02-07_contract.md,handoff_copy,35493847927121c099411785950cee6c88620db48909dee4bd6b286fb6d18dba,2191
TAKE_THIS/flood_sentinel_audit_package/project/chunks/chunk02/contracts/C02-08_contract.md,handoff_copy,0afb2656db7b504d75f4cbe3d38524fa515f2b8c62614b995e987736a9127ef0,1590
TAKE_THIS/flood_sentinel_audit_package/project/chunks/chunk02/contracts/C02-09_contract.md,handoff_copy,abd74f0c804b5ce08182fe7f9c1d3b604dc4b5b434fc816ba5236ab0d3544bd7,2479
TAKE_THIS/flood_sentinel_audit_package/project/chunks/chunk02/contracts/C02-10_contract.md,handoff_copy,770121db2f65c6ae8360b1b9d782fdfc2cfc08d9b9a7a6f51ee949ee0df7307b,1752
TAKE_THIS/flood_sentinel_audit_package/project/chunks/chunk02/contracts/C02-11_contract.md,handoff_copy,92cece7fd2fdb452427e85ec01890ac08c51ee3b09a8aaf73af3f9364eb2def5,3825
TAKE_THIS/flood_sentinel_audit_package/project/chunks/chunk02/contracts/C02-12_contract.md,handoff_copy,72552670db785326fd5bfb0d7cfb9cabf6bc04abc973cfec2c40b83a517427d5,2604
TAKE_THIS/flood_sentinel_audit_package/project/chunks/chunk02/contracts/C02-13_contract.md,handoff_copy,0909f4de78b845d354bbd21da9404faf0dc2303ff49b6151d446dca3a8994cd8,1982
TAKE_THIS/flood_sentinel_audit_package/project/chunks/chunk02/contracts/C02-14_contract.md,handoff_copy,c8589f5e6f23414da22f471f42c1b5e3a3acb64a879026c8342d685ce68e13b0,3694
TAKE_THIS/flood_sentinel_audit_package/project/chunks/chunk02/data/attributes/static_basin_attributes.parquet,handoff_copy,70f9051caf83585ef0618243f46279c6b5ed4b673692d04616ee07f388e8cc46,21602
TAKE_THIS/flood_sentinel_audit_package/project/chunks/chunk02/data/events/flood_events.json,handoff_copy,af781c584eb9edffa9a46fc8e55235526fd9d5cc271c14d0253b0644552deb3c,1729886
TAKE_THIS/flood_sentinel_audit_package/project/chunks/chunk02/data/events/flood_events.parquet,handoff_copy,21eb0c2a95639fe74d18001ff0c6f0c14b477e292c479846c43ceb5d42c68032,117529
TAKE_THIS/flood_sentinel_audit_package/project/chunks/chunk02/data/events/primary_flood_episodes.parquet,handoff_copy,20b22c6530c40aa3b57f1865f4603123af4633fb307b50da5e3e8eaaf005c574,111985
TAKE_THIS/flood_sentinel_audit_package/project/chunks/chunk02/data/gridmet/01034500/gridmet_daily.parquet,handoff_copy,9597033e9d23113d30531a1cff59c4b564d513ab858400df06d0c52034de4b23,121214
TAKE_THIS/flood_sentinel_audit_package/project/chunks/chunk02/data/gridmet/01137500/gridmet_daily.parquet,handoff_copy,4e5785156f7ed209c8f4f999a612d9e7643831181811cc125f8cc70442dc5d9c,121406
TAKE_THIS/flood_sentinel_audit_package/project/chunks/chunk02/data/gridmet/01184000/gridmet_daily.parquet,handoff_copy,bb028d08bbb5aa3386b2f095f33033e68af2cebf3f7cc5a444574a87083e6aad,119014
TAKE_THIS/flood_sentinel_audit_package/project/chunks/chunk02/data/gridmet/01372500/gridmet_daily.parquet,handoff_copy,8078581aa8b3b1f1ad4c228b037b0bb20e1ada9532da37c3e2a670691034a6a7,118884
TAKE_THIS/flood_sentinel_audit_package/project/chunks/chunk02/data/gridmet/01434000/gridmet_daily.parquet,handoff_copy,33477e38683839d5a2c6fc930de8aebbffee5690b8e4b32bcc9a5d4c13bda475,118961
TAKE_THIS/flood_sentinel_audit_package/project/chunks/chunk02/data/gridmet/01445500/gridmet_daily.parquet,handoff_copy,69e2ddde58c0973e316296822ea8c7a05dee8577dbd34a5426f8e9a2dd37e53f,118860
TAKE_THIS/flood_sentinel_audit_package/project/chunks/chunk02/data/gridmet/01463500/gridmet_daily.parquet,handoff_copy,2cad1628c38235e394fa994520822ee9201144e8a44f67a62be623233b7f857e,118389
TAKE_THIS/flood_sentinel_audit_package/project/chunks/chunk02/data/gridmet/01541000/gridmet_daily.parquet,handoff_copy,05b310a7f7b7be8ddbb523597ac70d11b206853c1eaa331750fea3e96495bc76,119338
TAKE_THIS/flood_sentinel_audit_package/project/chunks/chunk02/data/gridmet/01646500/gridmet_daily.parquet,handoff_copy,facd7302380131d67dfee18044f67939977e53ec775bfb93bf16bfce37043621,118553
TAKE_THIS/flood_sentinel_audit_package/project/chunks/chunk02/data/gridmet/02083500/gridmet_daily.parquet,handoff_copy,67a9d4ee8b9b15affd63db3448d29738d22e9d143ca6bf108613ff0fb612914c,117939
TAKE_THIS/flood_sentinel_audit_package/project/chunks/chunk02/data/gridmet/02085000/gridmet_daily.parquet,handoff_copy,c304afb80012938f425e64a113693a0482f746ef55456ea10e353cb999b52066,117934
TAKE_THIS/flood_sentinel_audit_package/project/chunks/chunk02/data/gridmet/02138500/gridmet_daily.parquet,handoff_copy,537339e5578551f9eddd9915ce5556ead994281d53e4529c8ba8b28b34b0faad,118570
TAKE_THIS/flood_sentinel_audit_package/project/chunks/chunk02/data/gridmet/02175000/gridmet_daily.parquet,handoff_copy,3f4ff162e57afb21b31edcbd3097b8419300834cbf4d6e2af1e31d71ccc0f90d,117763
TAKE_THIS/flood_sentinel_audit_package/project/chunks/chunk02/data/gridmet/02202500/gridmet_daily.parquet,handoff_copy,d994f8381b041cc6491a4d55de95359baac5242fa1df2dc7ea5122641bf2c362,117336
TAKE_THIS/flood_sentinel_audit_package/project/chunks/chunk02/data/gridmet/02322500/gridmet_daily.parquet,handoff_copy,b4f3c916af3cf41618c51a1463cfeb79e0b471861f098347e757c5efa7359124,117370
TAKE_THIS/flood_sentinel_audit_package/project/chunks/chunk02/data/gridmet/03164000/gridmet_daily.parquet,handoff_copy,2609e51d51754b3e1940173ed23e443cd2cd7a07106c41fd97ef9f473549ff82,118286
TAKE_THIS/flood_sentinel_audit_package/project/chunks/chunk02/data/gridmet/03217500/gridmet_daily.parquet,handoff_copy,947a8308e8d0909858b4891a3c07d731c8941b3f10b5e7aa2d7f89b738539aa3,119889
TAKE_THIS/flood_sentinel_audit_package/project/chunks/chunk02/data/gridmet/03335500/gridmet_daily.parquet,handoff_copy,86e7a65f5ac9df19a2a7c322f82d10896bc259260a3f177a9970b40d62fa8c30,119899
TAKE_THIS/flood_sentinel_audit_package/project/chunks/chunk02/data/gridmet/03345500/gridmet_daily.parquet,handoff_copy,68cfa786da5379c9c311f0f7acf372bf643536c2c6d2ed089b5696e7ad472466,119798
TAKE_THIS/flood_sentinel_audit_package/project/chunks/chunk02/data/gridmet/03438000/gridmet_daily.parquet,handoff_copy,a690601f3d914e75bdd68797be293c452cf91e96bb7aabb3275537f512198845,118825
TAKE_THIS/flood_sentinel_audit_package/project/chunks/chunk02/data/gridmet/03497300/gridmet_daily.parquet,handoff_copy,be5295dfe35a0d1495d42ea2de432f2e0f97c3ce79e841b785f9419f56f8d7e1,118852
TAKE_THIS/flood_sentinel_audit_package/project/chunks/chunk02/data/gridmet/040851385/gridmet_daily.parquet,handoff_copy,78e15a5efb9473149ce151183d154eb30bb5cf2a7d6f6ccfdd4729a1af099d1a,121031
TAKE_THIS/flood_sentinel_audit_package/project/chunks/chunk02/data/gridmet/04122500/gridmet_daily.parquet,handoff_copy,1c6b198cda217555cfc4dcdc459e955c7d5f6274718273b55616f9cb638b679f,118530
TAKE_THIS/flood_sentinel_audit_package/project/chunks/chunk02/data/gridmet/04193500/gridmet_daily.parquet,handoff_copy,fababe7da67a1c225b5e9ed0a64f3737b40e65eb3f17786ad06f058052e99abe,118604
TAKE_THIS/flood_sentinel_audit_package/project/chunks/chunk02/data/gridmet/05286000/gridmet_daily.parquet,handoff_copy,ced6a114269e890a1ea5e8afc29f2df4a45ae30466f210ab2fe9ace77454234c,121111
TAKE_THIS/flood_sentinel_audit_package/project/chunks/chunk02/data/gridmet/05389500/gridmet_daily.parquet,handoff_copy,86d9306ce06f32aa6e80e70860d93999d91b89d2c08ddf9fa411690dc7c7d376,121058
TAKE_THIS/flood_sentinel_audit_package/project/chunks/chunk02/data/gridmet/05420500/gridmet_daily.parquet,handoff_copy,105160284d4fcf90251bc3bc8295132ca2987927f0e2b17bf6f140ce66e96a5f,121205
TAKE_THIS/flood_sentinel_audit_package/project/chunks/chunk02/data/gridmet/05431486/gridmet_daily.parquet,handoff_copy,2c9f26dacb5ec50ebb892ebbc0a9923567cf36a7039f338e7ff9eb41c3d46be6,121306
TAKE_THIS/flood_sentinel_audit_package/project/chunks/chunk02/data/gridmet/05435500/gridmet_daily.parquet,handoff_copy,0e59aca12959f93fef51ec241c5647809a4d31def92b3cd99f52e234a3b79008,121221
TAKE_THIS/flood_sentinel_audit_package/project/chunks/chunk02/data/gridmet/06025500/gridmet_daily.parquet,handoff_copy,035234d5849c45b981cf6864e0b6e95954d3d3666a3823b3f441c2125a642c4f,114219
TAKE_THIS/flood_sentinel_audit_package/project/chunks/chunk02/data/gridmet/06478500/gridmet_daily.parquet,handoff_copy,575198649abdfce5f3b1c1829e4ce37dac7ce240b7b81f7cb981f11219ff5b87,119703
TAKE_THIS/flood_sentinel_audit_package/project/chunks/chunk02/data/gridmet/06719505/gridmet_daily.parquet,handoff_copy,90a3660840f6c5ce7a1a5a54d0b532ceaeaaed127524bce90bafa1dad1a42970,115678
TAKE_THIS/flood_sentinel_audit_package/project/chunks/chunk02/data/gridmet/06805500/gridmet_daily.parquet,handoff_copy,81b1a25cecc4f8e39b67bff18172ef6119fd0784a2cf334d8b3227087e613d66,120274
TAKE_THIS/flood_sentinel_audit_package/project/chunks/chunk02/data/gridmet/06888500/gridmet_daily.parquet,handoff_copy,41a3bb400dd24951f4f1cae20872fa015a79d042fd382c22eb9456a175500e1b,118405
TAKE_THIS/flood_sentinel_audit_package/project/chunks/chunk02/data/gridmet/07144100/gridmet_daily.parquet,handoff_copy,bbe2dbb25724d0411de87ab9b46d23cbbb608fa1078ace23110d9dbed7e1a15d,117779
TAKE_THIS/flood_sentinel_audit_package/project/chunks/chunk02/data/gridmet/07197000/gridmet_daily.parquet,handoff_copy,3d0c2707d3422301ee746ed8bbef7a0c7e2de9251df4e3cd1a8f127b6571e96e,117893
TAKE_THIS/flood_sentinel_audit_package/project/chunks/chunk02/data/gridmet/07261000/gridmet_daily.parquet,handoff_copy,c3fc2418e7b2668fe28055c86db3f0935f2364c6de61d58287370c6245a470c5,118170
TAKE_THIS/flood_sentinel_audit_package/project/chunks/chunk02/data/gridmet/07288500/gridmet_daily.parquet,handoff_copy,3cb9967f688956f9beb75b623eb4678981ff8e7cc3a140fbc499f210757c1cc6,118275
TAKE_THIS/flood_sentinel_audit_package/project/chunks/chunk02/data/gridmet/07375500/gridmet_daily.parquet,handoff_copy,10c13bf76334150fdf16aecfbe9f4437e592465370a52c28683bda6edf91c0c7,118572
TAKE_THIS/flood_sentinel_audit_package/project/chunks/chunk02/data/gridmet/08068000/gridmet_daily.parquet,handoff_copy,e284ff8d498cdeb8f0391c5271e4be1576f9b7c74275972bc2d2b3c07a083dbe,117909
TAKE_THIS/flood_sentinel_audit_package/project/chunks/chunk02/data/gridmet/08101000/gridmet_daily.parquet,handoff_copy,cda3688770049aabc27245912881acd1d88fc8d5f96ccf2a4eafef6fc737f73a,115638
TAKE_THIS/flood_sentinel_audit_package/project/chunks/chunk02/data/gridmet/08144500/gridmet_daily.parquet,handoff_copy,563b370fefe3d0d2e99b22e71d1a87e1c75cc5bc15c1590580069a7c878c3cc8,114341
TAKE_THIS/flood_sentinel_audit_package/project/chunks/chunk02/data/gridmet/08167000/gridmet_daily.parquet,handoff_copy,12b8b59936c245c0bff2c65a3e29c800f0b386afe77be9fb5f83d406e1d69bc5,114964
TAKE_THIS/flood_sentinel_audit_package/project/chunks/chunk02/data/gridmet/08167500/gridmet_daily.parquet,handoff_copy,d27112695294815d201f8495b626f30238ec16b20ce4f8ddf72f1ed586c1f513,115187
TAKE_THIS/flood_sentinel_audit_package/project/chunks/chunk02/data/gridmet/09070500/gridmet_daily.parquet,handoff_copy,f006570c99677721679504023041d3f618a5e3274e6c8a8686ccec68b444a3f9,113984
TAKE_THIS/flood_sentinel_audit_package/project/chunks/chunk02/data/gridmet/09112500/gridmet_daily.parquet,handoff_copy,689b580ead128f77c941df769d41cf8aaa63ccf745474f8770accd9575ce10fd,114747
TAKE_THIS/flood_sentinel_audit_package/project/chunks/chunk02/data/gridmet/09444500/gridmet_daily.parquet,handoff_copy,0e08d143f5782e80f13318731cb968f301acabdb310230a79753cb4f14a7a7e7,111377
TAKE_THIS/flood_sentinel_audit_package/project/chunks/chunk02/data/gridmet/09498500/gridmet_daily.parquet,handoff_copy,bb9d4fbc80379e93e40a571c27d1db7300ad4574393c77a3e7d27bb446e86a03,110725
TAKE_THIS/flood_sentinel_audit_package/project/chunks/chunk02/data/gridmet/11264500/gridmet_daily.parquet,handoff_copy,5469a950a7877916aa7a1a597555c3589551d86abf8dc475f997fcce3b123576,114062
TAKE_THIS/flood_sentinel_audit_package/project/chunks/chunk02/data/gridmet/12447200/gridmet_daily.parquet,handoff_copy,0ce0854bf358731a40b09613d1712ab503150e278c1660ca6d3c4828e4333b79,114929
TAKE_THIS/flood_sentinel_audit_package/project/chunks/chunk02/data/gridmet/13317000/gridmet_daily.parquet,handoff_copy,848db61eeea788fffd706c04a0f798d0d9c59cd3af3b780fed8fea6cc69bb6b2,114699
TAKE_THIS/flood_sentinel_audit_package/project/chunks/chunk02/data/gridmet/14137000/gridmet_daily.parquet,handoff_copy,8fcc9cd8b07a77a9381ddb27629a4c35c6dd611f94d6b7e4724b61a7cbc34d24,117775
TAKE_THIS/flood_sentinel_audit_package/project/chunks/chunk02/data/gridmet/14181500/gridmet_daily.parquet,handoff_copy,7a718910829e5d67ce05c9d15df5a7c4e0a071684d910f456f39f8414a0e01f0,118926
TAKE_THIS/flood_sentinel_audit_package/project/chunks/chunk02/data/gridmet/14211720/gridmet_daily.parquet,handoff_copy,427684fe4d3710e8335ddc2f801fc9f379dbd9ac3e83a52a4a760dde61bbf5be,116446
TAKE_THIS/flood_sentinel_audit_package/project/chunks/chunk02/data/nwm_retro/01034500/nwm_retro_daily.parquet,handoff_copy,0643084c94e44c681dfb91fc8fcc8f39ad51953b2314a98e361a757b3ef1e615,185042
TAKE_THIS/flood_sentinel_audit_package/project/chunks/chunk02/data/nwm_retro/01137500/nwm_retro_daily.parquet,handoff_copy,850382260ae0d821dfef66cdef490c6be9899320011adb5030822a68a2c3ba95,160899
TAKE_THIS/flood_sentinel_audit_package/project/chunks/chunk02/data/nwm_retro/01184000/nwm_retro_daily.parquet,handoff_copy,6c1e96abe5e209f855263e16e61596a64b878e97489dbd1ad373d899cbc49c4d,185829
TAKE_THIS/flood_sentinel_audit_package/project/chunks/chunk02/data/nwm_retro/01372500/nwm_retro_daily.parquet,handoff_copy,391aa5c9ebe21b3a0eb8f402e567cb6fbcd8f2286dba9e5bf90ce6e64ca46856,104146
TAKE_THIS/flood_sentinel_audit_package/project/chunks/chunk02/data/nwm_retro/01434000/nwm_retro_daily.parquet,handoff_copy,45b658b030a2126a53567cae00a406cca8e0b1bc9ff7a85584e1020ac3076df4,167534
TAKE_THIS/flood_sentinel_audit_package/project/chunks/chunk02/data/nwm_retro/01445500/nwm_retro_daily.parquet,handoff_copy,d66ee8f6aca36f5da699cd7666bf6ba5cdf89486a7813558b4b72f4bab3f8979,100118
TAKE_THIS/flood_sentinel_audit_package/project/chunks/chunk02/data/nwm_retro/01463500/nwm_retro_daily.parquet,handoff_copy,4242aacd961a359025aa97a955a34da8663afc4e140447f90c97f6b4ae98c3d0,98842
TAKE_THIS/flood_sentinel_audit_package/project/chunks/chunk02/data/nwm_retro/01541000/nwm_retro_daily.parquet,handoff_copy,8eeb93c87ec7f1ec61f3be1672f6ed9b3589bc7887d1e6bb9464e2eef65b6d86,165554
TAKE_THIS/flood_sentinel_audit_package/project/chunks/chunk02/data/nwm_retro/01646500/nwm_retro_daily.parquet,handoff_copy,a1e9af0fd354e96bb107c11e5d01dd3d4d735a247a9be35ec44c9a3653c92001,101592
TAKE_THIS/flood_sentinel_audit_package/project/chunks/chunk02/data/nwm_retro/02083500/nwm_retro_daily.parquet,handoff_copy,772e2d2557928113842f344a8aafb4f89439496b44bde605f172fc0b4f52e58d,106029
TAKE_THIS/flood_sentinel_audit_package/project/chunks/chunk02/data/nwm_retro/02085000/nwm_retro_daily.parquet,handoff_copy,06aa91da8d072dad16fce829522672c935c4ac1ead527b862c751bb024684e8d,104979
TAKE_THIS/flood_sentinel_audit_package/project/chunks/chunk02/data/nwm_retro/02138500/nwm_retro_daily.parquet,handoff_copy,494a51f9cf9546d2285c437315e59e029705cbbef5fb49184a050fda21d315cd,165002
TAKE_THIS/flood_sentinel_audit_package/project/chunks/chunk02/data/nwm_retro/02175000/nwm_retro_daily.parquet,handoff_copy,f05eae3be62d7905e5cd91a5f4a3fedb21f7eba19d2557163ff18da5ab51a0e2,175518
TAKE_THIS/flood_sentinel_audit_package/project/chunks/chunk02/data/nwm_retro/02202500/nwm_retro_daily.parquet,handoff_copy,9206dffae93f5e24cbeb273b319d648bfb3d6c2f39e816c363f08a5c289c844a,173190
TAKE_THIS/flood_sentinel_audit_package/project/chunks/chunk02/data/nwm_retro/02322500/nwm_retro_daily.parquet,handoff_copy,ebd219e744710998c14686781178079e635d9a6d586448639a9eea2a60b04a46,95934
TAKE_THIS/flood_sentinel_audit_package/project/chunks/chunk02/data/nwm_retro/03164000/nwm_retro_daily.parquet,handoff_copy,6454673d395d34d1720cab2dc4979f4ef41a618d2fcfd95f839f8126dd6e8ab4,165902
TAKE_THIS/flood_sentinel_audit_package/project/chunks/chunk02/data/nwm_retro/03217500/nwm_retro_daily.parquet,handoff_copy,066ffbb5dd6ab337b8cb94ef3b66caf8541af5b10779d11468a60bda77af1f72,110371
TAKE_THIS/flood_sentinel_audit_package/project/chunks/chunk02/data/nwm_retro/03335500/nwm_retro_daily.parquet,handoff_copy,7ea9d2507a2bdd743ab0afb44fa2de0bb64bc7b86934269ff85a574726e8d12f,99367
TAKE_THIS/flood_sentinel_audit_package/project/chunks/chunk02/data/nwm_retro/03345500/nwm_retro_daily.parquet,handoff_copy,3f6e3d873257a5c249138cd0d9045e0c59e3fbed64887e43d1e03dd571afe405,107532
TAKE_THIS/flood_sentinel_audit_package/project/chunks/chunk02/data/nwm_retro/03438000/nwm_retro_daily.parquet,handoff_copy,2da2d7324e674a5a03117f79cb131bbbd8518053b91dad6552d9b95d738af2d2,155845
TAKE_THIS/flood_sentinel_audit_package/project/chunks/chunk02/data/nwm_retro/03497300/nwm_retro_daily.parquet,handoff_copy,f31c9308736a42e5a0110b468b0ec4358fdf3de56da6de3ae5289e882627905a,166665
TAKE_THIS/flood_sentinel_audit_package/project/chunks/chunk02/data/nwm_retro/040851385/nwm_retro_daily.parquet,handoff_copy,fee9dcdca22264eb7048998e617a7704580d5384e45ce836af92f7f4eba26d9b,173757
TAKE_THIS/flood_sentinel_audit_package/project/chunks/chunk02/data/nwm_retro/04122500/nwm_retro_daily.parquet,handoff_copy,c2287d461c15cec2ae382087ada67d66c3cf2ab5fe1827840d5c3facfbaaec82,167044
TAKE_THIS/flood_sentinel_audit_package/project/chunks/chunk02/data/nwm_retro/04193500/nwm_retro_daily.parquet,handoff_copy,036c73ffec8a38b33e5738dfbd07c67edf5ace8651f371602db67c253fdeffeb,168875
TAKE_THIS/flood_sentinel_audit_package/project/chunks/chunk02/data/nwm_retro/05286000/nwm_retro_daily.parquet,handoff_copy,1c2fc06930f03aba62eab7a040fbe8b02e5d1b40267ebef39bc6a9d3aa19a7aa,165431
TAKE_THIS/flood_sentinel_audit_package/project/chunks/chunk02/data/nwm_retro/05389500/nwm_retro_daily.parquet,handoff_copy,7d5320b7ee858cfcdce908c9da76c3c9c356cddf6fd3fb979f538d577d351c83,139579
TAKE_THIS/flood_sentinel_audit_package/project/chunks/chunk02/data/nwm_retro/05420500/nwm_retro_daily.parquet,handoff_copy,56d2b948b56510959195058447fd011fb7c074e6d51917bc1fb5577c0c23fe11,95699
TAKE_THIS/flood_sentinel_audit_package/project/chunks/chunk02/data/nwm_retro/05431486/nwm_retro_daily.parquet,handoff_copy,f9cf422368f4431a78de87d7997b67b4e1bb811e510b0b2d240e85bdf6f4a59e,98467
TAKE_THIS/flood_sentinel_audit_package/project/chunks/chunk02/data/nwm_retro/05435500/nwm_retro_daily.parquet,handoff_copy,9aca8855e28b3ca47d4f7726a1c7a5afc414dfdb381b6aba909030cc9586eba2,98694
TAKE_THIS/flood_sentinel_audit_package/project/chunks/chunk02/data/nwm_retro/06025500/nwm_retro_daily.parquet,handoff_copy,617e5e04e5d1972b4743e2e7b748bf3fddf1ef67e3df5dae6b205a5da0fc7b2d,164947
TAKE_THIS/flood_sentinel_audit_package/project/chunks/chunk02/data/nwm_retro/06478500/nwm_retro_daily.parquet,handoff_copy,e2048da89297d5bd9f3233621df9606c0852b44b54f22396e9f3a77804f1e6e0,166740
TAKE_THIS/flood_sentinel_audit_package/project/chunks/chunk02/data/nwm_retro/06719505/nwm_retro_daily.parquet,handoff_copy,85c02fbdf32d6a6970604da026d2a6122b49b76eeb41a4e161e0479392d021ae,159970
TAKE_THIS/flood_sentinel_audit_package/project/chunks/chunk02/data/nwm_retro/06805500/nwm_retro_daily.parquet,handoff_copy,334fc55f13245f48aa824eafbf0002d28bda37224496a2a772f6234af04b4059,100432
TAKE_THIS/flood_sentinel_audit_package/project/chunks/chunk02/data/nwm_retro/06888500/nwm_retro_daily.parquet,handoff_copy,5241842e18479f43ea0b5dfcfb330cdbafdd2b9481d038e5974f5bfa909f5543,105231
TAKE_THIS/flood_sentinel_audit_package/project/chunks/chunk02/data/nwm_retro/07144100/nwm_retro_daily.parquet,handoff_copy,166f91c4025e78b1cb4e9351f65ab8b1dea976374f127afbbae76e48372beb0e,146890
TAKE_THIS/flood_sentinel_audit_package/project/chunks/chunk02/data/nwm_retro/07197000/nwm_retro_daily.parquet,handoff_copy,911b7e3f4659fcf0648c7ae61e8f8000e4762cd87ea1c45ebb72e8b164c294f0,163116
TAKE_THIS/flood_sentinel_audit_package/project/chunks/chunk02/data/nwm_retro/07261000/nwm_retro_daily.parquet,handoff_copy,72a4f6eb6a6a6f3612027210f11ba1ae01d7d6667e8c64b4108e45eed92de86b,153127
TAKE_THIS/flood_sentinel_audit_package/project/chunks/chunk02/data/nwm_retro/07288500/nwm_retro_daily.parquet,handoff_copy,f61873786fe3608cd38d916970faee37698a8b778be8081c8aa707da9b6604be,131616
TAKE_THIS/flood_sentinel_audit_package/project/chunks/chunk02/data/nwm_retro/07375500/nwm_retro_daily.parquet,handoff_copy,845a51165beb20f235b6f6f28d7c53590882be121e56efe48f69a04cca0754f9,171605
TAKE_THIS/flood_sentinel_audit_package/project/chunks/chunk02/data/nwm_retro/08068000/nwm_retro_daily.parquet,handoff_copy,166100da129acd86e62a054d1e794df3f3e51b3a2f90dbe6a422ab144fe0fdf6,158166
TAKE_THIS/flood_sentinel_audit_package/project/chunks/chunk02/data/nwm_retro/08101000/nwm_retro_daily.parquet,handoff_copy,5053fdc006fbc5bcda093e220f1d29d517497a21930d64d06f9043d849a10377,130632
TAKE_THIS/flood_sentinel_audit_package/project/chunks/chunk02/data/nwm_retro/08144500/nwm_retro_daily.parquet,handoff_copy,3ac85bb1a92ca6a109c735a7fbb7b2892e94e9a6f5e5b653d9ccf4cd9a095102,129965
TAKE_THIS/flood_sentinel_audit_package/project/chunks/chunk02/data/nwm_retro/08167000/nwm_retro_daily.parquet,handoff_copy,7b197f0db1c0e990f5aa5e1d5b8fd896f5e47207275ee3fff14570e8a43f4ebe,102502
TAKE_THIS/flood_sentinel_audit_package/project/chunks/chunk02/data/nwm_retro/08167500/nwm_retro_daily.parquet,handoff_copy,558a71728c2e01831a504d84d1139cbbcf9611140d2bbf9bfaa8112d351038f5,110002
TAKE_THIS/flood_sentinel_audit_package/project/chunks/chunk02/data/nwm_retro/09070500/nwm_retro_daily.parquet,handoff_copy,364aeb326c4431d9f0d4dbe1cbace5f052dde25b061216ce4a77eee43dc72ff3,165145
TAKE_THIS/flood_sentinel_audit_package/project/chunks/chunk02/data/nwm_retro/09112500/nwm_retro_daily.parquet,handoff_copy,33b72c85e40227cc1d3848c0ccd4f46831414201ced29e8d72b4e23ccd989f3e,159490
TAKE_THIS/flood_sentinel_audit_package/project/chunks/chunk02/data/nwm_retro/09444500/nwm_retro_daily.parquet,handoff_copy,6dcf1a2aa38b9fa189d8d764761c01ae332e8e2850bfacd8df44a61b12c45d97,163003
TAKE_THIS/flood_sentinel_audit_package/project/chunks/chunk02/data/nwm_retro/09498500/nwm_retro_daily.parquet,handoff_copy,218c6522e8b692a7bcb677630094e1ccd09c20400527ffdbd241755f925c6f11,163884
TAKE_THIS/flood_sentinel_audit_package/project/chunks/chunk02/data/nwm_retro/11264500/nwm_retro_daily.parquet,handoff_copy,de2330bdfcc1ebc868e5cf00bb025163f280b4affb800c3c6897a5dd50440fe2,160791
TAKE_THIS/flood_sentinel_audit_package/project/chunks/chunk02/data/nwm_retro/12447200/nwm_retro_daily.parquet,handoff_copy,704e57bc61160bb1b28942cf498fcf0c31ece54d5bf89355acb4046a803b8b3f,169147
TAKE_THIS/flood_sentinel_audit_package/project/chunks/chunk02/data/nwm_retro/13317000/nwm_retro_daily.parquet,handoff_copy,f5d5f3cb6764a78313da9fb28588e08973d772b2d830395955a9d56bd520fa0d,169339
TAKE_THIS/flood_sentinel_audit_package/project/chunks/chunk02/data/nwm_retro/14137000/nwm_retro_daily.parquet,handoff_copy,a1a3bc79638c2d4f1d50951d231beb6b8753f1b21d047624d3bf30a7fc597609,99108
TAKE_THIS/flood_sentinel_audit_package/project/chunks/chunk02/data/nwm_retro/14181500/nwm_retro_daily.parquet,handoff_copy,cc8b384b6ee0bb9cb32e84887ecbebf28667b5fc8f5e356f264aebce3fa61460,165092
TAKE_THIS/flood_sentinel_audit_package/project/chunks/chunk02/data/nwm_retro/14211720/nwm_retro_daily.parquet,handoff_copy,9c3b8512e223c5935ab1fcd092ea61671cce9dc7a1fa4d7b129c23be31e2b08a,99753
TAKE_THIS/flood_sentinel_audit_package/project/chunks/chunk02/data/response_time/eligibility_tags.json,handoff_copy,0aedd62a698d9e8048932e26c6a1af4b62d26b732400787332c25dc1a0d9c9a3,26437
TAKE_THIS/flood_sentinel_audit_package/project/chunks/chunk02/data/response_time/eligibility_tags.parquet,handoff_copy,60c21ed2f8e269dc45af4d1c5c73a159b0881e81fe66f55e4c2caf3cfd18a1cd,6962
TAKE_THIS/flood_sentinel_audit_package/project/chunks/chunk02/data/snodas/01034500/snodas_daily.parquet,handoff_copy,8dfd69c24f9ab6c3687222b8e8cb7d6df82cc5dbce50a323b08941753e114a00,53366
TAKE_THIS/flood_sentinel_audit_package/project/chunks/chunk02/data/snodas/01137500/snodas_daily.parquet,handoff_copy,afcb3c57d0f5966ecac3b3eb203e948fc051605fd74897ddbc16a6689707c2a1,54018
TAKE_THIS/flood_sentinel_audit_package/project/chunks/chunk02/data/snodas/01184000/snodas_daily.parquet,handoff_copy,6b0449573eadce926fc7a109c87d4015495312ddb0baed057cb3ee2ae9f7fb33,47583
TAKE_THIS/flood_sentinel_audit_package/project/chunks/chunk02/data/snodas/01372500/snodas_daily.parquet,handoff_copy,ca4e48eed3ffae4fe54c54e022479a7968f37d49283b22727be89bdcb6a76cac,56305
TAKE_THIS/flood_sentinel_audit_package/project/chunks/chunk02/data/snodas/01434000/snodas_daily.parquet,handoff_copy,071e3c6359a97a5770c2ff396d67e125cecfc7570329c074bf733d75b058d56d,48341
TAKE_THIS/flood_sentinel_audit_package/project/chunks/chunk02/data/snodas/01445500/snodas_daily.parquet,handoff_copy,4a1a765d8bdbf08be4c54d40f9f9128e87c71ee92cf43b0e2ce9fd48487f5415,48474
TAKE_THIS/flood_sentinel_audit_package/project/chunks/chunk02/data/snodas/01463500/snodas_daily.parquet,handoff_copy,c463a41d2d8a32afffe65205eeb0dd1075bfe724e10806ea5ac6f0215daeb4a0,48534
TAKE_THIS/flood_sentinel_audit_package/project/chunks/chunk02/data/snodas/01541000/snodas_daily.parquet,handoff_copy,83dabd780ced62d6de3dc0de6019b90c8a17a53b4a115c9895895fcaa015bc05,48884
TAKE_THIS/flood_sentinel_audit_package/project/chunks/chunk02/data/snodas/01646500/snodas_daily.parquet,handoff_copy,9a9d79e926826f9804dd78c878c1cda96a6de94efea68d368bd9b18d99b6603a,44813
TAKE_THIS/flood_sentinel_audit_package/project/chunks/chunk02/data/snodas/02083500/snodas_daily.parquet,handoff_copy,651aa669368088e4539a9a556d51811cbfc5f1b0a945584ba7ca50e882e72d8a,43210
TAKE_THIS/flood_sentinel_audit_package/project/chunks/chunk02/data/snodas/02085000/snodas_daily.parquet,handoff_copy,dce4dd64313b15672164a215cb7367290d433412987c8ee11bd0b9237e2b4f8a,43210
TAKE_THIS/flood_sentinel_audit_package/project/chunks/chunk02/data/snodas/02138500/snodas_daily.parquet,handoff_copy,ead8ad49b5132b63143375cbef2592f8033e6ea1df9b52e47146cdb69033a166,43306
TAKE_THIS/flood_sentinel_audit_package/project/chunks/chunk02/data/snodas/02175000/snodas_daily.parquet,handoff_copy,cae29c20aa2ea4ba30aed5f69e02d6c8c7ed140e30089e07f7a9c4bc861788ca,43306
TAKE_THIS/flood_sentinel_audit_package/project/chunks/chunk02/data/snodas/02202500/snodas_daily.parquet,handoff_copy,3a813b25c969130a4a42280835e59a5a30b24300a67d2fa29e856383af90e810,43306
TAKE_THIS/flood_sentinel_audit_package/project/chunks/chunk02/data/snodas/02322500/snodas_daily.parquet,handoff_copy,867658298fdea53ce4805c29b4ba8b3e7006c91c4aab9603c09951a2d969ba39,43210
TAKE_THIS/flood_sentinel_audit_package/project/chunks/chunk02/data/snodas/03164000/snodas_daily.parquet,handoff_copy,e44318483ae9b9384fa1f360d424860b962eddde1ccc3e3a865e21a9dc19e584,45502
TAKE_THIS/flood_sentinel_audit_package/project/chunks/chunk02/data/snodas/03217500/snodas_daily.parquet,handoff_copy,f01b2e03f1141b477a81291294ad26440b26b83dda0d8657395ff1d2d99b9fd4,46703
TAKE_THIS/flood_sentinel_audit_package/project/chunks/chunk02/data/snodas/03335500/snodas_daily.parquet,handoff_copy,a726614ba7337a6cb45ae280449ecaf2a86bf9e2f3689b7634d6e749b6107e98,59393
TAKE_THIS/flood_sentinel_audit_package/project/chunks/chunk02/data/snodas/03345500/snodas_daily.parquet,handoff_copy,1507b0db464518b4fd7d5e960dddc968ba7a05bae1cc4b6b323b0a781a3574be,55140
TAKE_THIS/flood_sentinel_audit_package/project/chunks/chunk02/data/snodas/03438000/snodas_daily.parquet,handoff_copy,b1d3e2135677b7bc422ce95e01410f8766c1c4c790297ca86d6648b987a98b98,44422
TAKE_THIS/flood_sentinel_audit_package/project/chunks/chunk02/data/snodas/03497300/snodas_daily.parquet,handoff_copy,11215dac7a7b56138a650b0fa7c7b6492bf46aafa1c495036f40c54baee47343,44512
TAKE_THIS/flood_sentinel_audit_package/project/chunks/chunk02/data/snodas/040851385/snodas_daily.parquet,handoff_copy,9f46afd1022709dae0e0e7cfbf4cbf4efe43cfeb02365d1ac4599aeda9ef575e,49442
TAKE_THIS/flood_sentinel_audit_package/project/chunks/chunk02/data/snodas/04122500/snodas_daily.parquet,handoff_copy,4d6c3dae7f03b89445305c7e442aebb64460d02408fa70b8379808bfa73519ed,50876
TAKE_THIS/flood_sentinel_audit_package/project/chunks/chunk02/data/snodas/04193500/snodas_daily.parquet,handoff_copy,87657937931f22eb6eb9d3125fd9420caa978432be2994fc8237d3077f1dba36,47445
TAKE_THIS/flood_sentinel_audit_package/project/chunks/chunk02/data/snodas/05286000/snodas_daily.parquet,handoff_copy,a61df36fe2397ba431d1e04932aa678bac03b187fd37363a44f6ad1cda9c4243,49205
TAKE_THIS/flood_sentinel_audit_package/project/chunks/chunk02/data/snodas/05389500/snodas_daily.parquet,handoff_copy,b0c5c5a949a6f308cbf017edb5ed047b78bf24b44cdc94b276cdb30499609dd4,48398
TAKE_THIS/flood_sentinel_audit_package/project/chunks/chunk02/data/snodas/05420500/snodas_daily.parquet,handoff_copy,72cd6c87409798e5159289d8f21708fb48317a70373b63d178b7f28e8ca35de6,54931
TAKE_THIS/flood_sentinel_audit_package/project/chunks/chunk02/data/snodas/05431486/snodas_daily.parquet,handoff_copy,c07d4ea4698b03a977f271e6e66642a83e06f714462a4bd4fec898fca1e108cf,65800
TAKE_THIS/flood_sentinel_audit_package/project/chunks/chunk02/data/snodas/05435500/snodas_daily.parquet,handoff_copy,7b3b53d4c4eb9ea62968bb7079e1cb54036caa0cb768e04bc2ac78d2eb56ce65,66373
TAKE_THIS/flood_sentinel_audit_package/project/chunks/chunk02/data/snodas/06025500/snodas_daily.parquet,handoff_copy,f381b0f26c8272a2b55132a0be858b1e92d1630145d6630047e4b51730bdefd3,47621
TAKE_THIS/flood_sentinel_audit_package/project/chunks/chunk02/data/snodas/06478500/snodas_daily.parquet,handoff_copy,1f5edd6f07fc0d30cffca033e9174dce779b123a323a7b7bd9b4c70a627b4c30,48101
TAKE_THIS/flood_sentinel_audit_package/project/chunks/chunk02/data/snodas/06719505/snodas_daily.parquet,handoff_copy,3c34a80408a7b069e440d76099fd49cd72dc9f4eab5d015580ad0a5fde5cab1f,47708
TAKE_THIS/flood_sentinel_audit_package/project/chunks/chunk02/data/snodas/06805500/snodas_daily.parquet,handoff_copy,8b54e4607c70cc936c4f7cdd8ca3576e51b3d3ebb57e52e5e0b6ccd7f5fd81c7,48824
TAKE_THIS/flood_sentinel_audit_package/project/chunks/chunk02/data/snodas/06888500/snodas_daily.parquet,handoff_copy,756d22575430efaa4b45b9435fad2aea0c22ca9d34fee78640736351509d351d,52294
TAKE_THIS/flood_sentinel_audit_package/project/chunks/chunk02/data/snodas/07144100/snodas_daily.parquet,handoff_copy,09f8e22e6e355178e8e6e1bcd4ede2c98e703ec87622655c6e85408c74ecf2e7,43306
TAKE_THIS/flood_sentinel_audit_package/project/chunks/chunk02/data/snodas/07197000/snodas_daily.parquet,handoff_copy,c15d0ff8950c1c1425b733eead1bb90f631066cb897ec3f59bcf4543a2f09f67,43306
TAKE_THIS/flood_sentinel_audit_package/project/chunks/chunk02/data/snodas/07261000/snodas_daily.parquet,handoff_copy,8dece2cbc51b9f318dbd9f84947538bab62e3701585972fea7959363e1195670,43306
TAKE_THIS/flood_sentinel_audit_package/project/chunks/chunk02/data/snodas/07288500/snodas_daily.parquet,handoff_copy,0b2e93d38697b1c35086c028b0a670ddfe4b4699f08c5fc88ff406cc38dd2a7d,43306
TAKE_THIS/flood_sentinel_audit_package/project/chunks/chunk02/data/snodas/07375500/snodas_daily.parquet,handoff_copy,5c278947e729544f31ccf2a3f7266f6a47330ae2e1f09a01e8853b097c2999ea,43306
TAKE_THIS/flood_sentinel_audit_package/project/chunks/chunk02/data/snodas/08068000/snodas_daily.parquet,handoff_copy,a94cbd434a4a954e56e7e49482f6a1f4e4fc8714b82b88d227c382a1267bef45,43306
TAKE_THIS/flood_sentinel_audit_package/project/chunks/chunk02/data/snodas/08101000/snodas_daily.parquet,handoff_copy,91b7f6d0c02a3fc70a8cfebfa396727d3e5c356e744537e2fb70d69975ab5941,43306
TAKE_THIS/flood_sentinel_audit_package/project/chunks/chunk02/data/snodas/08144500/snodas_daily.parquet,handoff_copy,e586ac3f71c965b6be872fa3eb6406eae4128902c100c3785a1de6febe050814,43306
TAKE_THIS/flood_sentinel_audit_package/project/chunks/chunk02/data/snodas/08167000/snodas_daily.parquet,handoff_copy,867c8e12b55ff5e36345cbc9bc6c027c81ec4daa3012dbe7384352802b7e5270,43210
TAKE_THIS/flood_sentinel_audit_package/project/chunks/chunk02/data/snodas/08167500/snodas_daily.parquet,handoff_copy,358dce4d9e7abb284911f1de2ec884f14d45fed3d23df3242ef96e9568f8f4fe,43210
TAKE_THIS/flood_sentinel_audit_package/project/chunks/chunk02/data/snodas/09070500/snodas_daily.parquet,handoff_copy,6ca052917d607c37337282b7077f04a72c546765c50d0dede08feb371e5e8cf7,49732
TAKE_THIS/flood_sentinel_audit_package/project/chunks/chunk02/data/snodas/09112500/snodas_daily.parquet,handoff_copy,c889f16751dffba575fbc56820f0479140e74fcdf832a8d6964eb2d0f24cf1c1,54312
TAKE_THIS/flood_sentinel_audit_package/project/chunks/chunk02/data/snodas/09444500/snodas_daily.parquet,handoff_copy,b772702dc3be2c77a7676f6b8c8cd6e38f653e4b00dae7426a2a250e462dfa74,43306
TAKE_THIS/flood_sentinel_audit_package/project/chunks/chunk02/data/snodas/09498500/snodas_daily.parquet,handoff_copy,1889223a67c45f8c5f3b36194f361be575e2b2f44e679b0de6bbafd297acd3b7,43308
TAKE_THIS/flood_sentinel_audit_package/project/chunks/chunk02/data/snodas/11264500/snodas_daily.parquet,handoff_copy,a169276e733874d6453fcfd8f2da8a5816429f123053fc74c17c7d3b895a5f3c,48402
TAKE_THIS/flood_sentinel_audit_package/project/chunks/chunk02/data/snodas/12447200/snodas_daily.parquet,handoff_copy,5f375a3e977fdd1180dce78521b75db4038a028c571ff810462bd3e503b9bde8,47932
TAKE_THIS/flood_sentinel_audit_package/project/chunks/chunk02/data/snodas/13317000/snodas_daily.parquet,handoff_copy,4e0410642c7705d3527ba128b40b1f598ca3fe3debc948f2496a59fda283f372,45048
TAKE_THIS/flood_sentinel_audit_package/project/chunks/chunk02/data/snodas/14137000/snodas_daily.parquet,handoff_copy,ca8eb7fa1b16d278ae1735d14eec8e7e26832c95de4a039f80850244722cc2c6,55399
TAKE_THIS/flood_sentinel_audit_package/project/chunks/chunk02/data/snodas/14181500/snodas_daily.parquet,handoff_copy,7014a0e39f4cd22b76e9a2df44bab817ec6cf36649b268e4f18086210d3452a0,47677
TAKE_THIS/flood_sentinel_audit_package/project/chunks/chunk02/data/snodas/14211720/snodas_daily.parquet,handoff_copy,9ad9c6b560391f4ae9c45ac267976c2455e581a05ccbd0de388ddaaf7346af93,43308
TAKE_THIS/flood_sentinel_audit_package/project/chunks/chunk02/data/thresholds/flood_thresholds.json,handoff_copy,1456df7a86ee03f0d462335bb04a61608179f935a7ffd3275c8f5d1a907dd7b6,20475
TAKE_THIS/flood_sentinel_audit_package/project/chunks/chunk02/data/thresholds/flood_thresholds.parquet,handoff_copy,e5d19b233cb90464d0c9bfae7444de3301b497b9734dd0cd4c6df3a7ce05d151,9431
TAKE_THIS/flood_sentinel_audit_package/project/chunks/chunk02/data/usgs/01034500/daily_streamflow.parquet,handoff_copy,70ee9b303def11eed6d9cab9c888a2c105ac1b85023dbea64818f50a872b43ba,95733
TAKE_THIS/flood_sentinel_audit_package/project/chunks/chunk02/data/usgs/01137500/daily_streamflow.parquet,handoff_copy,f98b18ba785560b1cae76f37060695e57614bb5a9f73e0b1039f13a36355fcd9,96958
TAKE_THIS/flood_sentinel_audit_package/project/chunks/chunk02/data/usgs/01184000/daily_streamflow.parquet,handoff_copy,f5078fa10a3045915787042e9542465f49c93f9cfb10b6506b61febc7057a5c7,113431
TAKE_THIS/flood_sentinel_audit_package/project/chunks/chunk02/data/usgs/01372500/daily_streamflow.parquet,handoff_copy,53b68a0062ac70b0aa0e148208a36c8dfe1957fa37888636246be4f9f9cc6d89,98484
TAKE_THIS/flood_sentinel_audit_package/project/chunks/chunk02/data/usgs/01434000/daily_streamflow.parquet,handoff_copy,6eb50225fb7449b0d2340cdbcaea9f0e7198d21a228f8e111ae085ea8fd19abf,95153
TAKE_THIS/flood_sentinel_audit_package/project/chunks/chunk02/data/usgs/01445500/daily_streamflow.parquet,handoff_copy,8250d81e98d8f0c7092d97e38bf8c98fcc716f085f1795df850d37b6d38fd7ff,96290
TAKE_THIS/flood_sentinel_audit_package/project/chunks/chunk02/data/usgs/01463500/daily_streamflow.parquet,handoff_copy,bf0a9a07ad5f242bedf04fff9899944ece5a2e012f5c5b0c9655e89a2cc93733,95922
TAKE_THIS/flood_sentinel_audit_package/project/chunks/chunk02/data/usgs/01541000/daily_streamflow.parquet,handoff_copy,916160835c85edea93ffb82bafabca42c805394f87ba23c0ede1ff2d0a80c8e7,97384
TAKE_THIS/flood_sentinel_audit_package/project/chunks/chunk02/data/usgs/01646500/daily_streamflow.parquet,handoff_copy,5d3ee2f4c5e0c4888dcbe1fd08ccff6499a4cde42f9114610a73b127edaf0246,97714
TAKE_THIS/flood_sentinel_audit_package/project/chunks/chunk02/data/usgs/02083500/daily_streamflow.parquet,handoff_copy,ac4f12c0ce62919567a2b80c946b8803841b24d5effe349531a1a802667ad1e7,120339
TAKE_THIS/flood_sentinel_audit_package/project/chunks/chunk02/data/usgs/02085000/daily_streamflow.parquet,handoff_copy,e0de9eaf69e14691acbf5a3c2114e4c3ed226c0b395e2270424b420ac45b76a4,114641
TAKE_THIS/flood_sentinel_audit_package/project/chunks/chunk02/data/usgs/02138500/daily_streamflow.parquet,handoff_copy,d6835bbe0b7dddfe0e126744ddb860f4b595cf5c0ef258c8446fdc64006fb559,107384
TAKE_THIS/flood_sentinel_audit_package/project/chunks/chunk02/data/usgs/02175000/daily_streamflow.parquet,handoff_copy,d5536b3e43311e7df73f3af0b132c340d2cd8bada8f04a83994b3d90b6c4a0bd,116780
TAKE_THIS/flood_sentinel_audit_package/project/chunks/chunk02/data/usgs/02202500/daily_streamflow.parquet,handoff_copy,37d3862e9392c4333362063a0c448d54324a6a8037f2ab33cbd314f22532c862,120768
TAKE_THIS/flood_sentinel_audit_package/project/chunks/chunk02/data/usgs/02322500/daily_streamflow.parquet,handoff_copy,fb4cdcb0ba8041fefcfad02bbab9299a1398f112e5675dc48df88999ec2d3f8c,104138
TAKE_THIS/flood_sentinel_audit_package/project/chunks/chunk02/data/usgs/03164000/daily_streamflow.parquet,handoff_copy,dfae2b154d838d364d08b235780aa51710bd6156ec88c73fbd9dfc31c4eff471,95811
TAKE_THIS/flood_sentinel_audit_package/project/chunks/chunk02/data/usgs/03217500/daily_streamflow.parquet,handoff_copy,8090064cce01b7412a75a8dc59a8277efb8fa4c45b30daaaa6aad5930c2beffd,88262
TAKE_THIS/flood_sentinel_audit_package/project/chunks/chunk02/data/usgs/03335500/daily_streamflow.parquet,handoff_copy,00ccc54ac4b94cbf46dfe75a996d7419f424b64d3505c2f9158c9baa946d523b,96158
TAKE_THIS/flood_sentinel_audit_package/project/chunks/chunk02/data/usgs/03345500/daily_streamflow.parquet,handoff_copy,1bd262d2500b8de8be1cc73091f31d6e25ce61c10fe96a88c4389591242568a1,125285
TAKE_THIS/flood_sentinel_audit_package/project/chunks/chunk02/data/usgs/03438000/daily_streamflow.parquet,handoff_copy,03445a32cb7d6bd61d341429d3532ed9d9a5f25a3b15088976858808b900f527,96367
TAKE_THIS/flood_sentinel_audit_package/project/chunks/chunk02/data/usgs/03497300/daily_streamflow.parquet,handoff_copy,f7dd6dcdcff814f7be723e006a0d001a6f0296f022168ab908ba51b4dc49ef1e,96914
TAKE_THIS/flood_sentinel_audit_package/project/chunks/chunk02/data/usgs/040851385/daily_streamflow.parquet,handoff_copy,b6a0ee92b04a2818d2574eb9a4dd59375a5031086a36a37075e15d3dab4ba67d,96077
TAKE_THIS/flood_sentinel_audit_package/project/chunks/chunk02/data/usgs/04122500/daily_streamflow.parquet,handoff_copy,91207d260100217114189017609fae6609f0e3da171c07e84ace2526daefe757,91946
TAKE_THIS/flood_sentinel_audit_package/project/chunks/chunk02/data/usgs/04193500/daily_streamflow.parquet,handoff_copy,2817d8f7f8dc207db2a13344fda1ce2505eb2e57ae29873855ccd1747cfeff8f,101058
TAKE_THIS/flood_sentinel_audit_package/project/chunks/chunk02/data/usgs/05286000/daily_streamflow.parquet,handoff_copy,c6f2c2bf5c338ba16cec77be5444ecbd1d508e57519b44772283fb53e63dbde5,95514
TAKE_THIS/flood_sentinel_audit_package/project/chunks/chunk02/data/usgs/05389500/daily_streamflow.parquet,handoff_copy,0c4d2ca69d010d2d8ec0b87fe005fcda395102beae39e51c03c6fa1ef167f133,98428
TAKE_THIS/flood_sentinel_audit_package/project/chunks/chunk02/data/usgs/05420500/daily_streamflow.parquet,handoff_copy,d9b52f475060d9f1321fe6694263028a10f9c71cd5c113d7fcdac0df477ba879,93413
TAKE_THIS/flood_sentinel_audit_package/project/chunks/chunk02/data/usgs/05431486/daily_streamflow.parquet,handoff_copy,81a2d0eb10ca52104d165467d9ae1e0855463e26468074c37479fb0bd8a55375,95624
TAKE_THIS/flood_sentinel_audit_package/project/chunks/chunk02/data/usgs/05435500/daily_streamflow.parquet,handoff_copy,78ae96229ab3bcb347538e8c1a7f4ac870f0244c01953f3062e6e9d0e9f55589,115247
TAKE_THIS/flood_sentinel_audit_package/project/chunks/chunk02/data/usgs/06025500/daily_streamflow.parquet,handoff_copy,99e0dc76ac3a0a5b0c4f6c8242d5ce439a775ebe874ce5be8a89ddd46ff49862,96297
TAKE_THIS/flood_sentinel_audit_package/project/chunks/chunk02/data/usgs/06478500/daily_streamflow.parquet,handoff_copy,6e7e57ab79a041f343b9c13206382269f47b37c7c2d328ecd89ea75e18198dc3,109051
TAKE_THIS/flood_sentinel_audit_package/project/chunks/chunk02/data/usgs/06719505/daily_streamflow.parquet,handoff_copy,98b984d4c603ea52fa2b77059f0d1a2dbd72459265b13ced80b736c303c35dd5,97128
TAKE_THIS/flood_sentinel_audit_package/project/chunks/chunk02/data/usgs/06805500/daily_streamflow.parquet,handoff_copy,6db7a17be95592c596150c83a721eb8f1958cecb08b8ec6a89d8e84cfb673381,113963
TAKE_THIS/flood_sentinel_audit_package/project/chunks/chunk02/data/usgs/06888500/daily_streamflow.parquet,handoff_copy,bbdc9887fdbcc94a629783c02e53626e4f03307d3d3eeb90ce4434bf282637c0,119527
TAKE_THIS/flood_sentinel_audit_package/project/chunks/chunk02/data/usgs/07144100/daily_streamflow.parquet,handoff_copy,88240afc9730c0769c1f8e3c55d0d0db6c1088d27c3288bedf1865f69a0baead,119419
TAKE_THIS/flood_sentinel_audit_package/project/chunks/chunk02/data/usgs/07197000/daily_streamflow.parquet,handoff_copy,984a1647a16da128bc6612fb0c136f1ed3e35b152ded2cdf9889559e5bf5a81d,98587
TAKE_THIS/flood_sentinel_audit_package/project/chunks/chunk02/data/usgs/07261000/daily_streamflow.parquet,handoff_copy,5ace2851d1d3dd3951b0f45bb1aa9cd9f7777af0a2de66f6fd30a0441140bb0d,102436
TAKE_THIS/flood_sentinel_audit_package/project/chunks/chunk02/data/usgs/07288500/daily_streamflow.parquet,handoff_copy,92073e979d73766973997b3c1d29b2f4d6189e94d94820511f072a2f5b830241,115110
TAKE_THIS/flood_sentinel_audit_package/project/chunks/chunk02/data/usgs/07375500/daily_streamflow.parquet,handoff_copy,6c963cb0ca24b21268da87d6e7fdd9216401151d9a65d54c99ab3074654ba067,114535
TAKE_THIS/flood_sentinel_audit_package/project/chunks/chunk02/data/usgs/08068000/daily_streamflow.parquet,handoff_copy,d2dd0a19ce2df45be3860bf41af4b87b73feba5f1d71828384ac76158525c3dd,120781
TAKE_THIS/flood_sentinel_audit_package/project/chunks/chunk02/data/usgs/08101000/daily_streamflow.parquet,handoff_copy,458d54aa879852041db50b24fd70714ae655a48d7ff90fc758527161f1f18025,117294
TAKE_THIS/flood_sentinel_audit_package/project/chunks/chunk02/data/usgs/08144500/daily_streamflow.parquet,handoff_copy,8124f82c6e1d4e88715b3b0968c6cff26d6a22ddcdca8675216ac023c90b2498,99508
TAKE_THIS/flood_sentinel_audit_package/project/chunks/chunk02/data/usgs/08167000/daily_streamflow.parquet,handoff_copy,f59193080b668db454cc70e5c85f5fce3c10ec970c50a1553475c38f73207fbc,116209
TAKE_THIS/flood_sentinel_audit_package/project/chunks/chunk02/data/usgs/08167500/daily_streamflow.parquet,handoff_copy,b8dc2fd55c1392e19ead57a9e846a9c6d07cef84a56b86b70d5758cca97a7d67,118918
TAKE_THIS/flood_sentinel_audit_package/project/chunks/chunk02/data/usgs/09070500/daily_streamflow.parquet,handoff_copy,5273709b4f65ec004d10aa37f1866a4f31841cf795e7f55e722f368c00b3fe19,95697
TAKE_THIS/flood_sentinel_audit_package/project/chunks/chunk02/data/usgs/09112500/daily_streamflow.parquet,handoff_copy,f9f6b7fd1b5b51923f22bffb8cd7a1b8b2de99b934f984e8fa60e302e50ab319,96897
TAKE_THIS/flood_sentinel_audit_package/project/chunks/chunk02/data/usgs/09444500/daily_streamflow.parquet,handoff_copy,346494e7aa338c954dc3e0542c9eda4b32722539e07d348adb098d39bacaa3dd,98331
TAKE_THIS/flood_sentinel_audit_package/project/chunks/chunk02/data/usgs/09498500/daily_streamflow.parquet,handoff_copy,84b08827e3ba23ee20d02638045a09dd80cf2a044e09c048a783a3da2be79d45,96833
TAKE_THIS/flood_sentinel_audit_package/project/chunks/chunk02/data/usgs/11264500/daily_streamflow.parquet,handoff_copy,925abf09252c2e9ef8ddb5880460ab59dd78361e2160b40075ee2a7b804eba72,101889
TAKE_THIS/flood_sentinel_audit_package/project/chunks/chunk02/data/usgs/12447200/daily_streamflow.parquet,handoff_copy,902f42bde9b2962af392a5e0beed3ff2b346d3eecd21183e9fa921b4586015ac,112181
TAKE_THIS/flood_sentinel_audit_package/project/chunks/chunk02/data/usgs/13317000/daily_streamflow.parquet,handoff_copy,d36695eb9babcdaf3a0c7dda675a1053c889f46cda0b6357db5e46065c271970,95964
TAKE_THIS/flood_sentinel_audit_package/project/chunks/chunk02/data/usgs/14137000/daily_streamflow.parquet,handoff_copy,9cfb0d760c2f47f4ca7a8b1d6cc00788769260e4fbf32324ed93244a057f9b2e,95749
TAKE_THIS/flood_sentinel_audit_package/project/chunks/chunk02/data/usgs/14181500/daily_streamflow.parquet,handoff_copy,c57748ec387b1e8654cc9adbf6d32113042b6a0db57afd013c39e28bf35b5670,92349
TAKE_THIS/flood_sentinel_audit_package/project/chunks/chunk02/data/usgs/14211720/daily_streamflow.parquet,handoff_copy,4b4a9daf2bbf33180548b3b1ad93736dc9bee6966e6255056e6bbaf00a62bf3e,96763
TAKE_THIS/flood_sentinel_audit_package/project/chunks/chunk02/execution_manifest.yaml,handoff_copy,7f876e1356d97ec16d19eb49373263aa0bfd32261201655144a75e0c29c0b7ea,7853
TAKE_THIS/flood_sentinel_audit_package/project/chunks/chunk02/full_panel.json,handoff_copy,0caed82917df27086e606a0e10a1dd11d3e234c717814b48938d8c22003d5294,27119
TAKE_THIS/flood_sentinel_audit_package/project/chunks/chunk02/manifests/attributes_acquisition_provenance.json,handoff_copy,fefcd2174e7808ea8fb8008026ac5d1a208aa5a0557dc168bdf20c0ee49548d5,1023
TAKE_THIS/flood_sentinel_audit_package/project/chunks/chunk02/manifests/attributes_data_manifest.json,handoff_copy,736ffdfb834cc7cc73b07e2a430cbde6b0d7529d464d58a8b2110443450f9e05,5168
TAKE_THIS/flood_sentinel_audit_package/project/chunks/chunk02/manifests/events_acquisition_provenance.json,handoff_copy,6d62c032821ddde57288bcdef39229cbeff7a5c511c0c4674495a97b00bf5160,1468
TAKE_THIS/flood_sentinel_audit_package/project/chunks/chunk02/manifests/events_data_manifest.json,handoff_copy,671ce07ac78a016eaee14d97904bc23d369b08f66a27614d93b132177ecf9e6d,2675
TAKE_THIS/flood_sentinel_audit_package/project/chunks/chunk02/manifests/gridmet_acquisition_provenance.json,handoff_copy,fae72aeecfaa914f46e19c4f57eb7103ce0e14e6cc3712e95d66bb3b3c045e1b,15079
TAKE_THIS/flood_sentinel_audit_package/project/chunks/chunk02/manifests/gridmet_data_manifest.json,handoff_copy,a3d795e1c1a9bb3d7ea387d41eafc80f9ed071378c0f967420de77d2a698e0e6,3051
TAKE_THIS/flood_sentinel_audit_package/project/chunks/chunk02/manifests/nwm_retro_acquisition_provenance.json,handoff_copy,fd720cfc6e07d139423fd2ca508312cb83c8486624f1e53bb5580e72a07468a5,15324
TAKE_THIS/flood_sentinel_audit_package/project/chunks/chunk02/manifests/nwm_retro_data_manifest.json,handoff_copy,785747ce8219e2ce1d26ccaae1fe098ad3a7a876a082f4197681858c859412e4,1387
TAKE_THIS/flood_sentinel_audit_package/project/chunks/chunk02/manifests/response_time_acquisition_provenance.json,handoff_copy,9ac5707995dea47eaeb6a80164aaaef5cd573054db52292a493748c1b1781faa,1259
TAKE_THIS/flood_sentinel_audit_package/project/chunks/chunk02/manifests/response_time_data_manifest.json,handoff_copy,a582cdac2367fa0babb8647a1863c6696f434f74aa6e753d2fbba1f29c3574d3,1499
TAKE_THIS/flood_sentinel_audit_package/project/chunks/chunk02/manifests/snodas_acquisition_provenance.json,handoff_copy,15abef1ee2982519f44273b5ecb2b69746fcf06bf1fa6327777cd12d451b688b,14893
TAKE_THIS/flood_sentinel_audit_package/project/chunks/chunk02/manifests/snodas_data_manifest.json,handoff_copy,e7b10b63ecd94c8a31a928224e074492fd726a1f29eb3e43e0d4fae3d546b22b,1564
TAKE_THIS/flood_sentinel_audit_package/project/chunks/chunk02/manifests/thresholds_acquisition_provenance.json,handoff_copy,2b205cde1a637a51b35a50bee7c77da26404fd7d82c8916c420a0bf5520b83a4,2108
TAKE_THIS/flood_sentinel_audit_package/project/chunks/chunk02/manifests/thresholds_data_manifest.json,handoff_copy,dc57c7f3882cd462e709606bcdfa8ff9f4e71b680935908223310d8c95a78fbb,2367
TAKE_THIS/flood_sentinel_audit_package/project/chunks/chunk02/manifests/usgs_acquisition_provenance.json,handoff_copy,33d17e20178218d7212324c632d11f6fb014b4e468a420ca81432981f58a3feb,26573
TAKE_THIS/flood_sentinel_audit_package/project/chunks/chunk02/manifests/usgs_data_manifest.json,handoff_copy,6308572cd17150a599af7534038d8430b5fd88c72e2eb53fd02f416ae7895056,2077
TAKE_THIS/flood_sentinel_audit_package/project/chunks/chunk02/reality_gate_report.md,handoff_copy,19f427e37876f9b8244631588dcbd45f66aec8ea2ec6cbe8105d72f5a4ac69b7,7466
TAKE_THIS/flood_sentinel_audit_package/project/chunks/chunk02/reports/C02-01/contract_report.md,handoff_copy,b9eb01a77bf72d2c052ad450611cdcc0b4d22dd129ff2c53daa0a60d446c5904,5111
TAKE_THIS/flood_sentinel_audit_package/project/chunks/chunk02/reports/C02-02/contract_report.md,handoff_copy,6cc454c9e0ff898cf42b96d501f478fe0af04f69cd382f1be639fb2c692a7c21,4600
TAKE_THIS/flood_sentinel_audit_package/project/chunks/chunk02/reports/C02-03/contract_report.md,handoff_copy,75ebb5d14ff876df392749a06df8eda50882499845516ae18f6f205b5bbe18a4,4869
TAKE_THIS/flood_sentinel_audit_package/project/chunks/chunk02/reports/C02-04/contract_report.md,handoff_copy,ad29cf1698485340620fd1b46f3a2db156af4325cdfe8ae188acdd6777cf4102,4915
TAKE_THIS/flood_sentinel_audit_package/project/chunks/chunk02/reports/C02-05/contract_report.md,handoff_copy,c95268ec0e88ba3bb00dc4d6eb3961a8103127959bbbe8180a1249cd74b3728d,5167
TAKE_THIS/flood_sentinel_audit_package/project/chunks/chunk02/reports/C02-06/contract_report.md,handoff_copy,2d497bdd8ef370e6300c53aad77612e0872b70e49b22ec48d8e90cdaa14e1996,5062
TAKE_THIS/flood_sentinel_audit_package/project/chunks/chunk02/reports/C02-07/contract_report.md,handoff_copy,d1eb4295fad3de2ba61c313ee1926356f5f0cfc3d3e94b2f125025baa86bb0d3,5891
TAKE_THIS/flood_sentinel_audit_package/project/chunks/chunk02/reports/C02-08/contract_report.md,handoff_copy,26fa3cf8089bd355127f193c2fa8c41c1e5f5e5e10049be398aadf938bdd9d61,5568
TAKE_THIS/flood_sentinel_audit_package/project/chunks/chunk02/reports/C02-09/contract_report.md,handoff_copy,701d3b1adf6f8bf64d1db4fa4662690b75358f8db5a95bac78c3fee95f7cda80,6350
TAKE_THIS/flood_sentinel_audit_package/project/chunks/chunk02/reports/C02-10/contract_report.md,handoff_copy,31560847f3c2c153ae3a81773d40125ab0dd4762e261592f3fb42bd2b7e94c13,5166
TAKE_THIS/flood_sentinel_audit_package/project/chunks/chunk02/reports/C02-11/contract_report.md,handoff_copy,bc17792662ba63bb2af904971944ed467961c22a6376938cb71612783139407c,6156
TAKE_THIS/flood_sentinel_audit_package/project/chunks/chunk02/reports/C02-12/contract_report.md,handoff_copy,f977b3a4783027046a55843ce645c3c60184529b4b883440a2f7284f54394728,5138
TAKE_THIS/flood_sentinel_audit_package/project/chunks/chunk02/reports/C02-13/contract_report.md,handoff_copy,eb7c6823cdc19a35b35682bf615b65ced8e13a84b11d4e9c66371c5855160c12,6482
TAKE_THIS/flood_sentinel_audit_package/project/chunks/chunk02/reports/C02-14/contract_report.md,handoff_copy,597c3f46449b03d6a53bce6ff518287712f6735bb51e60463d96f9b9c4cb68a1,5562
TAKE_THIS/flood_sentinel_audit_package/project/chunks/chunk02/sample_adequacy_report.md,handoff_copy,95a5875d244b9cb45584c716a6c58c9b70ffa6cf915f62fabf937bdcacb55418,2514
TAKE_THIS/flood_sentinel_audit_package/project/chunks/chunk02/stratification_report.md,handoff_copy,9b28307f5f60a86094505ca82a932d99a197fff9471786cd4f2bfe980d424720,5623
TAKE_THIS/flood_sentinel_audit_package/project/chunks/chunk03/causal_ledger.json,handoff_copy,4eff1fcda5d5ca0900dd5684a706bb7bd721cfe7522c7dceaf184092b2a66539,1102943
TAKE_THIS/flood_sentinel_audit_package/project/chunks/chunk03/chunk03.md,handoff_copy,f2e360c30bb1773c8a622a9f02ec14036bc5f4029ed7bd9a70b1b65704ee53eb,7250
TAKE_THIS/flood_sentinel_audit_package/project/chunks/chunk03/chunk_report.md,handoff_copy,01498cc29aaac234a1a2d475990662f5265b1e957ec5bdc3929e5552d7784d18,10161
TAKE_THIS/flood_sentinel_audit_package/project/chunks/chunk03/contracts/C03-01_contract.md,handoff_copy,abf89275e687b4ea56293f04eef67eb26bc3678ea06cfb3b1034f92f758f4fa9,586
TAKE_THIS/flood_sentinel_audit_package/project/chunks/chunk03/contracts/C03-02_contract.md,handoff_copy,c977429dd5190ff883dad7e13d6b41a723f4c94eb35ce882eecc68ccf48a894c,4225
TAKE_THIS/flood_sentinel_audit_package/project/chunks/chunk03/contracts/C03-03_contract.md,handoff_copy,44a89450985684f7fb478b1feb977f5d003c74c7c8439e3156ab8998ec1abbd7,2100
TAKE_THIS/flood_sentinel_audit_package/project/chunks/chunk03/contracts/C03-04_contract.md,handoff_copy,ed2dbbc4b52fd99792eb517e260229abb3e0107cd372035c665966b416fe9416,2494
TAKE_THIS/flood_sentinel_audit_package/project/chunks/chunk03/contracts/C03-05_contract.md,handoff_copy,88f19e9606530a3be5be0e171bce99c035e7a024d96a32bbd437d8be3966502c,2130
TAKE_THIS/flood_sentinel_audit_package/project/chunks/chunk03/contracts/C03-06_contract.md,handoff_copy,caab1097b8f179fb995c9abb1720973131f9d90439c2ab226f16876265ce457c,3639
TAKE_THIS/flood_sentinel_audit_package/project/chunks/chunk03/contracts/C03-07_contract.md,handoff_copy,362acc9ff914f9373beb70c96c940c00c2b6f5b8e4e3e0d22d0b3faad050bfbd,2895
TAKE_THIS/flood_sentinel_audit_package/project/chunks/chunk03/contracts/C03-08_contract.md,handoff_copy,2880e6cbe0c955f7334562e8286e042457b1e712aceecf81dae35e40ccdfdeb4,3753
TAKE_THIS/flood_sentinel_audit_package/project/chunks/chunk03/contracts/C03-09_contract.md,handoff_copy,3e6c7e073799cc40e28482bf86bccc41dfc5f840cc2df8f8ff397c146cdf2b6a,1182
TAKE_THIS/flood_sentinel_audit_package/project/chunks/chunk03/contracts/C03-10_contract.md,handoff_copy,c88cf18677efd1f14e495d2bef7621c64976e1a57ea2c6d68f3ea9a2f7c648d5,2427
TAKE_THIS/flood_sentinel_audit_package/project/chunks/chunk03/contracts/C03-11_contract.md,handoff_copy,593f01c7310c9fb2c025a269fed50350ce149bd1970bcbee2be3e1e9d85b51dd,1555
TAKE_THIS/flood_sentinel_audit_package/project/chunks/chunk03/data/eligibility_split_summary.json,handoff_copy,039305c6fc8e34e3400d38a2933f8823fc08c9027f166f02b19974b9d0e73644,581
TAKE_THIS/flood_sentinel_audit_package/project/chunks/chunk03/data/feature_matrix_summary.json,handoff_copy,ae7030da804e2c92a147d133da173003539015e68fe1b68bf2a896884d9420fc,1566
TAKE_THIS/flood_sentinel_audit_package/project/chunks/chunk03/data/feature_matrix_test.parquet,handoff_copy,32ac4f776b74c195ca5c762564024b4a1dcd2adb86e529a9f0f5a0121d698dd8,93533
TAKE_THIS/flood_sentinel_audit_package/project/chunks/chunk03/data/feature_matrix_train.parquet,handoff_copy,5a1f17affbad7ecabbf0f83c1e99aa47cd007c660b74bcfe1a5f8c9308ad7f1c,1025441
TAKE_THIS/flood_sentinel_audit_package/project/chunks/chunk03/data/feature_matrix_val.parquet,handoff_copy,95cddbf4dd59ac1832e714fc8f216384ce8d33a204c8661d7363d774495b98af,60555
TAKE_THIS/flood_sentinel_audit_package/project/chunks/chunk03/execution_manifest.yaml,handoff_copy,67727b8ff147636977c3b21933e00f0cd0191f32c110da007cedfe2678bbed2e,6230
TAKE_THIS/flood_sentinel_audit_package/project/chunks/chunk03/manifests/causal_ledger_data_manifest.json,handoff_copy,bc3d3469b0b96e8735041c7bc7e75555353d25b40ed771ee90474eac0d564ade,1447
TAKE_THIS/flood_sentinel_audit_package/project/chunks/chunk03/manifests/feature_matrix_data_manifest.json,handoff_copy,4899c3c8ad32cf1c0fcb1628e91d97b8a047e60d7c37653295ef5e42eb785d58,2852
TAKE_THIS/flood_sentinel_audit_package/project/chunks/chunk03/manifests/normalization_data_manifest.json,handoff_copy,cb51bdd30f572dd6a44085012e3fbc9eacaeb289278f47476db237333fba294b,2669
TAKE_THIS/flood_sentinel_audit_package/project/chunks/chunk03/manifests/vintage_ledger_data_manifest.json,handoff_copy,ae88ef8e7e04ef00fd9ea20c3ecfcdc5d7c92f5b48ed8110fe1844dacb35889a,1623
TAKE_THIS/flood_sentinel_audit_package/project/chunks/chunk03/normalization_comparison_summary.json,handoff_copy,5b9ccee5d7c2cbb590556bc8c8b6d581a698a1b5deef1296f25518648b82870f,1964
TAKE_THIS/flood_sentinel_audit_package/project/chunks/chunk03/normalization_params.json,handoff_copy,2c9b03f38f55a7b4d6fae8b6c00c163d48e2008468b2a7ad4fbe2e4237effe82,1190
TAKE_THIS/flood_sentinel_audit_package/project/chunks/chunk03/normalization_params_full.json,handoff_copy,01b00f2cec9e182ac9276ef135eeb85ea98ad2a5a2601adde4e856c54a349261,1197
TAKE_THIS/flood_sentinel_audit_package/project/chunks/chunk03/reality_gate_report.md,handoff_copy,47d24da5d0599212f1f16c38dab21e89cffc5ad9e32e40110242bf8715efc130,3525
TAKE_THIS/flood_sentinel_audit_package/project/chunks/chunk03/reports/C03-01/contract_report.md,handoff_copy,5e9521b5171fa610d7f9f5c0508cc5f32f2e8bf46b2a9ae9306d3e1a1bde7089,2262
TAKE_THIS/flood_sentinel_audit_package/project/chunks/chunk03/reports/C03-02/contract_report.md,handoff_copy,e943334e3f7c9f1e83471d35a0926840e6a52f5facb0f706b07347794ee3b4b5,7054
TAKE_THIS/flood_sentinel_audit_package/project/chunks/chunk03/reports/C03-03/contract_report.md,handoff_copy,64835ac7a828674a2abcc0a03fd975e8456f1df6a9d9c3c84ae336a4673563cd,5794
TAKE_THIS/flood_sentinel_audit_package/project/chunks/chunk03/reports/C03-04/contract_report.md,handoff_copy,df5dbec13382b8138db2169de87e416983110ef2efaa4b3ae399d4d1a670a62e,2930
TAKE_THIS/flood_sentinel_audit_package/project/chunks/chunk03/reports/C03-05/contract_report.md,handoff_copy,df42f6cf89f3e23ee9da92070d492f3a126272d4f95345c258f2a43fbc20606a,4850
TAKE_THIS/flood_sentinel_audit_package/project/chunks/chunk03/reports/C03-06/contract_report.md,handoff_copy,127987d721f0fad68c8bc850359c58822b85f067e20d8406a9b6a3c4f1e69580,7556
TAKE_THIS/flood_sentinel_audit_package/project/chunks/chunk03/reports/C03-07/contract_report.md,handoff_copy,1ecaeec55400a5f160ee4feaf451b659a1403ab335d8279886c6cdfbfcf3adf3,5777
TAKE_THIS/flood_sentinel_audit_package/project/chunks/chunk03/reports/C03-08/contract_report.md,handoff_copy,bd6da2a42cb150192a97276658c9bcebfdebf209be01fb559e976c0fdc815824,5098
TAKE_THIS/flood_sentinel_audit_package/project/chunks/chunk03/reports/C03-09/contract_report.md,handoff_copy,eb662197be2fb235c4d278de0244090db4168c7ed33b79ff1e60cd7fb7b64b23,4157
TAKE_THIS/flood_sentinel_audit_package/project/chunks/chunk03/reports/C03-10/contract_report.md,handoff_copy,5ce0f4d1bb53c68a7b807c564aa172aad26228ae9f18607efd5f07eb91ee5576,4265
TAKE_THIS/flood_sentinel_audit_package/project/chunks/chunk03/reports/C03-11/contract_report.md,handoff_copy,b23b6d317f1ebaa9ecce15ac27520b8fad10a997c88e293b1e2eefc328d2a70e,5704
TAKE_THIS/flood_sentinel_audit_package/project/chunks/chunk03/split_manifest.json,handoff_copy,5f36a9737e6e4d4e3f42225af80824daa29cca3f99e66550bafbb9437ae1f3fb,1591
TAKE_THIS/flood_sentinel_audit_package/project/chunks/chunk03/vintage_ledger.json,handoff_copy,3447ee2dc366038c990b82de699eb1d3c90f8a509b8a81f186949f9b545d11b4,2045994
TAKE_THIS/flood_sentinel_audit_package/project/chunks/chunk03/windowing/channel_schema.json,handoff_copy,acf80d0069f3e47940bf670bd7d2b65bdd0b1e0cc6169855338aa6c642551471,735
TAKE_THIS/flood_sentinel_audit_package/project/chunks/chunk03/windowing/window_metadata.parquet,handoff_copy,6201c6aa9186eee8fa98da9a1c32bedfac74946a84d4973f35b45a14da55575d,113193
TAKE_THIS/flood_sentinel_audit_package/project/chunks/chunk03/windowing/windowing_summary.json,handoff_copy,0bc757de7b618eeaa0580374f96baea90eaad0ec4a32ac4062c6e248483380a8,1022
TAKE_THIS/flood_sentinel_audit_package/project/chunks/chunk04/checkpoints/c_encoder_pretrained.pt,handoff_copy,7ed0af7de494f8718ba116ca37e2fedfe59d30d8484b937a28396c53782cab99,622833
TAKE_THIS/flood_sentinel_audit_package/project/chunks/chunk04/chunk04.md,handoff_copy,37c94780fcd2f24757ca13bbe15da3aae84a9d033c38a5beaf298d597acbfc80,4559
TAKE_THIS/flood_sentinel_audit_package/project/chunks/chunk04/chunk_report.md,handoff_copy,73dbe92ffa4ad6ad11fbe028231b19e52caae560f6618b2ff96a2a29d6506c8b,4592
TAKE_THIS/flood_sentinel_audit_package/project/chunks/chunk04/contracts/C04-01_contract.md,handoff_copy,89c1dbd4e9d361f76475403a11d5bcff98cb8dbdbc3e66bd30d02ead3c5249ed,2034
TAKE_THIS/flood_sentinel_audit_package/project/chunks/chunk04/contracts/C04-02_contract.md,handoff_copy,5090b128266f953726b40eceb8f9415452a8eddba91772881f226c2d88c69944,3440
TAKE_THIS/flood_sentinel_audit_package/project/chunks/chunk04/contracts/C04-03_contract.md,handoff_copy,9b1eb3c6b77aba85e07766a966e064e7e928f27fa5df39e2b6089948d43df7fe,1912
TAKE_THIS/flood_sentinel_audit_package/project/chunks/chunk04/contracts/C04-04_contract.md,handoff_copy,95912d3c59a7badc9ae6e6fcd3b71ca3a5a0d9d626698e94c2d850ffb861124b,1911
TAKE_THIS/flood_sentinel_audit_package/project/chunks/chunk04/contracts/C04-05_contract.md,handoff_copy,ef42f4bcabc7c2a1b08c2550e75eb2246f9bd4dfd49ef2ace68dbb6c6c20cbd2,1857
TAKE_THIS/flood_sentinel_audit_package/project/chunks/chunk04/contracts/C04-06_contract.md,handoff_copy,d72918ab0f23a986ed4e9bcc0066a3db29ab06b41f1e964a865d85d26f8173d4,1832
TAKE_THIS/flood_sentinel_audit_package/project/chunks/chunk04/execution_manifest.yaml,handoff_copy,73afa030e40f5d5abe79b3a26b664b24d7e0f243e647ab01ce036ee4b141c1d4,3262
TAKE_THIS/flood_sentinel_audit_package/project/chunks/chunk04/latent_space_verification.json,handoff_copy,f7ef3d81b560ec1a58c3514f4aa68111e5785a7433f028b5682bf65f179c4341,419
TAKE_THIS/flood_sentinel_audit_package/project/chunks/chunk04/pretraining_summary.json,handoff_copy,089349ca982e5ab860eb3e327e863480710021a47f20c496a3830d6f876b490e,1502
TAKE_THIS/flood_sentinel_audit_package/project/chunks/chunk04/receptive_field_proof.json,handoff_copy,dace03f5990ac15e3bc79902754e05d53eadb0d49e533ab8f6f02bdf924fb781,2544
TAKE_THIS/flood_sentinel_audit_package/project/chunks/chunk04/reports/C04-01/contract_report.md,handoff_copy,90aab46908c72bf639a074d3326de9af4fc5e2d9f6a3c132760a37e414047a5f,3197
TAKE_THIS/flood_sentinel_audit_package/project/chunks/chunk04/reports/C04-02/contract_report.md,handoff_copy,8612941b01589099f64394f7af47839f0b93fca6258860bf17a1a6380757ecc8,7277
TAKE_THIS/flood_sentinel_audit_package/project/chunks/chunk04/reports/C04-03/contract_report.md,handoff_copy,de7fcb3ff6a6152d8e9e9b83de7e06cef695eba6fc62f968da4aff4cb1ddc39a,3417
TAKE_THIS/flood_sentinel_audit_package/project/chunks/chunk04/reports/C04-04/contract_report.md,handoff_copy,8c678fa882cb8c2754c614f8622ceaf9d9b6bf69e141897a94255b7b73a9ad69,3908
TAKE_THIS/flood_sentinel_audit_package/project/chunks/chunk04/reports/C04-05/contract_report.md,handoff_copy,5b3ca361e8278758656a520d93bfe05fd9031cdd0e897e0af9e3e78eff55d2d2,4298
TAKE_THIS/flood_sentinel_audit_package/project/chunks/chunk04/reports/C04-06/contract_report.md,handoff_copy,9986499619d2a00629bae3d341b251f4dd2c7b95554a8265daa344766588b2bd,3661
TAKE_THIS/flood_sentinel_audit_package/project/chunks/chunk04/timing_pilot_report.json,handoff_copy,95541d98c1b93773ed355f5fe970c871f6444304a2f44c58fec4fec736d37889,483
TAKE_THIS/flood_sentinel_audit_package/project/chunks/chunk05/calibration_isolation_report.json,handoff_copy,09bd143f54860b884fef3ee1759e9505d8ff0fecbc1173b154fcc5891a730b10,5520
TAKE_THIS/flood_sentinel_audit_package/project/chunks/chunk05/calibration_params.json,handoff_copy,8b20f3aae8943fe34079384edece5849c62f621460fc6347beb6579004ea5dad,48664
TAKE_THIS/flood_sentinel_audit_package/project/chunks/chunk05/chunk05.md,handoff_copy,ecb56efd41cd3ceafac832210f8020540e17b5ff56c9b3a41ef8e58ceab998bf,3939
TAKE_THIS/flood_sentinel_audit_package/project/chunks/chunk05/chunk_report.md,handoff_copy,b1e649b5c3f0f87c7af63b90512747d0a16b128ff277a2e2a2d6ee963ca8e335,4130
TAKE_THIS/flood_sentinel_audit_package/project/chunks/chunk05/contracts/C05-01_contract.md,handoff_copy,b9755edc5cbb9bf2b915c044e8a30fb26b0b1c80f954f54d0dfbec97b8f79712,2167
TAKE_THIS/flood_sentinel_audit_package/project/chunks/chunk05/contracts/C05-02_contract.md,handoff_copy,9c06b02526da498e595b15d338599d63e7b8879917bbdcd5ff4b19081a7cadd3,2041
TAKE_THIS/flood_sentinel_audit_package/project/chunks/chunk05/contracts/C05-03_contract.md,handoff_copy,572e430858c94df38c93689856e12a0f526aff70f9a73d11d0d020a55129622c,2092
TAKE_THIS/flood_sentinel_audit_package/project/chunks/chunk05/contracts/C05-04_contract.md,handoff_copy,f29da8891c2326ff0d18223fdcfa29f0079a022778d3e87239b1f9fb29053856,1807
TAKE_THIS/flood_sentinel_audit_package/project/chunks/chunk05/contracts/C05-05_contract.md,handoff_copy,daad8aeeb6bcefb143fb7f01078b3e75176435a01d2c9d379bff054195e41654,1977
TAKE_THIS/flood_sentinel_audit_package/project/chunks/chunk05/data/score_a_test.parquet,handoff_copy,48ffd41d3e0e14ff1978582253c3af8bcaebdf723f9f8f54042b6d2c8e7277e1,38429
TAKE_THIS/flood_sentinel_audit_package/project/chunks/chunk05/data/score_a_val.parquet,handoff_copy,00bc7425df9238cbec24df9d8724ad293e0fcd2fc294d889eac870d43f490c28,24660
TAKE_THIS/flood_sentinel_audit_package/project/chunks/chunk05/data/score_b_test.parquet,handoff_copy,117759fa85bab03d5bf36b5fdb5f8ff321c1bb7bc36a2231db920602a8e6afa7,37270
TAKE_THIS/flood_sentinel_audit_package/project/chunks/chunk05/data/score_b_val.parquet,handoff_copy,fa4040dbfd079e1a67727dd820478220493145efa59a2b86fdb14f86810e0c52,24056
TAKE_THIS/flood_sentinel_audit_package/project/chunks/chunk05/data/score_c_test.parquet,handoff_copy,f9f353bcbdf9db2aaef5e531e91dd955e858df79c8bfb56ceaa084b87cd29c99,38116
TAKE_THIS/flood_sentinel_audit_package/project/chunks/chunk05/data/score_c_val.parquet,handoff_copy,0d6f761fc58c7f2b39321eb7dbf1312bde78b7bac395cebb5a91d9c3032db186,24445
TAKE_THIS/flood_sentinel_audit_package/project/chunks/chunk05/execution_manifest.yaml,handoff_copy,73e7191638f0d803ca1eee4e60c1b1758438882ac5831cf58519edf67b07b0dc,2595
TAKE_THIS/flood_sentinel_audit_package/project/chunks/chunk05/reports/C05-01/contract_report.md,handoff_copy,163acbc875263b84719ff0ab9cfcaa42fa7f4d2c32e3f512c6eb41d7b14f240c,3249
TAKE_THIS/flood_sentinel_audit_package/project/chunks/chunk05/reports/C05-02/contract_report.md,handoff_copy,a001e5a1c1705426f7e1d81b4712918b08f651a270bf0b2dd15cfaf0103d518d,3742
TAKE_THIS/flood_sentinel_audit_package/project/chunks/chunk05/reports/C05-03/contract_report.md,handoff_copy,a9345f156105dfe46fdae2d458ff2179a240e059a46a7608f4155778b39ee8af,3860
TAKE_THIS/flood_sentinel_audit_package/project/chunks/chunk05/reports/C05-04/contract_report.md,handoff_copy,f92f8682019bc8976fb740a7170487b94d9c4526ffdb5ba95afe5e6b93a4d840,3601
TAKE_THIS/flood_sentinel_audit_package/project/chunks/chunk05/reports/C05-05/contract_report.md,handoff_copy,88b3a939504100e5f1918c1eea21ebd6f06f8c1d87f637f4cde8d598247285cb,3566
TAKE_THIS/flood_sentinel_audit_package/project/chunks/chunk06/baseline_verification_report.json,handoff_copy,2755aee3b53288ddabb2dae483aa34e39536ecbfc748168cf3c1207a8183b776,3655
TAKE_THIS/flood_sentinel_audit_package/project/chunks/chunk06/chunk06.md,handoff_copy,5e2b46a35adbfa92190e8bfbfcdf70dac722368a653a433adb8caa485333b05d,5753
TAKE_THIS/flood_sentinel_audit_package/project/chunks/chunk06/chunk_report.md,handoff_copy,17b66e5a9ead7830c5605b831d48f08f110a63a8de8dc564eadd0059fba270e7,7933
TAKE_THIS/flood_sentinel_audit_package/project/chunks/chunk06/contracts/C06-01_contract.md,handoff_copy,2c8fad28c8cbf121146a6bfc21fe29897fd9530379e932d3d36d1e2af95c7d89,2038
TAKE_THIS/flood_sentinel_audit_package/project/chunks/chunk06/contracts/C06-02_contract.md,handoff_copy,8cbf4af3f237174a7d79d4b7aed3c74dc0721cebfdd745a8b4a4f6159c6517ce,1967
TAKE_THIS/flood_sentinel_audit_package/project/chunks/chunk06/contracts/C06-03_contract.md,handoff_copy,f0419eb735276a9a214d8675816aef9ac04379f0fba58cdc890e2e80ce868973,1802
TAKE_THIS/flood_sentinel_audit_package/project/chunks/chunk06/contracts/C06-04_contract.md,handoff_copy,1fd82ab976cfa828993859db90ea69a70ea855373b856822462796d9bfe48d1e,2330
TAKE_THIS/flood_sentinel_audit_package/project/chunks/chunk06/contracts/C06-05_contract.md,handoff_copy,245df79b37e8ed7c62c372de6c9b58c6a226c902c988491e32b0717a3cf0829d,1953
TAKE_THIS/flood_sentinel_audit_package/project/chunks/chunk06/contracts/C06-06_contract.md,handoff_copy,eef9c4086cf3b3aa0c4c51d5cd2ef8d645f333ff30879af097acef09e11c2468,1938
TAKE_THIS/flood_sentinel_audit_package/project/chunks/chunk06/contracts/C06-07_contract.md,handoff_copy,7a153ee9366b2f3179cb124bbf58a078c778886f2e50605e9d8ba9cfa535a428,2024
TAKE_THIS/flood_sentinel_audit_package/project/chunks/chunk06/data/baseline_learn_test.parquet,handoff_copy,c83d14fbd129464b89ce7412c4bd0ee5cdff7dd07a7092b8a4306a1eae4930bb,39146
TAKE_THIS/flood_sentinel_audit_package/project/chunks/chunk06/data/baseline_learn_val.parquet,handoff_copy,14b51dccaa26617e75bd75fff53501dc34e4dbd5b2ed7affadeed9f39564f723,24480
TAKE_THIS/flood_sentinel_audit_package/project/chunks/chunk06/data/baseline_nwm_retro_test.parquet,handoff_copy,960a99daa66a4abf9070b015d2e4c5c1283d67f8eb2a810ea79def57e66782e7,28825
TAKE_THIS/flood_sentinel_audit_package/project/chunks/chunk06/data/baseline_nwm_retro_val.parquet,handoff_copy,2199a988977168299391a7441a498680bab35f81c70f296d80873e5d6b44922c,20786
TAKE_THIS/flood_sentinel_audit_package/project/chunks/chunk06/data/baseline_stat_test.parquet,handoff_copy,26643043527854bfc7c696519c0db285882f276c2931a0eade003542a260a75e,45723
TAKE_THIS/flood_sentinel_audit_package/project/chunks/chunk06/data/baseline_stat_val.parquet,handoff_copy,4895c5d22efaa1589255d649a2a28811b30f86b4837ce2a908e8ee0a9ec48582,32062
TAKE_THIS/flood_sentinel_audit_package/project/chunks/chunk06/data/baseline_sup_test.parquet,handoff_copy,aa8abc68b605788ee948efd5d9d564b4c0227e4a1ce9fa3ee21dc2f2a099057c,23465
TAKE_THIS/flood_sentinel_audit_package/project/chunks/chunk06/data/baseline_sup_val.parquet,handoff_copy,02a878b10913ff1f613f69cd8df5dba4f6388123cfb6099ac84c65f35fd24c4d,15746
TAKE_THIS/flood_sentinel_audit_package/project/chunks/chunk06/data/label_budget_sweep_results.parquet,handoff_copy,3a84117905ed3383de7ca817626801be5dbc494903116497af83ec659239e6bc,11720
TAKE_THIS/flood_sentinel_audit_package/project/chunks/chunk06/execution_manifest.yaml,handoff_copy,4ec1ded575bbc293c26444c51cc3c213024db459cd7324fb11b53676da38368c,3742
TAKE_THIS/flood_sentinel_audit_package/project/chunks/chunk06/label_budget_summary.json,handoff_copy,2f9468af1f098bacb05e030519db7d9c247aa3b9fa958717a22df830d63d849e,5015
TAKE_THIS/flood_sentinel_audit_package/project/chunks/chunk06/reports/C06-01/contract_report.md,handoff_copy,00e649e882f245712883517e9d38cecfe357e3eaf220acc5b5f9de150d831c6a,4471
TAKE_THIS/flood_sentinel_audit_package/project/chunks/chunk06/reports/C06-02/contract_report.md,handoff_copy,6102faae05b703cc46336d5929d1cdf0db9ef6f7bc55df07dd6f4445abdfa330,4128
TAKE_THIS/flood_sentinel_audit_package/project/chunks/chunk06/reports/C06-03/contract_report.md,handoff_copy,5ff2188364953f75831a518c93f4d43c9dc5f5062d67bd23c12ff2ccf45c7825,4399
TAKE_THIS/flood_sentinel_audit_package/project/chunks/chunk06/reports/C06-04/contract_report.md,handoff_copy,f8cd3f5451c4abf9b51eb8d5455f3c4d0d4adab0b4595ea980d93e7f09fc0f3c,4562
TAKE_THIS/flood_sentinel_audit_package/project/chunks/chunk06/reports/C06-05/contract_report.md,handoff_copy,6fa56a1b4fad0abd8a34775ab1c9744d212a5d99c192d4f535364f0cf4b9e6df,3487
TAKE_THIS/flood_sentinel_audit_package/project/chunks/chunk06/reports/C06-06/contract_report.md,handoff_copy,dd05c92440cd307df95e24b512fda2c4bcf43e087fec086bb0adf6f319a929c0,4432
TAKE_THIS/flood_sentinel_audit_package/project/chunks/chunk06/reports/C06-07/contract_report.md,handoff_copy,675bffe492f94a99a230eb3c81fab4afce4f923b2cd0c659f2ce0268ef0ec40d,4978
TAKE_THIS/flood_sentinel_audit_package/project/chunks/chunk06/threshold_registry.json,handoff_copy,52b6755c4af637877096531a986124b2c42b5b751de3bc308a3e85880959f872,7189
TAKE_THIS/flood_sentinel_audit_package/project/chunks/chunk07/chunk07.md,handoff_copy,44333b22cd30a51add0d42dc9bb5e198489e6afa6f434d01472a25fe4a5a2e51,5554
TAKE_THIS/flood_sentinel_audit_package/project/chunks/chunk07/chunk_report.md,handoff_copy,455a727f73bcd7bd038774537477744a8e3bc30b5e6024f4c3db7cbbb3ecb1e6,5211
TAKE_THIS/flood_sentinel_audit_package/project/chunks/chunk07/contracts/C07-01_contract.md,handoff_copy,241836984b1be0b714a74fa71d6aea373fc7a48a617a39f75a73d770c359f0e0,2118
TAKE_THIS/flood_sentinel_audit_package/project/chunks/chunk07/contracts/C07-02_contract.md,handoff_copy,47932cc358584b622d057c306a5ce9d13c3eb8eaeca33a9fa2ed656009ac51f5,3342
TAKE_THIS/flood_sentinel_audit_package/project/chunks/chunk07/contracts/C07-03_contract.md,handoff_copy,abda40e6a0fdf11c7504b338c520ca58189aad9cb2e668f9d439609b5bda7849,2457
TAKE_THIS/flood_sentinel_audit_package/project/chunks/chunk07/contracts/C07-04_contract.md,handoff_copy,de0720fe0bc69643dfad6809acdfe1211a3f5f69bc98846d733e9d6313db755b,2558
TAKE_THIS/flood_sentinel_audit_package/project/chunks/chunk07/contracts/C07-05_contract.md,handoff_copy,076b4821c20b65b185efe39eb83113cf1b64ec188e6f335946ad77bf2800ce3c,1964
TAKE_THIS/flood_sentinel_audit_package/project/chunks/chunk07/contracts/C07-06_contract.md,handoff_copy,afb40d11e0ff1ebd1e8129f442a0e7a24d344c08a849f800adbcfe2479f65487,1754
TAKE_THIS/flood_sentinel_audit_package/project/chunks/chunk07/data/discrimination_results.json,handoff_copy,80f0bf1dc3238ee70a3ab9dd724d863adb04aa7739172000bd06d8f3ac84e5e5,26076
TAKE_THIS/flood_sentinel_audit_package/project/chunks/chunk07/data/discrimination_table.parquet,handoff_copy,76500b5e82950be1fbac0b69088a1997181a589e777edb86a6c8ec7e38fe34ad,7848
TAKE_THIS/flood_sentinel_audit_package/project/chunks/chunk07/data/evaluation_event_matrix.parquet,handoff_copy,525bc767bf306a93564a76142f904f56503b231fce8e6921d1b86f47fa264e35,195966
TAKE_THIS/flood_sentinel_audit_package/project/chunks/chunk07/data/evaluation_window_matrix.parquet,handoff_copy,c37ebc7246180fb72a2866be62fd78af5474f98e07f8fbacce49e56f3f84b0ea,201162
TAKE_THIS/flood_sentinel_audit_package/project/chunks/chunk07/data/lead_time_survival_results.json,handoff_copy,9abcf53ef0d47a5c3bd0c2ed82e927fd2e69b71af453c28856215ef5bb6763f1,21292
TAKE_THIS/flood_sentinel_audit_package/project/chunks/chunk07/data/survival_curves.parquet,handoff_copy,cb08c9370f24e2f6ee8a6a8f23c3b0bca0822499449df919bdcee00ee667eeb5,3508
TAKE_THIS/flood_sentinel_audit_package/project/chunks/chunk07/evaluation_matrix_summary.json,handoff_copy,101d721f3726ad1d33314cfa0c284da4c8c7921cb4d2d09d4f6dd3fb1b8c663e,667
TAKE_THIS/flood_sentinel_audit_package/project/chunks/chunk07/execution_manifest.yaml,handoff_copy,0414119b40cff9ae72a3e4a3f3eba8382bb43df3e90fc2be81c798dcbda9b1e3,3573
TAKE_THIS/flood_sentinel_audit_package/project/chunks/chunk07/metric_dispatch_proof.json,handoff_copy,53921bb95d5da96547dee44a86e1f597f92ce654368b032c02076f366d173771,2303
TAKE_THIS/flood_sentinel_audit_package/project/chunks/chunk07/reality_gate_report.json,handoff_copy,a04fc092c9d0c191d0f290d0de6be54fabe3ae12e4cc17d34514723b19a1de11,1796
TAKE_THIS/flood_sentinel_audit_package/project/chunks/chunk07/reports/C07-01/contract_report.md,handoff_copy,ea6e634f64c69bc837e0c6d2f9052652403ce0b8208d44069e8239beb0b84187,3855
TAKE_THIS/flood_sentinel_audit_package/project/chunks/chunk07/reports/C07-02/contract_report.md,handoff_copy,37835ca3cad468c347cea9f778591a0151b80dba02771c08e848e9fea2594591,8037
TAKE_THIS/flood_sentinel_audit_package/project/chunks/chunk07/reports/C07-03/contract_report.md,handoff_copy,4b48da3167e1290af20b47c77a21d598f8257d1b3e15b15e98463fd85444e53b,5953
TAKE_THIS/flood_sentinel_audit_package/project/chunks/chunk07/reports/C07-04/contract_report.md,handoff_copy,f26fa63719a1e5e9994ff6c6d1aad767308572b153368747e8d3062d277e7e03,7838
TAKE_THIS/flood_sentinel_audit_package/project/chunks/chunk07/reports/C07-05/contract_report.md,handoff_copy,f033fc5f9ca6a81217ea56fdd1a5c166f692c29711fc285c1efe866c948d661b,4026
TAKE_THIS/flood_sentinel_audit_package/project/chunks/chunk07/reports/C07-06/contract_report.md,handoff_copy,704df21b87aa4ee60339e26260aa037335a89d4275bcaa2ad38ab9e49ff680d1,4477
TAKE_THIS/flood_sentinel_audit_package/project/chunks/chunk07/sample_adequacy_final_report.json,handoff_copy,c8020ba20c895e3e6d5f76ff978f76450c7d0385332aec55a2b2d5f9f4e29046,7644
TAKE_THIS/flood_sentinel_audit_package/project/chunks/chunk07/statistical_evaluation_master_report.md,handoff_copy,07872332f82bce8c02ae9b84c500f3f2d3e2edddfe901f3cf992c8e857cadc75,4992
TAKE_THIS/flood_sentinel_audit_package/project/chunks/chunk08/ablation_master_report.md,handoff_copy,28c693666f28d742563f0fe642cec66853fafed3cd61f59b771dbb9d64e73df3,8935
TAKE_THIS/flood_sentinel_audit_package/project/chunks/chunk08/architecture_ablation_summary.json,handoff_copy,3c70c0b02d65ec4464e31b3b5202f56d3a4691e233342bf616e56280697673f5,1877
TAKE_THIS/flood_sentinel_audit_package/project/chunks/chunk08/causal_masking_summary.json,handoff_copy,8dd6329884ae13bb08eb4afbc6e21d4e91ffc4e6be7c93cf722abbc564de36fb,1593
TAKE_THIS/flood_sentinel_audit_package/project/chunks/chunk08/chunk08.md,handoff_copy,a22156617be05855c87e1ce8e50f1eecce51226185f53c54d54faebb0136f250,5058
TAKE_THIS/flood_sentinel_audit_package/project/chunks/chunk08/chunk_report.md,handoff_copy,1e49a30a038daa5ca573b1f384803b06ee5bb15c72e3393b0bc24135592d4bcc,5010
TAKE_THIS/flood_sentinel_audit_package/project/chunks/chunk08/contracts/C08-01_contract.md,handoff_copy,dd14f6f7cbd4fe3f16416fcb601aadc8e2376cebad72c74368afd1d22ddce3a9,2049
TAKE_THIS/flood_sentinel_audit_package/project/chunks/chunk08/contracts/C08-02_contract.md,handoff_copy,ac0786742d56fe01ebfcc6b2e0e3d1a17947d4b190990bb0294a1f79f0da5001,1841
TAKE_THIS/flood_sentinel_audit_package/project/chunks/chunk08/contracts/C08-03_contract.md,handoff_copy,0a9335064f57ca0fc2c2c45bd61810c64cea8e1fe40c9098daeb41aec7f246b7,2149
TAKE_THIS/flood_sentinel_audit_package/project/chunks/chunk08/contracts/C08-04_contract.md,handoff_copy,4209b77a5c921a37420fa1c046b7ea0799db293447c86b50cdda8cd5910bbea2,2149
TAKE_THIS/flood_sentinel_audit_package/project/chunks/chunk08/contracts/C08-05_contract.md,handoff_copy,e85eff28d9cb8660b49ee572df8dc32cd813bdc135a676fea61d799b63c67a4d,2664
TAKE_THIS/flood_sentinel_audit_package/project/chunks/chunk08/contracts/C08-06_contract.md,handoff_copy,65014acc3159694c1efc75ae3a531efdbe86c728e56db0f647bfe501831e0779,1659
TAKE_THIS/flood_sentinel_audit_package/project/chunks/chunk08/data/architecture_ablation_results.parquet,handoff_copy,9970003420e2bf472e0820dfbce6ccd5b8c64ee9e4b3d2e6547b4a766541f8d0,7049
TAKE_THIS/flood_sentinel_audit_package/project/chunks/chunk08/data/causal_masking_ablation_results.parquet,handoff_copy,9673f3173717c7b58bcf8771bb800fb1e7383100c8d07464aadbde2c408a253f,6474
TAKE_THIS/flood_sentinel_audit_package/project/chunks/chunk08/data/hyperparameter_sensitivity_results.parquet,handoff_copy,f68e9a498e8d7ab93dbe948ad38bb0bc071073674ddb263e3546c1afbb022fb4,8204
TAKE_THIS/flood_sentinel_audit_package/project/chunks/chunk08/data/sensor_ablation_results.parquet,handoff_copy,f8e49a7d8ba4406b0c336335d9335a56e3bc16781c18dbbc32cea93ff6e90832,5561
TAKE_THIS/flood_sentinel_audit_package/project/chunks/chunk08/execution_manifest.yaml,handoff_copy,dde5b75046ea9fd5010d6caaf281b2a834bc87af58857f5c0f998a3eb1d07362,3166
TAKE_THIS/flood_sentinel_audit_package/project/chunks/chunk08/hyperparameter_sensitivity_summary.json,handoff_copy,244de9a1889d7a6754022d83e7629638fc882d0e5f6a40a1373baac40721d9b0,6964
TAKE_THIS/flood_sentinel_audit_package/project/chunks/chunk08/reality_gate_report.json,handoff_copy,38a385eb4bd7547eca4184f175f159738b29780537b7e2dc7d39217b2ed16fd5,2282
TAKE_THIS/flood_sentinel_audit_package/project/chunks/chunk08/reports/C08-01/contract_report.md,handoff_copy,c5b857ed8bcb3f0f77e9965e0afe435ceccce1aa7284f75a2dba735d228799bb,5037
TAKE_THIS/flood_sentinel_audit_package/project/chunks/chunk08/reports/C08-02/contract_report.md,handoff_copy,930cd12854fe0e18af5208a352d56d975ce320bbcc130381877aad5c88e030f3,4311
TAKE_THIS/flood_sentinel_audit_package/project/chunks/chunk08/reports/C08-03/contract_report.md,handoff_copy,da56d1e41d297c52f1576709db34bc41d2c48c714a110b6ff4ef039c0405d286,3869
TAKE_THIS/flood_sentinel_audit_package/project/chunks/chunk08/reports/C08-04/contract_report.md,handoff_copy,c12d86a56e1f83e4258236dea2a17bd8c61ccb4a6a3b2935b1f1576097ed2534,4479
TAKE_THIS/flood_sentinel_audit_package/project/chunks/chunk08/reports/C08-05/contract_report.md,handoff_copy,07ae0aafd101fec9bc1adcaa8630d8048f0f14906ccae96812ef3a557d2b8e29,3398
TAKE_THIS/flood_sentinel_audit_package/project/chunks/chunk08/reports/C08-06/contract_report.md,handoff_copy,2c20d49aec25bc7577abe7d4ff3b49c350ba6ca7ecf3b29daefe4715eced447b,3328
TAKE_THIS/flood_sentinel_audit_package/project/chunks/chunk08/sensor_ablation_summary.json,handoff_copy,bc68148abb8553602e3e9edfb27914280b9d9fd533ae61678ef0ecd0c3a5a3b2,2107
TAKE_THIS/flood_sentinel_audit_package/project/chunks/chunk08/title_claim_audit_report.md,handoff_copy,773455148a9f974e7bb2ab7b2c73e85408aee536eb8cd3eb50cb396984d6c6c7,8197
TAKE_THIS/flood_sentinel_audit_package/project/chunks/chunk08/title_claim_verdicts.json,handoff_copy,3b86fd9d3d4efc6dd564bf598c2673bac5221b68afaffaff13ccd9905b30b2e5,6654
TAKE_THIS/flood_sentinel_audit_package/project/chunks/chunk09/ai_disclosure.md,handoff_copy,8e69cbae61a079971bf963319fa0e448dd1cda1fbecdbf6041f88ac50725b1b9,7381
TAKE_THIS/flood_sentinel_audit_package/project/chunks/chunk09/chunk09.md,handoff_copy,206a6a9cedf8c0d3859779084a7d7ce169e12016ff5760bc59e715b84a024584,4604
TAKE_THIS/flood_sentinel_audit_package/project/chunks/chunk09/chunk_report.md,handoff_copy,63e8a9a4a148e7402c53af6dabead0d95fed49cc97c145cfd1bb69f594478a65,5161
TAKE_THIS/flood_sentinel_audit_package/project/chunks/chunk09/contracts/C09-01_contract.md,handoff_copy,4963867734dc79a42b7a14b037e2db2f60792541315bc75ed84c495ac871cdbb,2051
TAKE_THIS/flood_sentinel_audit_package/project/chunks/chunk09/contracts/C09-02_contract.md,handoff_copy,32f5d048db00be90110a3413806a7b314f53ef8b32f4e459d9e51827980743a7,1787
TAKE_THIS/flood_sentinel_audit_package/project/chunks/chunk09/contracts/C09-03_contract.md,handoff_copy,1da3509629e5c28f3b5e129cb058e6606c64dbd592abb31cc0cddfd44702bd01,1619
TAKE_THIS/flood_sentinel_audit_package/project/chunks/chunk09/contracts/C09-04_contract.md,handoff_copy,d484ff396f810cc1a0b061c7e404978fd419b51884c77fc07e8d53fd0e56da6e,1923
TAKE_THIS/flood_sentinel_audit_package/project/chunks/chunk09/contracts/C09-05_contract.md,handoff_copy,92e6df4f8c806999fcd49f4fb7f6213e41fa7499c7ad1e473232f8a551433ad0,1413
TAKE_THIS/flood_sentinel_audit_package/project/chunks/chunk09/contracts/C09-06_contract.md,handoff_copy,561e975c81d7531800d37f6f693ada62d729b438bd664969fdf3778458a28036,3015
TAKE_THIS/flood_sentinel_audit_package/project/chunks/chunk09/dataport_manifest.json,handoff_copy,07e15709984c846e7b1b64a0f432b54d0c1e45c9f68d35dc2178e7030c59bb28,10518
TAKE_THIS/flood_sentinel_audit_package/project/chunks/chunk09/execution_manifest.yaml,handoff_copy,6a1feb7b344d510cbf15bb476f90eb4d7f7de159ed70df6c6605203fd2c77666,3064
TAKE_THIS/flood_sentinel_audit_package/project/chunks/chunk09/final_synthesis_report.md,handoff_copy,914c896f277c8a91495667af69d7270384bc4728319fa601fec5058b1e1d42cb,8387
TAKE_THIS/flood_sentinel_audit_package/project/chunks/chunk09/ieee_dataport_deposit.md,handoff_copy,91f9c9b832f3bb9c46c7eb1fc493c25e3d74375fafeed735271353e24a4eb530,7369
TAKE_THIS/flood_sentinel_audit_package/project/chunks/chunk09/manuscript_draft.md,handoff_copy,f48c56cdae0a7d2ca59f7ef2193895bb67b571a5bcb2b3c2087969c4eb99ad10,12974
TAKE_THIS/flood_sentinel_audit_package/project/chunks/chunk09/release_check_report.json,handoff_copy,5cd11079d686f8a9638e7288ee50d8d0659367e475137b824102cce15a4b7ba9,743
TAKE_THIS/flood_sentinel_audit_package/project/chunks/chunk09/replication_manifest.json,handoff_copy,f9186fe16c6e7b99d99af5daf175fa7dd9576460e6a08831da78a20cb24c6aa7,5942
TAKE_THIS/flood_sentinel_audit_package/project/chunks/chunk09/reports/C09-01/contract_report.md,handoff_copy,cd798c86c5006ef9ded1ccbcdfd4c7008a3e97ee8a973c97cb918b0d94b90318,4772
TAKE_THIS/flood_sentinel_audit_package/project/chunks/chunk09/reports/C09-02/contract_report.md,handoff_copy,ca7ad4aef7d29c14d756522c8d8d322bd8dae8dbdb1ce7a24081515f064c3024,3138
TAKE_THIS/flood_sentinel_audit_package/project/chunks/chunk09/reports/C09-03/contract_report.md,handoff_copy,74d260b22a438e27da99671b2de008d88096fb6bbe96e1a98eb3cce60336acf3,3369
TAKE_THIS/flood_sentinel_audit_package/project/chunks/chunk09/reports/C09-04/contract_report.md,handoff_copy,83f219ef020f2662967a00691a712860931e62929f5f02fa604f176218040d3e,3373
TAKE_THIS/flood_sentinel_audit_package/project/chunks/chunk09/reports/C09-05/contract_report.md,handoff_copy,1aa65ad7228ddb2b484e10dcb0ffb3b3d08df98ac1d2d1dc4e3c70e55c2c54fc,3731
TAKE_THIS/flood_sentinel_audit_package/project/chunks/chunk09/reports/C09-06/contract_report.md,handoff_copy,809077ed861c76f8123dec8c0beb6c246a748459c1ce56e7e66fc7e0137cc099,5113
TAKE_THIS/flood_sentinel_audit_package/project/chunks/chunk09/synthesis_verification_report.json,handoff_copy,5a3a035f576f3bb24d1699a0887acaac7635a7246bf1784fc19a85b8422390c9,687
TAKE_THIS/flood_sentinel_audit_package/project/evolution/decision_log.md,handoff_copy,978ecb174cd9efc109fadf93f91eb4eeb508d7cfa3598f6b522348da1188ce60,46012
TAKE_THIS/flood_sentinel_audit_package/project/evolution/telemetry.jsonl,handoff_copy,0aeda89f7f7ac64807a06522a87c2fb4ac920c292b5183223f11efd2366a35d8,26286
TAKE_THIS/flood_sentinel_audit_package/project/factory_info.json,handoff_copy,4c5745e680b14676dc52d5abdafd950d8388127d1058132209e06e00f2c32b6e,290
TAKE_THIS/flood_sentinel_audit_package/project/factory_info.md,handoff_copy,e83024c4d32e54b34b020cdaea842fbd90928d0362bbc8ce0fa2c064e2a991e5,273
TAKE_THIS/flood_sentinel_audit_package/project/invariants.md,handoff_copy,d7f8782b984fa3ada98be5d280e85d925940c057310d8d5b4b6cee1596b87cc1,60631
TAKE_THIS/flood_sentinel_audit_package/project/key_facts.md,handoff_copy,d12abab3158de2bf701acd7c9f890aa54010efff70996f33f87996c7490be85f,23902
TAKE_THIS/flood_sentinel_audit_package/project/methodology_adversarial_review.md,handoff_copy,6bb55457a0b3cb6b722d46642e30a19c67e3db62bc20f31e254f03125027b009,18073
TAKE_THIS/flood_sentinel_audit_package/project/project_description.md,handoff_copy,d1a09297de95e27296de207a78c6a20ae398014cfb2052d0e43741f7247cc437,58689
TAKE_THIS/flood_sentinel_audit_package/project/project_knowledge.md,handoff_copy,97f8a744f26a22b4d946e893698c010af2aefacffa42c6fc0e25fe8c58454286,87223
TAKE_THIS/flood_sentinel_audit_package/project/roadmap.md,handoff_copy,91e5e884771e1da287ca6879bd8ac8a94cab40eed0a972b519a91232c9e1abc7,40821
TAKE_THIS/flood_sentinel_audit_package/requirements.txt,handoff_copy,b1889fed1806432fc097d3faf70111df2aa46a534b702618b9c47881726ea8b9,387
TAKE_THIS/flood_sentinel_audit_package/source/.DS_Store,cache_or_os_metadata,e5eafc5998e9b84db3741aa3a65a460b99cd05dcb91859a311961fd8ed596165,8196
TAKE_THIS/flood_sentinel_audit_package/source/__init__.py,handoff_copy,257ce0a450fcfd852f260fe99e4b051e9a8378d2bae3c1dd7fb5b512157f504d,37
TAKE_THIS/flood_sentinel_audit_package/source/ablation/architecture_ablation.py,handoff_copy,9116a201f14bdf96f7c133b5945df047818197c2302f143a35fbf8577936c214,12139
TAKE_THIS/flood_sentinel_audit_package/source/ablation/audit_title_claims.py,handoff_copy,e870f2899c079529e5a5fcd117721dbf9781e7519bb332bc98c722dd3f72f7a8,11818
TAKE_THIS/flood_sentinel_audit_package/source/ablation/causal_masking_ablation.py,handoff_copy,68592f70a1850ec03129961953e88bddb76e0282d9e4e8db5d37b2bc2e25c911,12744
TAKE_THIS/flood_sentinel_audit_package/source/ablation/hyperparameter_sensitivity.py,handoff_copy,60f6f74c1e0ba8583de91364728653d2a0ac5be53a339de6c9554a2b24ba5162,14108
TAKE_THIS/flood_sentinel_audit_package/source/ablation/sensor_ablation.py,handoff_copy,c684250470ab5ee40723f4bdbc4349c64dadc9769ca4fec16644c5e9ea739159,9276
TAKE_THIS/flood_sentinel_audit_package/source/ablation/verify_chunk08_reality_gate.py,handoff_copy,5d1968c57bd29941c9dce06b994052bca2c22684d4b37d9514ea18d724c3f888,12703
TAKE_THIS/flood_sentinel_audit_package/source/acquisition/__init__.py,handoff_copy,d8df186c90c02bd80957cbf45829cc979f53d071c8e7a16aca59507b68bf7ea8,42
TAKE_THIS/flood_sentinel_audit_package/source/acquisition/acquire_attributes.py,handoff_copy,415d304fa92cec27372990cc0f9fa819c0d7b1cb1bf64306b4c05d52d696ac70,23532
TAKE_THIS/flood_sentinel_audit_package/source/acquisition/acquire_attributes_full.py,handoff_copy,93ffe7adef8e7f73e8fcf1baa4f166ba5f1eaf08852dac35f5e5b9835700efa3,13442
TAKE_THIS/flood_sentinel_audit_package/source/acquisition/acquire_events.py,handoff_copy,934260a1ec90122f23984ca4b50bef3efdaec6bf89caa04d92d5853ea3c364b4,18588
TAKE_THIS/flood_sentinel_audit_package/source/acquisition/acquire_events_full.py,handoff_copy,4d9687862686dc8f734ef33750acd3187583078320cf1180c6d7a5a610d3894a,17304
TAKE_THIS/flood_sentinel_audit_package/source/acquisition/acquire_gridmet.py,handoff_copy,04c064a992add9b794b97fae8505bf71a0aca0423f645a8195c35ce799984cf9,15684
TAKE_THIS/flood_sentinel_audit_package/source/acquisition/acquire_gridmet_full.py,handoff_copy,1600446c623bd665a61b9950da55352ad82bcfa2b25b96481d68d13148e5321a,16970
TAKE_THIS/flood_sentinel_audit_package/source/acquisition/acquire_nwm_retro.py,handoff_copy,3ea418e63d5a8500945587913dc71e5b1bfd653536006253e9868048a27bd885,9635
TAKE_THIS/flood_sentinel_audit_package/source/acquisition/acquire_nwm_retro_full.py,handoff_copy,3e56dc39e4ec47a96303dcdd08410a76238a949b23cdadd6fa5d3b70d09b7c32,11912
TAKE_THIS/flood_sentinel_audit_package/source/acquisition/acquire_snodas.py,handoff_copy,5d241ea6366f8c5ce4e5aa931a3592c76d733d17a3f987b91aa0f93a360243d9,12978
TAKE_THIS/flood_sentinel_audit_package/source/acquisition/acquire_snodas_full.py,handoff_copy,e9e41fdc40fdc3598cc44bfa007eee853e55db20355a63975d7d7ebb1df09c82,14126
TAKE_THIS/flood_sentinel_audit_package/source/acquisition/acquire_thresholds.py,handoff_copy,19a01bff7bcc0a99b2a689c618c1a0c5a602870ac53d11d5591c7b2f033dbab9,10395
TAKE_THIS/flood_sentinel_audit_package/source/acquisition/acquire_thresholds_full.py,handoff_copy,c391bbd6c51570c71d74b85e9e382f170f175c161de534ed920ff4482f6ae12c,13120
TAKE_THIS/flood_sentinel_audit_package/source/acquisition/acquire_usgs.py,handoff_copy,4d03ba24beb7f4fe61cf1c9a4cd7805c91fc454a6c21a24ceea4542778c0a641,13604
TAKE_THIS/flood_sentinel_audit_package/source/acquisition/acquire_usgs_full.py,handoff_copy,75f5e95d56832a2709d08ad71a0cdcfcc85d9463424ff17d65c8c089e990e502,14983
TAKE_THIS/flood_sentinel_audit_package/source/acquisition/build_stratification_report.py,handoff_copy,3db0f9adf1bca94416434e8558507f6cb8a05e2d218e54e493d46dbf6de19b0b,13766
TAKE_THIS/flood_sentinel_audit_package/source/acquisition/compute_response_time.py,handoff_copy,c318b9cffa977a4d169015d5bbed072f5e35806ec9dde21b33a8aa7035b9f9d6,11768
TAKE_THIS/flood_sentinel_audit_package/source/acquisition/compute_sample_adequacy.py,handoff_copy,b67b1b55895d57eb06143a23a5fe68a7e8a14d3af5e09befb9ca3c3bf63f8ce5,10480
TAKE_THIS/flood_sentinel_audit_package/source/acquisition/precheck_nwm_operational.py,handoff_copy,fbe5e6bfc245534bcdd07ab76be23c783716ead7ece0de180b1ffe80404e9d3c,5997
TAKE_THIS/flood_sentinel_audit_package/source/acquisition/select_full_panel.py,handoff_copy,649fc55789e1719bb6eb4bdb0ba0d94717ecc4d7e7a02f6b49143488f22501c9,31224
TAKE_THIS/flood_sentinel_audit_package/source/acquisition/select_pilot_panel.py,handoff_copy,56c05a50f7cae839d99c6ccdd056c80d72e95f43f149b6c0fa86a79d748acc8c,9336
TAKE_THIS/flood_sentinel_audit_package/source/acquisition/verify_attributes.py,handoff_copy,ad809fe827b7665bad7acbbc7af404c75c69902a177fadeb7e7991406160c3a8,5027
TAKE_THIS/flood_sentinel_audit_package/source/acquisition/verify_attributes_full.py,handoff_copy,abb1bf41b454f6cec25a1e1f1837c4bf59f356e9deb5e266648972e6a75bf0b7,4301
TAKE_THIS/flood_sentinel_audit_package/source/acquisition/verify_events.py,handoff_copy,07ec3df72a6ab4da68880fc8cf9ab223865aba2538dd52b71dd19373261520df,5271
TAKE_THIS/flood_sentinel_audit_package/source/acquisition/verify_events_full.py,handoff_copy,4fd6169e8f0387bee9e97e6948c89ae273adce6e393c9c15059ec85e11d55079,4834
TAKE_THIS/flood_sentinel_audit_package/source/acquisition/verify_full_panel.py,handoff_copy,0d45bb449018107871d78fb812ad81599a98001c7ce83a26c6aac2bc2a278ffb,4288
TAKE_THIS/flood_sentinel_audit_package/source/acquisition/verify_gridmet.py,handoff_copy,7ca78dea3e1fa848d7fedf500f290a408c10f94bdb26c1838c5890b065a1e818,5528
TAKE_THIS/flood_sentinel_audit_package/source/acquisition/verify_gridmet_full.py,handoff_copy,71e7530ab995dbb215150cbdf179002a011c04e7c5a5650f63fa01453cbdd9bc,5155
TAKE_THIS/flood_sentinel_audit_package/source/acquisition/verify_kf113_declaration.py,handoff_copy,dbe58362bd10dde03d8e76491d2735af07a298a49e20d277773f767eec991ccc,2537
TAKE_THIS/flood_sentinel_audit_package/source/acquisition/verify_nwm_op_precheck.py,handoff_copy,3cc681533bd9f3de4cf3a4c20f6e770f6fb74974ed82984553064ae08bad3225,2606
TAKE_THIS/flood_sentinel_audit_package/source/acquisition/verify_nwm_retro.py,handoff_copy,67911b509996972f8d42d9910421cd6ad35cc6fd2b00a810daac20c8f94072ff,4708
TAKE_THIS/flood_sentinel_audit_package/source/acquisition/verify_nwm_retro_full.py,handoff_copy,123941e623db4144248fabb0abdce94f66c224b3e05e54b9b8461535e56bc600,5405
TAKE_THIS/flood_sentinel_audit_package/source/acquisition/verify_pilot_panel.py,handoff_copy,57601d37b20c6d4dd7e6fd10eec94b9528b75d5f24f9cecb8cc165c4c22e3aba,4277
TAKE_THIS/flood_sentinel_audit_package/source/acquisition/verify_response_time.py,handoff_copy,8c370fc33958c82c8f4abe0f0c77deee97135181c272e9247e2a57c6154938bd,5215
TAKE_THIS/flood_sentinel_audit_package/source/acquisition/verify_sample_adequacy.py,handoff_copy,b6802206f5469c4e3251fbd10c0757d05f1004b638135b6a0c06082a18222911,2857
TAKE_THIS/flood_sentinel_audit_package/source/acquisition/verify_snodas.py,handoff_copy,fe64682b0a8eb46153e9e08657681b0bd2238f0a1084ab58ad5d9f568ddc80d7,5321
TAKE_THIS/flood_sentinel_audit_package/source/acquisition/verify_snodas_full.py,handoff_copy,d51699a40538d5f7036434c97862f09c1229f0bcf440bfdb1e3f9006ab109189,5013
TAKE_THIS/flood_sentinel_audit_package/source/acquisition/verify_stratification_report.py,handoff_copy,4b673b6cbaed66f1d08c3759cecbeb798f99e2afd3989555a43faeea14b7cd20,2556
TAKE_THIS/flood_sentinel_audit_package/source/acquisition/verify_thresholds.py,handoff_copy,38fde3a3b0974446a51c18fffa875f6f1b903a9dda63f7e4a69e680f56089328,5275
TAKE_THIS/flood_sentinel_audit_package/source/acquisition/verify_thresholds_full.py,handoff_copy,5ba784a2f39703459ef57a9cc495fc833e257eb62e62ef07f0b9e425f8e3d62f,4806
TAKE_THIS/flood_sentinel_audit_package/source/acquisition/verify_usgs.py,handoff_copy,9bd3655889d0f19164c2f06da5c689048321346001554a4a689e2caee8acc6e9,5056
TAKE_THIS/flood_sentinel_audit_package/source/acquisition/verify_usgs_full.py,handoff_copy,68f26455d15a25696412c363fa9e453a6f3f4875cc76d6b3dd6a93e2b48de487,4590
TAKE_THIS/flood_sentinel_audit_package/source/baseline/baseline_learn.py,handoff_copy,baaa7a38ffa3a67640bdb2a85481b4fcf5f5bbdf361c7119cf3215d2944aaa27,10411
TAKE_THIS/flood_sentinel_audit_package/source/baseline/baseline_op.py,handoff_copy,bfe9d099ad07fda410f3dbe7833ceaba4641504b1d6498fee8726b26f4c9bc24,7676
TAKE_THIS/flood_sentinel_audit_package/source/baseline/baseline_stat.py,handoff_copy,5db6048ff73d31ed58d5da20d280b7a40283f833ad6fd7bd9c86c48963a36b4a,10201
TAKE_THIS/flood_sentinel_audit_package/source/baseline/baseline_sup.py,handoff_copy,76bee413e06350cec638ab71c15f9d08810073900d5ae0908e334ba0b1778a19,10503
TAKE_THIS/flood_sentinel_audit_package/source/baseline/ea_lstm.py,handoff_copy,ae5890ae8a99707810ad311e56abfee2d5e7cfc4d539c5aa7cdaa8885d7b8315,3056
TAKE_THIS/flood_sentinel_audit_package/source/baseline/label_budget_sweep.py,handoff_copy,8c241750c9fdfa16f4766da06c2dbe37be66d541039909ba1c3892205ccb8973,11002
TAKE_THIS/flood_sentinel_audit_package/source/baseline/threshold_registry.py,handoff_copy,266c14c79451633a8a19e2277c5df51a7a333273b193af7767be80151163b6cf,6883
TAKE_THIS/flood_sentinel_audit_package/source/baseline/verify_all_baselines.py,handoff_copy,a6bf89d6e9c1c712a777af2fc34ab4e935007a4105abffe46439d8d09e2c37ca,6519
TAKE_THIS/flood_sentinel_audit_package/source/baselines/__init__.py,handoff_copy,e5524a8151930a8ab64d16aeeffdc292768c33f4a687654b73721b754867a774,45
TAKE_THIS/flood_sentinel_audit_package/source/encoder/__init__.py,handoff_copy,965b853c8378cc21aa2eacbf44b5e83e0da19df21b6cfdbbf67c161c4301dfeb,57
TAKE_THIS/flood_sentinel_audit_package/source/evaluation/__init__.py,handoff_copy,9cbcdc8c41f7e722c4eaee0d1d11ed93664e74cb03ce84acef6bc56dc38e28d0,43
TAKE_THIS/flood_sentinel_audit_package/source/feature/causal_feature_matrix.py,handoff_copy,59d1df249b1b036e787f27df695ad4eb8a6035ec7061bc486d7356188ac6cb23,11866
TAKE_THIS/flood_sentinel_audit_package/source/feature/compute_normalization.py,handoff_copy,4763410f26bc8f648acd3c1047bf7b84be0e47315e4622302a40df472abde2e0,5642
TAKE_THIS/flood_sentinel_audit_package/source/feature/feature_windowing.py,handoff_copy,c53630f98b2f11a452be21c89387938bc49ef7f522d1aaeb006a76f0423302d1,8926
TAKE_THIS/flood_sentinel_audit_package/source/feature/latency_registry.json,handoff_copy,6b4727f57fb606354200c0fa256c5545e816f00942ba84f013d91986f3b08f26,2118
TAKE_THIS/flood_sentinel_audit_package/source/feature/recompute_causal_check.py,handoff_copy,e03ed23a42d3a56174003fe85611c7804cc151e75258da2a4238538b97a27671,2756
TAKE_THIS/flood_sentinel_audit_package/source/feature/recompute_split_check.py,handoff_copy,64277d95d64441ca62fd61cc81e4910644d1dedcf569636d51dc0cc6919565d8,2937
TAKE_THIS/flood_sentinel_audit_package/source/feature/split_generator.py,handoff_copy,305e345dbf22029e37c1fa6759a666da4bdb8850b25126ef46ab500fc591aa04,9755
TAKE_THIS/flood_sentinel_audit_package/source/feature/tag_eligibility.py,handoff_copy,a991f4b842aa25a22c9634d08056a9a4d003d12d743f9e1ff308335a8c465fb7,4511
TAKE_THIS/flood_sentinel_audit_package/source/feature/test_causal_correctness.py,handoff_copy,6e9e1f7ef3bb39d8b903ed53175d1b99b2a4fcc0f9ace8356d41f644b69000a9,4827
TAKE_THIS/flood_sentinel_audit_package/source/feature/test_causal_feature_matrix.py,handoff_copy,e281eede16a0799330f5a5676a24f233bb28724847186d2e2d2d489d8dfbeb5f,3528
TAKE_THIS/flood_sentinel_audit_package/source/feature/test_split_correctness.py,handoff_copy,a3a1ce228178022068ec1755c2eef5b8dcb18b64a769b6209ed93790bc4478cf,8219
TAKE_THIS/flood_sentinel_audit_package/source/feature/test_split_generator.py,handoff_copy,efcd3e7e00ba1ab346c69dbe84f00f00e471af337f9385cba61008fcd4282666,4334
TAKE_THIS/flood_sentinel_audit_package/source/feature/verify_eligibility_tags.py,handoff_copy,435ea5e6105ea215aa909b4f65f748c42bccea496d7242726c2b56e726c10b38,3657
TAKE_THIS/flood_sentinel_audit_package/source/feature/verify_feature_matrix.py,handoff_copy,071405e65ff1be817094492fcc6ed4113b122c664f7f87c029993709c04f5aa0,3656
TAKE_THIS/flood_sentinel_audit_package/source/feature/verify_latency_registry.py,handoff_copy,c679bd6859a8be107cbdecf89469b5cb71a0452cc707398c00f0801406af291e,2579
TAKE_THIS/flood_sentinel_audit_package/source/feature/verify_normalization.py,handoff_copy,13b5bf7582d4c16baa43633d5011f55776eebf00f42a2202435ab1fa1372c14d,3605
TAKE_THIS/flood_sentinel_audit_package/source/feature/verify_split.py,handoff_copy,60c659f0c0e488b00f2bf65f1c1768cb9e8874a8d3168ad6ea56156cbe73306a,4946
TAKE_THIS/flood_sentinel_audit_package/source/feature/verify_vintage_ledger.py,handoff_copy,7e2d06e422e172cf9df01d15d2fd982a49e9958a18e75fc4f1acd5b12f343d55,3528
TAKE_THIS/flood_sentinel_audit_package/source/feature/verify_windowing.py,handoff_copy,9688a7c6619ae673e9cacbdd3546faa4afd26edcf483a9da902308e5ec1cce14,4361
TAKE_THIS/flood_sentinel_audit_package/source/feature/vintage_ledger.py,handoff_copy,0bdea55fd9d4a3cea2eae72fe6f5e9bfddafc21de42490001666b79d54d5fc84,7174
TAKE_THIS/flood_sentinel_audit_package/source/features/__init__.py,handoff_copy,9868814ebc9ef6aea53634dc028791b04a70c4795279444606063ad284a0c500,59
TAKE_THIS/flood_sentinel_audit_package/source/gate/__init__.py,handoff_copy,3dd4c064a21fa43e38d6471da0e6fe6dc4f97aae057ceaf20f6d5b5ab59e50b7,36
TAKE_THIS/flood_sentinel_audit_package/source/gate/reality_gate.py,handoff_copy,3cf0d27d0ad1eda775b56c865b0137cf3b2b3f37bff5873f7d4b09851c6a0bf9,17496
TAKE_THIS/flood_sentinel_audit_package/source/gate/recompute_provenance_check.py,handoff_copy,f781c81b6196b5e3eb4cc4c63e4a47a4cf92f2cd74a701aac33ffffe32a33611,3546
TAKE_THIS/flood_sentinel_audit_package/source/gate/run_reality_gate.py,handoff_copy,c2bf1d3cc12b68e1b2c8233f6b94fffc577e27c8ca2edfc0a4b59c64aba54f5c,7004
TAKE_THIS/flood_sentinel_audit_package/source/gate/test_data_level_checks.py,handoff_copy,54397beca91542052735ea96756847d1a2776fb89906e93de4f85961178a6851,4606
TAKE_THIS/flood_sentinel_audit_package/source/gate/test_reality_gate.py,handoff_copy,86d80dcc8d183151fa06ef4a0086c565ab9ddd680f1c96c0b7987301e57d0713,7152
TAKE_THIS/flood_sentinel_audit_package/source/model/c_encoder.py,handoff_copy,f750e69cc013d3159fe6a4b5c63d032453f68266d16d4b46b66a9a55c3d9b42c,10131
TAKE_THIS/flood_sentinel_audit_package/source/model/pretrain_dataset.py,handoff_copy,3000c15c2eb04026490f90a3f42e6bedf5877363bced196b47c06a6909400495,8671
TAKE_THIS/flood_sentinel_audit_package/source/model/pretrain_encoder.py,handoff_copy,657a0d70eceeec3793dbaf14fe79883126b4cf695bfc1b987f389c7ff9ff234d,6675
TAKE_THIS/flood_sentinel_audit_package/source/model/recompute_receptive_field_check.py,handoff_copy,f6f50b2ce0070373f408b535fcfcf758e1cd8ae342199ef8e15162546c25bbf3,1777
TAKE_THIS/flood_sentinel_audit_package/source/model/test_causal_receptive_field.py,handoff_copy,0e0370a2ccb2d51f5b0fdc2508243cefb88faf1fef593751df535a35bb95fd24,7165
TAKE_THIS/flood_sentinel_audit_package/source/model/timing_pilot.py,handoff_copy,1103675ba3033efeb51f52450875c20d43bfbab6f4b2264955094f13915ca246,4648
TAKE_THIS/flood_sentinel_audit_package/source/model/verify_encoder_convergence.py,handoff_copy,80569185500870fa7b4b57ef4a8f81e14a01ad88cda23fa0a8eb1ca11051e29d,5924
TAKE_THIS/flood_sentinel_audit_package/source/model/verify_no_label_leakage.py,handoff_copy,c896dba9ef402d44573ece407bbaffaf92c42d8f40918dfa65ae825d29a008ad,4372
TAKE_THIS/flood_sentinel_audit_package/source/release/__init__.py,handoff_copy,c74005435f9cdbd789cebe9bfccbb0fbe9b9245e66671c31f36f47a7cad60572,64
TAKE_THIS/flood_sentinel_audit_package/source/release/package_replication.py,handoff_copy,7a3e986dcbd58b70219e101a0374f55b9b14dc91b8ec312a10818749932b6760,18146
TAKE_THIS/flood_sentinel_audit_package/source/release/prepare_dataport.py,handoff_copy,05ffaba79f3b653adbc9f4cba78654b673a27a67bddf65536025059471006d28,13465
TAKE_THIS/flood_sentinel_audit_package/source/release/verify_ai_disclosure.py,handoff_copy,73ee8f23d5aea9f2f9e600fb2a803842e66e2734222ac3fe2acf82345ad24695,3130
TAKE_THIS/flood_sentinel_audit_package/source/release/verify_final_synthesis.py,handoff_copy,0b301b02250641f9640280e63936442c56fa775cbdcbc2d537ab4693ed582b8a,4367
TAKE_THIS/flood_sentinel_audit_package/source/release/verify_key_facts.py,handoff_copy,a6abec2b0665157b4c841a9f1ade1763b21572cd6dc7e94f49a6363d59fc98a5,7067
TAKE_THIS/flood_sentinel_audit_package/source/release/verify_release_integrity.py,handoff_copy,3abf17bd2ce1b25d49dd7f55d0bf49f4f20d65830b09aa418efd64bdab25dc2b,4042
TAKE_THIS/flood_sentinel_audit_package/source/scorer/__init__.py,handoff_copy,11cb20e6f195a23c2482a652c920bfb5997d30841010705df860a55759099772,55
TAKE_THIS/flood_sentinel_audit_package/source/scorer/calibration.py,handoff_copy,9523a96dc39ff94a99caeb443b23e38ef3a5b7811510b4aca9003da0ce734c67,9536
TAKE_THIS/flood_sentinel_audit_package/source/scorer/score_a.py,handoff_copy,707b27b8efd0c109677bc98bc9e8e9926d425951e46e0aa47c6430c8f9076292,6761
TAKE_THIS/flood_sentinel_audit_package/source/scorer/score_b.py,handoff_copy,607be892956aeb2093dd101d779f61656218d08047a6898bfb1ba1187a15d559,6779
TAKE_THIS/flood_sentinel_audit_package/source/scorer/score_c.py,handoff_copy,080bd018af83ec5f59e4a0be93fdf127ff8be729d689c62ff9faf8882ea3cdb3,6930
TAKE_THIS/flood_sentinel_audit_package/source/scorer/verify_calibration_isolation.py,handoff_copy,5c0fc4faac63fa02188ebd63604f0cb7b3bb751b097d1cc7c6c70b85c1abbff8,6303
TAKE_THIS/flood_sentinel_audit_package/source/split/__init__.py,handoff_copy,70af8783c1553e9c387a9c5e0935d00f0f84025f2066383fa8386b2b8b9b9949,56
TAKE_THIS/flood_sentinel_audit_package/source/stats/__init__.py,handoff_copy,4effa0fdfcc6a4ade2ea1dd199336d74665626b6e984d1b562bf36d6f5377b0e,52
TAKE_THIS/flood_sentinel_audit_package/source/stats/collapse_events.py,handoff_copy,8d17e1f7d0361cdbd82eb0841101797ce9219eb8890c23b1cf6baa15bb9e9176,10898
TAKE_THIS/flood_sentinel_audit_package/source/stats/eval_discrimination.py,handoff_copy,69d5c9dccd91a1d528f4e3f2ce7e78307280cb491e7c5b2bda16899f4b95ed64,22925
TAKE_THIS/flood_sentinel_audit_package/source/stats/eval_lead_time_survival.py,handoff_copy,cd33f63982ae98227a4f48cecb9bb12a9c171a17bcbf730a9dd2d3b09fd42348,19299
TAKE_THIS/flood_sentinel_audit_package/source/stats/eval_sample_adequacy.py,handoff_copy,4a8c9c454de41626c3e46209ade9c3478103128772ab9bb53c7e82e84592e3bf,8431
TAKE_THIS/flood_sentinel_audit_package/source/stats/recompute_bootstrap_check.py,handoff_copy,1286a9a124ea450438c1e3d51cbf3a257ae5c25c3fe944185bfad6818a92bfbb,3192
TAKE_THIS/flood_sentinel_audit_package/source/stats/test_metric_dispatch.py,handoff_copy,d1fcb903fec1edd46436e763617ba81e594a1ebe925009f4d24baddb4328ef6a,10658
TAKE_THIS/flood_sentinel_audit_package/source/stats/verify_chunk07_reality_gate.py,handoff_copy,50517a2d1631bb503f9e244e0272c722dcb05d2bc87af54a603738f93eef6680,15993
TAKE_THIS/flood_sentinel_audit_package/source/utils/__init__.py,handoff_copy,265e91df149c6692895711bf636df1db9d981099567a0647a5f92ebb294b5d22,32
TAKE_THIS/flood_sentinel_audit_package/source/utils/config.py,handoff_copy,7addb75295efae33bf5949ee0bbd82e74456b7f7a4b92bf928a2661be4a54de3,3667
TAKE_THIS/flood_sentinel_audit_package/source/utils/logging_config.py,handoff_copy,c6103c379758fd87b71f631d442ea97a7f724ef5ef0ed6ccd601398d4792dd6a,1045
TAKE_THIS/flood_sentinel_audit_package/source/utils/manifest.py,handoff_copy,6b5d1b5bff5cde11ed0d6b101de6fb2bceb017ecd393693afa4b6908f3a02fc3,5570
achievement.md,historical_artifact,095ed6aab3340d65b7c55bac329dda5b0fa5c31b6327cb3ed12c1184a4681f51,11030
bootstrap.sh,historical_artifact,af095599e21a522c5bed758c754b0cb479f3895e9f408cbbf83356d7884da5d2,18126
claims.csv,historical_artifact,d32788fd3797dd561966babcdc002f21087c64dab81b449025a5c63abbadb2e1,732
environment.yml,historical_artifact,4919a8c46cbc71b0f03b7635eb9b4fb89911f96a45a6074c91dd340ccf4b4d54,366
factory/.DS_Store,cache_or_os_metadata,74a7e4b0f4b8d1b961fc4767afd9f4148590d2206d803579dc64a30aefbb0bc8,6148
factory/CHANGELOG.md,historical_artifact,1a4b64c5f980dd5795250e22ac7168cbcccca98aa46a374655e20afb2865a8ac,107952
factory/ClaudeInitialization.md,historical_artifact,d55c03aeda048f3efd05bec1dc33ad3c37db5543fd6315d60ba816b74e6c2bd1,53155
factory/VERSION,historical_artifact,b99b4c7cdf236f59bc9f65d963deaecae3b16a7dad87939cacb9057f7664daee,6
factory/__pycache__/gatekeeper.cpython-312.pyc,cache_or_os_metadata,5202d77657a926b4707e9803dee3378bd1a2407772c0083ad6b51d3c563cacd2,154183
factory/bootstrap_manifest.yaml,historical_artifact,edf73e802732e04cc1774983da6667e78023f524c098623578b01ec91e1f8894,17406
factory/constitution.md,historical_artifact,79801ce96d98135b5fd026168c72f2246397ea8b6d260a594ba081b66b039cf7,41627
factory/dynamic_rules.md,historical_artifact,7f399289177c10247a8b5a835c54a61ea16c734a0f1d999d7f223644c5b2b85e,102064
factory/factory_spec.md,historical_artifact,f629a7e1484b8e8926228504bf188e6ac2f57c73a60603f55f306f7b851df047,78699
factory/gatekeeper.py,historical_artifact,6da001f70f49801f104840453fe00bb3c26b33c144cffcb1356c4aa71fac5089,150499
factory/gatekeeper_spec.md,historical_artifact,cc8e562908c04297ff41d2887c09ff9381496fdeea414d7a52329b39bf658ca4,30564
factory/gemini_spec.md,historical_artifact,02bbc03af5cc1be525b16aad5f036b66ada2e7f6afd19361116f825df7d5c4f7,38570
factory/key_facts_TEMPLATE.md,historical_artifact,49f0975b134a55532c5526db402cab27c8e249351dc85c7d2df44a97f4657043,1748
factory/tests/__pycache__/test_gatekeeper_self_check.cpython-312-pytest-9.1.1.pyc,cache_or_os_metadata,b9941595a06d790f130bab5fc6cb7a27b3b0d26839460841f77ea9b04910b4bf,14971
factory/tests/__pycache__/test_gatekeeper_v1_3_4.cpython-312-pytest-9.1.1.pyc,cache_or_os_metadata,d9f87c13826cf0b3d5aeadd6715bd0f08272019ee920a20cd480e4e580126af3,16613
factory/tests/__pycache__/test_gatekeeper_v1_4_0.cpython-312-pytest-9.1.1.pyc,cache_or_os_metadata,97f54a22d1d84c4a9d189e0897842332a7dbfbb7878273b36aa79278ace3a16b,18881
factory/tests/__pycache__/test_gatekeeper_v1_4_1.cpython-312-pytest-9.1.1.pyc,cache_or_os_metadata,ab8b68985b52ced9d88d6ab8f5660747dd7d44888304229b6e7bd19341f87210,13420
factory/tests/__pycache__/test_gatekeeper_v1_4_2.cpython-312-pytest-9.1.1.pyc,cache_or_os_metadata,c49595f52b0fb2acf5a5ded7b7b3ee1e55b077f863c0b00b4f0361664a17e4aa,16145
factory/tests/__pycache__/test_gatekeeper_v1_4_2_mandatory_gate.cpython-312-pytest-9.1.1.pyc,cache_or_os_metadata,f1bb2d69a2bdb382294842368d85a537aaefecea17e5ba83451cf3278af9c037,17216
factory/tests/__pycache__/test_gatekeeper_v1_4_2_mechanical_guards.cpython-312-pytest-9.1.1.pyc,cache_or_os_metadata,2f8c59f1b0b732a84b759a479b5b173e8497841638fd17f698c1f7f02affaa23,24744
factory/tests/test_gatekeeper_self_check.py,historical_artifact,84fbcba1020a5e8db1c6a1088793520d888b43c14686a9d5bacec45c127a3e5a,8340
factory/tests/test_gatekeeper_v1_3_4.py,historical_artifact,139034d2dd5288ddb6b41e7387534e946154c59226ebe1c1905cab834b51a3bb,11518
factory/tests/test_gatekeeper_v1_4_0.py,historical_artifact,580d266490d1938cc9e4b98b2d077adc30fbea15ba73c45fa941ee12d3cba601,12902
factory/tests/test_gatekeeper_v1_4_1.py,historical_artifact,85801d7c443c9e15e70243e4ef72b4384373c2eb450d7e2db0432385d36ec890,9012
factory/tests/test_gatekeeper_v1_4_2.py,historical_artifact,273af02e66fae9553cbaa5af32b0b548528072bf454da8904cba484673a8c50e,12557
factory/tests/test_gatekeeper_v1_4_2_mandatory_gate.py,historical_artifact,6e7ea1c17ceeb4484f46d1629742573b96a1e2972f50e00b301a7acdeaacbcbb,12163
factory/tests/test_gatekeeper_v1_4_2_mechanical_guards.py,historical_artifact,127cb3eecc86e8b0c2fd396ea619f602bba6489477e8fb47036677fb9ba4cd21,15124
factory/venue_requirements_TEMPLATE.md,historical_artifact,a32dccecdbb328ee86b123924ff7afbba8667fa40aca2002a44578598bb537f7,6839
figures/ablation_bars.svg,historical_artifact,26053962668475352f7c2794859367d54ce47a4224839c099f34fa65a45e5893,105563
figures/architecture_diagram.svg,historical_artifact,6ef8686b6782a36f940298a2bee8b4b942809d8bc7097fb26b0fe700b8885d12,120700
figures/basin_map.svg,historical_artifact,638c5546e01f8367065dda61edc9fb55d354c6c338c707dcdabab62648551762,58853
figures/km_survival_curves.svg,historical_artifact,eda5ea3023aeea4f56c6dea50d24984352a905211c2a8e3fd5c37272e33caf95,75391
figures/label_budget_curve.svg,historical_artifact,84833a2fad5118ec083b57d7f584183e3be62255ed3d27b323655a9061eb4e95,77606
figures/per_basin_auc_distribution.svg,historical_artifact,d42f03ac4da2a73b34109d19a5a2cda17ceab8530425b3c72812d5402a9ea8b0,76407
figures/roc_curves.svg,historical_artifact,c2b4fbd160f62e2f2e9d526501c9e3174d0c41cf78e0b9432c022a35b9c974d8,77271
flood_sentinel.zip,historical_artifact,8f152bb977abafbe6b8ab1b4d716bfb2baac3639898b88e3a8aff30b8f93e336,68594039
flood_sentinel_complete_repository.zip,historical_artifact,b1f68f3d28ea4e4c9cc5fc0614cc8e86a1efbe015c1ed03af211d1a28674b32f,64968952
project/.DS_Store,cache_or_os_metadata,a63150df15b6df22e0d9c797ca0babf195ead66742301d58a51c15f5a23014d6,8196
project/.gatekeeper/snapshots/C03-02.json,historical_artifact,23be39b5a3859fe55cb2842d5a693a615f6c6f2fb21b8203b6d607f30cc3b534,161
project/.gitignore,historical_artifact,cf237c7aff44efbe6e502e645c3e06da03a69d7bdeb43392108ef3348143417e,10
project/AI_Note 2.md,historical_artifact,6dae1a2b005ce0dd07ef9d10644f886df7337e7fe49d47d3d8c4dd4b4c45b164,5940
project/AI_Note.md,historical_artifact,1f4edffd929a12dfe7f3b400058ee7da322da5685d5f5c498c3c75702ed36693,43582
project/architecture.md,historical_artifact,6085c02acfdef8860ba603ae5e7285303402c003f2ed4c41a8e3c5ed5debc12f,63874
project/check_founding_consistency.py,historical_artifact,74f0a58883d75df434f8bc7b2f0f72a335dd5cabd9703cd31b12fd8523dae9bb,8022
project/chunks/chunk01/chunk01.md,historical_artifact,09d9db6100173d3d870f6de99189d8b98f49f98cbad27a416e5a72a1d0f362fe,6819
project/chunks/chunk01/chunk_report.md,historical_artifact,1ab1e647fe997b2056a8d617d9f42a155f1aab6646763458d09fa18dc27b834c,7721
project/chunks/chunk01/contracts/C01-01_contract.md,historical_artifact,d250754d80221dcfb6a23e30fb97323c2bd43c49e368813368d2b279e53fcc37,3553
project/chunks/chunk01/contracts/C01-02_contract.md,historical_artifact,ea7683ce275827439879f4e1d5da95c2895b463ea3d8000ac1fd69cf980c9569,3816
project/chunks/chunk01/contracts/C01-03_contract.md,historical_artifact,8eadca2d031ee1bafeb575df47a58030885d8644fc8271560f46af5efb21e947,4700
project/chunks/chunk01/contracts/C01-04_contract.md,historical_artifact,cf94184ba67d7a79f0f57441931104b1b7b6a5db1f50028379d861dd47ef673a,4095
project/chunks/chunk01/contracts/C01-05_contract.md,historical_artifact,9ad2acbdf8e0089d459acc1872ddea1760992be9ab8d1179dd71c604addcaa7e,2958
project/chunks/chunk01/contracts/C01-06_contract.md,historical_artifact,27b0dbfc3fe75847165c1299c16f9247fb4c1d64d1ea98c508d4360610eabccf,4107
project/chunks/chunk01/contracts/C01-07_contract.md,historical_artifact,e43b1e9b704aec34dc746ad7c00b8c64706b89185a95ffb7720c0dfa2234c988,3793
project/chunks/chunk01/contracts/C01-08_contract.md,historical_artifact,65d1a24d5a3f4b7d2e1c481d03023ddc80e94a02bc1b83d6933908fd0484d6ab,5353
project/chunks/chunk01/contracts/C01-09_contract.md,historical_artifact,0534f2ac1b4b42efdfb28355ec94f15d52915b4b6a94b8b3f68602e1f26f5bf3,3597
project/chunks/chunk01/contracts/C01-10_contract.md,historical_artifact,de6114cdfef4443838f16212bc939a452fd08c8cc82157f00d39ec7b8fb5de02,4027
project/chunks/chunk01/contracts/C01-11_contract.md,historical_artifact,f7c5a9b171e1bc09dc24c1e77b9637b3dd3c35b0ab365fe26af7a556e95b94fc,8035
project/chunks/chunk01/data/attributes/basin_attributes.parquet,historical_artifact,f91f0491ed74146c587bbc95beaa68fe9a84795e5884b739338441c802f41715,17585
project/chunks/chunk01/data/events/flood_events.json,historical_artifact,479c984251ba3b2856dced34ee70c3ce533ff83917c605199bf8ad18ee6e9544,414403
project/chunks/chunk01/data/gridmet/01372500/gridmet_daily.parquet,historical_artifact,8078581aa8b3b1f1ad4c228b037b0bb20e1ada9532da37c3e2a670691034a6a7,118884
project/chunks/chunk01/data/gridmet/01445500/gridmet_daily.parquet,historical_artifact,69e2ddde58c0973e316296822ea8c7a05dee8577dbd34a5426f8e9a2dd37e53f,118860
project/chunks/chunk01/data/gridmet/01463500/gridmet_daily.parquet,historical_artifact,2cad1628c38235e394fa994520822ee9201144e8a44f67a62be623233b7f857e,118389
project/chunks/chunk01/data/gridmet/01646500/gridmet_daily.parquet,historical_artifact,facd7302380131d67dfee18044f67939977e53ec775bfb93bf16bfce37043621,118553
project/chunks/chunk01/data/gridmet/02083500/gridmet_daily.parquet,historical_artifact,67a9d4ee8b9b15affd63db3448d29738d22e9d143ca6bf108613ff0fb612914c,117939
project/chunks/chunk01/data/gridmet/02085000/gridmet_daily.parquet,historical_artifact,c304afb80012938f425e64a113693a0482f746ef55456ea10e353cb999b52066,117934
project/chunks/chunk01/data/gridmet/02322500/gridmet_daily.parquet,historical_artifact,b4f3c916af3cf41618c51a1463cfeb79e0b471861f098347e757c5efa7359124,117370
project/chunks/chunk01/data/gridmet/03335500/gridmet_daily.parquet,historical_artifact,86e7a65f5ac9df19a2a7c322f82d10896bc259260a3f177a9970b40d62fa8c30,119899
project/chunks/chunk01/data/gridmet/03345500/gridmet_daily.parquet,historical_artifact,68cfa786da5379c9c311f0f7acf372bf643536c2c6d2ed089b5696e7ad472466,119798
project/chunks/chunk01/data/gridmet/05420500/gridmet_daily.parquet,historical_artifact,105160284d4fcf90251bc3bc8295132ca2987927f0e2b17bf6f140ce66e96a5f,121205
project/chunks/chunk01/data/gridmet/05431486/gridmet_daily.parquet,historical_artifact,2c9f26dacb5ec50ebb892ebbc0a9923567cf36a7039f338e7ff9eb41c3d46be6,121306
project/chunks/chunk01/data/gridmet/05435500/gridmet_daily.parquet,historical_artifact,0e59aca12959f93fef51ec241c5647809a4d31def92b3cd99f52e234a3b79008,121221
project/chunks/chunk01/data/gridmet/06805500/gridmet_daily.parquet,historical_artifact,81b1a25cecc4f8e39b67bff18172ef6119fd0784a2cf334d8b3227087e613d66,120274
project/chunks/chunk01/data/gridmet/06888500/gridmet_daily.parquet,historical_artifact,41a3bb400dd24951f4f1cae20872fa015a79d042fd382c22eb9456a175500e1b,118405
project/chunks/chunk01/data/gridmet/08167000/gridmet_daily.parquet,historical_artifact,12b8b59936c245c0bff2c65a3e29c800f0b386afe77be9fb5f83d406e1d69bc5,114964
project/chunks/chunk01/data/gridmet/08167500/gridmet_daily.parquet,historical_artifact,d27112695294815d201f8495b626f30238ec16b20ce4f8ddf72f1ed586c1f513,115187
project/chunks/chunk01/data/gridmet/14137000/gridmet_daily.parquet,historical_artifact,8fcc9cd8b07a77a9381ddb27629a4c35c6dd611f94d6b7e4724b61a7cbc34d24,117775
project/chunks/chunk01/data/gridmet/14211720/gridmet_daily.parquet,historical_artifact,427684fe4d3710e8335ddc2f801fc9f379dbd9ac3e83a52a4a760dde61bbf5be,116446
project/chunks/chunk01/data/nwm_retro/01372500/nwm_retro_daily.parquet,historical_artifact,391aa5c9ebe21b3a0eb8f402e567cb6fbcd8f2286dba9e5bf90ce6e64ca46856,104146
project/chunks/chunk01/data/nwm_retro/01445500/nwm_retro_daily.parquet,historical_artifact,d66ee8f6aca36f5da699cd7666bf6ba5cdf89486a7813558b4b72f4bab3f8979,100118
project/chunks/chunk01/data/nwm_retro/01463500/nwm_retro_daily.parquet,historical_artifact,4242aacd961a359025aa97a955a34da8663afc4e140447f90c97f6b4ae98c3d0,98842
project/chunks/chunk01/data/nwm_retro/01646500/nwm_retro_daily.parquet,historical_artifact,a1e9af0fd354e96bb107c11e5d01dd3d4d735a247a9be35ec44c9a3653c92001,101592
project/chunks/chunk01/data/nwm_retro/02083500/nwm_retro_daily.parquet,historical_artifact,772e2d2557928113842f344a8aafb4f89439496b44bde605f172fc0b4f52e58d,106029
project/chunks/chunk01/data/nwm_retro/02085000/nwm_retro_daily.parquet,historical_artifact,06aa91da8d072dad16fce829522672c935c4ac1ead527b862c751bb024684e8d,104979
project/chunks/chunk01/data/nwm_retro/02322500/nwm_retro_daily.parquet,historical_artifact,ebd219e744710998c14686781178079e635d9a6d586448639a9eea2a60b04a46,95934
project/chunks/chunk01/data/nwm_retro/03335500/nwm_retro_daily.parquet,historical_artifact,7ea9d2507a2bdd743ab0afb44fa2de0bb64bc7b86934269ff85a574726e8d12f,99367
project/chunks/chunk01/data/nwm_retro/03345500/nwm_retro_daily.parquet,historical_artifact,3f6e3d873257a5c249138cd0d9045e0c59e3fbed64887e43d1e03dd571afe405,107532
project/chunks/chunk01/data/nwm_retro/05420500/nwm_retro_daily.parquet,historical_artifact,56d2b948b56510959195058447fd011fb7c074e6d51917bc1fb5577c0c23fe11,95699
project/chunks/chunk01/data/nwm_retro/05431486/nwm_retro_daily.parquet,historical_artifact,f9cf422368f4431a78de87d7997b67b4e1bb811e510b0b2d240e85bdf6f4a59e,98467
project/chunks/chunk01/data/nwm_retro/05435500/nwm_retro_daily.parquet,historical_artifact,9aca8855e28b3ca47d4f7726a1c7a5afc414dfdb381b6aba909030cc9586eba2,98694
project/chunks/chunk01/data/nwm_retro/06805500/nwm_retro_daily.parquet,historical_artifact,334fc55f13245f48aa824eafbf0002d28bda37224496a2a772f6234af04b4059,100432
project/chunks/chunk01/data/nwm_retro/06888500/nwm_retro_daily.parquet,historical_artifact,5241842e18479f43ea0b5dfcfb330cdbafdd2b9481d038e5974f5bfa909f5543,105231
project/chunks/chunk01/data/nwm_retro/08167000/nwm_retro_daily.parquet,historical_artifact,7b197f0db1c0e990f5aa5e1d5b8fd896f5e47207275ee3fff14570e8a43f4ebe,102502
project/chunks/chunk01/data/nwm_retro/08167500/nwm_retro_daily.parquet,historical_artifact,558a71728c2e01831a504d84d1139cbbcf9611140d2bbf9bfaa8112d351038f5,110002
project/chunks/chunk01/data/nwm_retro/14137000/nwm_retro_daily.parquet,historical_artifact,a1a3bc79638c2d4f1d50951d231beb6b8753f1b21d047624d3bf30a7fc597609,99108
project/chunks/chunk01/data/nwm_retro/14211720/nwm_retro_daily.parquet,historical_artifact,9c3b8512e223c5935ab1fcd092ea61671cce9dc7a1fa4d7b129c23be31e2b08a,99753
project/chunks/chunk01/data/snodas/01372500/snodas_daily.parquet,historical_artifact,ca4e48eed3ffae4fe54c54e022479a7968f37d49283b22727be89bdcb6a76cac,56305
project/chunks/chunk01/data/snodas/01445500/snodas_daily.parquet,historical_artifact,4a1a765d8bdbf08be4c54d40f9f9128e87c71ee92cf43b0e2ce9fd48487f5415,48474
project/chunks/chunk01/data/snodas/01463500/snodas_daily.parquet,historical_artifact,c463a41d2d8a32afffe65205eeb0dd1075bfe724e10806ea5ac6f0215daeb4a0,48534
project/chunks/chunk01/data/snodas/01646500/snodas_daily.parquet,historical_artifact,9a9d79e926826f9804dd78c878c1cda96a6de94efea68d368bd9b18d99b6603a,44813
project/chunks/chunk01/data/snodas/02083500/snodas_daily.parquet,historical_artifact,651aa669368088e4539a9a556d51811cbfc5f1b0a945584ba7ca50e882e72d8a,43210
project/chunks/chunk01/data/snodas/02085000/snodas_daily.parquet,historical_artifact,dce4dd64313b15672164a215cb7367290d433412987c8ee11bd0b9237e2b4f8a,43210
project/chunks/chunk01/data/snodas/02322500/snodas_daily.parquet,historical_artifact,867658298fdea53ce4805c29b4ba8b3e7006c91c4aab9603c09951a2d969ba39,43210
project/chunks/chunk01/data/snodas/03335500/snodas_daily.parquet,historical_artifact,a726614ba7337a6cb45ae280449ecaf2a86bf9e2f3689b7634d6e749b6107e98,59393
project/chunks/chunk01/data/snodas/03345500/snodas_daily.parquet,historical_artifact,1507b0db464518b4fd7d5e960dddc968ba7a05bae1cc4b6b323b0a781a3574be,55140
project/chunks/chunk01/data/snodas/05420500/snodas_daily.parquet,historical_artifact,72cd6c87409798e5159289d8f21708fb48317a70373b63d178b7f28e8ca35de6,54931
project/chunks/chunk01/data/snodas/05431486/snodas_daily.parquet,historical_artifact,c07d4ea4698b03a977f271e6e66642a83e06f714462a4bd4fec898fca1e108cf,65800
project/chunks/chunk01/data/snodas/05435500/snodas_daily.parquet,historical_artifact,7b3b53d4c4eb9ea62968bb7079e1cb54036caa0cb768e04bc2ac78d2eb56ce65,66373
project/chunks/chunk01/data/snodas/06805500/snodas_daily.parquet,historical_artifact,8b54e4607c70cc936c4f7cdd8ca3576e51b3d3ebb57e52e5e0b6ccd7f5fd81c7,48824
project/chunks/chunk01/data/snodas/06888500/snodas_daily.parquet,historical_artifact,756d22575430efaa4b45b9435fad2aea0c22ca9d34fee78640736351509d351d,52294
project/chunks/chunk01/data/snodas/08167000/snodas_daily.parquet,historical_artifact,867c8e12b55ff5e36345cbc9bc6c027c81ec4daa3012dbe7384352802b7e5270,43210
project/chunks/chunk01/data/snodas/08167500/snodas_daily.parquet,historical_artifact,358dce4d9e7abb284911f1de2ec884f14d45fed3d23df3242ef96e9568f8f4fe,43210
project/chunks/chunk01/data/snodas/14137000/snodas_daily.parquet,historical_artifact,ca8eb7fa1b16d278ae1735d14eec8e7e26832c95de4a039f80850244722cc2c6,55399
project/chunks/chunk01/data/snodas/14211720/snodas_daily.parquet,historical_artifact,9ad9c6b560391f4ae9c45ac267976c2455e581a05ccbd0de388ddaaf7346af93,43308
project/chunks/chunk01/data/thresholds/flood_thresholds.json,historical_artifact,cc9aa54f3681761913d816966e069242d9f815e71e96d807ead9c5f582cac2a9,6851
project/chunks/chunk01/data/usgs/01372500/daily_streamflow.parquet,historical_artifact,53b68a0062ac70b0aa0e148208a36c8dfe1957fa37888636246be4f9f9cc6d89,98484
project/chunks/chunk01/data/usgs/01445500/daily_streamflow.parquet,historical_artifact,8250d81e98d8f0c7092d97e38bf8c98fcc716f085f1795df850d37b6d38fd7ff,96290
project/chunks/chunk01/data/usgs/01463500/daily_streamflow.parquet,historical_artifact,bf0a9a07ad5f242bedf04fff9899944ece5a2e012f5c5b0c9655e89a2cc93733,95922
project/chunks/chunk01/data/usgs/01646500/daily_streamflow.parquet,historical_artifact,5d3ee2f4c5e0c4888dcbe1fd08ccff6499a4cde42f9114610a73b127edaf0246,97714
project/chunks/chunk01/data/usgs/02083500/daily_streamflow.parquet,historical_artifact,ac4f12c0ce62919567a2b80c946b8803841b24d5effe349531a1a802667ad1e7,120339
project/chunks/chunk01/data/usgs/02085000/daily_streamflow.parquet,historical_artifact,e0de9eaf69e14691acbf5a3c2114e4c3ed226c0b395e2270424b420ac45b76a4,114641
project/chunks/chunk01/data/usgs/02322500/daily_streamflow.parquet,historical_artifact,fb4cdcb0ba8041fefcfad02bbab9299a1398f112e5675dc48df88999ec2d3f8c,104138
project/chunks/chunk01/data/usgs/03335500/daily_streamflow.parquet,historical_artifact,00ccc54ac4b94cbf46dfe75a996d7419f424b64d3505c2f9158c9baa946d523b,96158
project/chunks/chunk01/data/usgs/03345500/daily_streamflow.parquet,historical_artifact,1bd262d2500b8de8be1cc73091f31d6e25ce61c10fe96a88c4389591242568a1,125285
project/chunks/chunk01/data/usgs/05420500/daily_streamflow.parquet,historical_artifact,d9b52f475060d9f1321fe6694263028a10f9c71cd5c113d7fcdac0df477ba879,93413
project/chunks/chunk01/data/usgs/05431486/daily_streamflow.parquet,historical_artifact,81a2d0eb10ca52104d165467d9ae1e0855463e26468074c37479fb0bd8a55375,95624
project/chunks/chunk01/data/usgs/05435500/daily_streamflow.parquet,historical_artifact,78ae96229ab3bcb347538e8c1a7f4ac870f0244c01953f3062e6e9d0e9f55589,115247
project/chunks/chunk01/data/usgs/06805500/daily_streamflow.parquet,historical_artifact,6db7a17be95592c596150c83a721eb8f1958cecb08b8ec6a89d8e84cfb673381,113963
project/chunks/chunk01/data/usgs/06888500/daily_streamflow.parquet,historical_artifact,bbdc9887fdbcc94a629783c02e53626e4f03307d3d3eeb90ce4434bf282637c0,119527
project/chunks/chunk01/data/usgs/08167000/daily_streamflow.parquet,historical_artifact,f59193080b668db454cc70e5c85f5fce3c10ec970c50a1553475c38f73207fbc,116209
project/chunks/chunk01/data/usgs/08167500/daily_streamflow.parquet,historical_artifact,b8dc2fd55c1392e19ead57a9e846a9c6d07cef84a56b86b70d5758cca97a7d67,118918
project/chunks/chunk01/data/usgs/14137000/daily_streamflow.parquet,historical_artifact,9cfb0d760c2f47f4ca7a8b1d6cc00788769260e4fbf32324ed93244a057f9b2e,95749
project/chunks/chunk01/data/usgs/14211720/daily_streamflow.parquet,historical_artifact,4b4a9daf2bbf33180548b3b1ad93736dc9bee6966e6255056e6bbaf00a62bf3e,96763
project/chunks/chunk01/execution_manifest.yaml,historical_artifact,d639e0e2506e64e1e2afb49d10fa7aba320a00a9d9f5bd9f2cd65bb567cc0c70,6671
project/chunks/chunk01/manifests/attributes_acquisition_provenance.json,historical_artifact,9ed043e31a2b25d996b77151d6c0e6210b7533fabe7517b5044d87eae215c145,979
project/chunks/chunk01/manifests/attributes_data_manifest.json,historical_artifact,55101b09678b6c46f274148417ff998dd35894f8b402ea831b28f2ec6269d5cc,3360
project/chunks/chunk01/manifests/events_acquisition_provenance.json,historical_artifact,c2ac6d22f99874bef78f934015a34ddf9bbfb4f8c86d6a6358d9576820995d37,955
project/chunks/chunk01/manifests/events_data_manifest.json,historical_artifact,83e2ec7db8156da05c1cdbb483850592a4e9814aa50c8f314f031c0152f707c5,1599
project/chunks/chunk01/manifests/gridmet_acquisition_provenance.json,historical_artifact,d609d727e97fc608640a57a5b165f1d5978218a0456513d8e1006c26a38c8809,4299
project/chunks/chunk01/manifests/gridmet_data_manifest.json,historical_artifact,1ff854c04d4a58883d8b6b921079e6e3fbd0492fd960d5d2e1c41d089feb58d1,2859
project/chunks/chunk01/manifests/nwm_retro_acquisition_provenance.json,historical_artifact,cc6ba87e741f272744122da56302c6c3d158a9d4a4741f221e22792480da88d1,4594
project/chunks/chunk01/manifests/nwm_retro_data_manifest.json,historical_artifact,ae53850e73736ff3e419c8708da0a92c1344746f45b13623656ac9c91a0ae9f1,1396
project/chunks/chunk01/manifests/snodas_acquisition_provenance.json,historical_artifact,be9943a607b9eaa758b74f95b3f5d1fbdc8d79621c72c8bbc7bf088758e33a18,4187
project/chunks/chunk01/manifests/snodas_data_manifest.json,historical_artifact,6fd73a30d3d8deef7540841e6942467d633a053cc93d1fefc04007271a45bae8,1489
project/chunks/chunk01/manifests/thresholds_acquisition_provenance.json,historical_artifact,def6dcf1542d6868f6193e4aba16e4d750cbc4fd045df789b9ad4243e275324e,1139
project/chunks/chunk01/manifests/thresholds_data_manifest.json,historical_artifact,ccb49a17a64374a4bf20bd4bca4b1e2cfca9c901a3fe51124d179865fdb64792,1661
project/chunks/chunk01/manifests/usgs_acquisition_provenance.json,historical_artifact,25a272fbe509d1c13f72d5308b03375b9bdf85ad33fccff36463d9f44be69ff7,4532
project/chunks/chunk01/manifests/usgs_data_manifest.json,historical_artifact,757092ab9747fb9dcf124b90082b6c72afde6b7e717009a84b43de9110cfefb1,2089
project/chunks/chunk01/pilot_panel.json,historical_artifact,39437d82f95edb6b6bbb994fa7557bfe34f1393a06df9cda3e7378a3adee44fe,6782
project/chunks/chunk01/reality_gate_report.md,historical_artifact,62b6a746aefacd7eb19ae815ac0f5fe85195a0b0c0d98c7bc74b60a177eb9de4,5393
project/chunks/chunk01/reports/C01-01/contract_report.md,historical_artifact,ae22b7a6e8ce6669466f0cd8fd07bb01e9d5e36e98aec8cfa9a2c497170eef97,5503
project/chunks/chunk01/reports/C01-02/contract_report.md,historical_artifact,cdc13123a513fab00e8fc5872e2fae06801e80220317853f8fc3b1c23fd99b3c,4284
project/chunks/chunk01/reports/C01-03/contract_report.md,historical_artifact,518ea71f71dffc085d9ace3314c7568bf5961e03a33dbf91fb61033bd681bd0f,4660
project/chunks/chunk01/reports/C01-04/contract_report.md,historical_artifact,6775820f00f7a59f95a685dd0e43c41a6c8a5dd91e21cafe21b46b8fea8273aa,5145
project/chunks/chunk01/reports/C01-05/contract_report.md,historical_artifact,a06feead63865a52f0120b359e9613b189aba79666aab250859f993009660276,4497
project/chunks/chunk01/reports/C01-06/contract_report.md,historical_artifact,ac1f0a29e60203b5b1080f761951067413dbfcd7885651b2c03619b9b9ed9f73,4845
project/chunks/chunk01/reports/C01-07/contract_report.md,historical_artifact,1600359d05df751e6a78c998be946378be530d004b10706d75f7d63f90ec7f2a,4808
project/chunks/chunk01/reports/C01-08/contract_report.md,historical_artifact,4c8e2e3ebd2f51501f2682c0d99bbb1e82a54fcca8fadf28bb5931ac7adae218,5128
project/chunks/chunk01/reports/C01-09/contract_report.md,historical_artifact,7fd26408671a3bf475f59b6df3f6d047a155dff2d0b6ee7e4430a4f97a1f5c0b,4748
project/chunks/chunk01/reports/C01-10/contract_report.md,historical_artifact,57e3c70c6a86d3694e30a74bb6473f8af1c3742af1b1ae31236c3b9d55a259d6,4761
project/chunks/chunk01/reports/C01-10/nwm_op_precheck_results.json,historical_artifact,c13ad43c8cb084b830d6bce187fd232a78a07c1b8a4ad556cfceaa84431fd372,2264
project/chunks/chunk01/reports/C01-11/contract_report.md,historical_artifact,4601079854503836934505ea621036eadc1f32c92355c053fa24c5f41670c518,7174
project/chunks/chunk02/chunk02.md,historical_artifact,1d4da8948c533e2cee381ea8ffde2963856597ce239df8d44c82039cc78d4c5e,7461
project/chunks/chunk02/chunk_report.md,historical_artifact,ff62a950e3de21715bf845470b269b77ae9964b8a40294348ffefaa11dd13c0b,10267
project/chunks/chunk02/contracts/C02-01_contract.md,historical_artifact,2c363dfc8018cae44da6861062dd569d19b71a845ef4f0e10b921ad6ba875fef,2700
project/chunks/chunk02/contracts/C02-02_contract.md,historical_artifact,b38de8278d104491e5919d9bd1601085eb6728a58a738d8eadcbbd97ba366078,3190
project/chunks/chunk02/contracts/C02-03_contract.md,historical_artifact,8ab1e4331ad6ac7d4184c24a71fca6b95531e553189674f7ad6066a57ad5bede,3688
project/chunks/chunk02/contracts/C02-04_contract.md,historical_artifact,f76065f8b4fc718c441f2bb3f0e81c523cd6e67ebe298da1bd083ffd9a152738,2122
project/chunks/chunk02/contracts/C02-05_contract.md,historical_artifact,d82127ad7caa45b8fdf657f4d96cb2f9afe1869fe518ce7570efddcc552e3833,1732
project/chunks/chunk02/contracts/C02-06_contract.md,historical_artifact,2f220e0feca05291c98e87e8ce7387697bc6372a94bf690c96d75d54e37f69b7,1858
project/chunks/chunk02/contracts/C02-07_contract.md,historical_artifact,35493847927121c099411785950cee6c88620db48909dee4bd6b286fb6d18dba,2191
project/chunks/chunk02/contracts/C02-08_contract.md,historical_artifact,0afb2656db7b504d75f4cbe3d38524fa515f2b8c62614b995e987736a9127ef0,1590
project/chunks/chunk02/contracts/C02-09_contract.md,historical_artifact,abd74f0c804b5ce08182fe7f9c1d3b604dc4b5b434fc816ba5236ab0d3544bd7,2479
project/chunks/chunk02/contracts/C02-10_contract.md,historical_artifact,770121db2f65c6ae8360b1b9d782fdfc2cfc08d9b9a7a6f51ee949ee0df7307b,1752
project/chunks/chunk02/contracts/C02-11_contract.md,historical_artifact,92cece7fd2fdb452427e85ec01890ac08c51ee3b09a8aaf73af3f9364eb2def5,3825
project/chunks/chunk02/contracts/C02-12_contract.md,historical_artifact,72552670db785326fd5bfb0d7cfb9cabf6bc04abc973cfec2c40b83a517427d5,2604
project/chunks/chunk02/contracts/C02-13_contract.md,historical_artifact,0909f4de78b845d354bbd21da9404faf0dc2303ff49b6151d446dca3a8994cd8,1982
project/chunks/chunk02/contracts/C02-14_contract.md,historical_artifact,c8589f5e6f23414da22f471f42c1b5e3a3acb64a879026c8342d685ce68e13b0,3694
project/chunks/chunk02/data/attributes/static_basin_attributes.parquet,historical_artifact,70f9051caf83585ef0618243f46279c6b5ed4b673692d04616ee07f388e8cc46,21602
project/chunks/chunk02/data/events/flood_events.json,historical_artifact,af781c584eb9edffa9a46fc8e55235526fd9d5cc271c14d0253b0644552deb3c,1729886
project/chunks/chunk02/data/events/flood_events.parquet,historical_artifact,21eb0c2a95639fe74d18001ff0c6f0c14b477e292c479846c43ceb5d42c68032,117529
project/chunks/chunk02/data/events/primary_flood_episodes.parquet,historical_artifact,20b22c6530c40aa3b57f1865f4603123af4633fb307b50da5e3e8eaaf005c574,111985
project/chunks/chunk02/data/gridmet/01034500/gridmet_daily.parquet,historical_artifact,9597033e9d23113d30531a1cff59c4b564d513ab858400df06d0c52034de4b23,121214
project/chunks/chunk02/data/gridmet/01137500/gridmet_daily.parquet,historical_artifact,4e5785156f7ed209c8f4f999a612d9e7643831181811cc125f8cc70442dc5d9c,121406
project/chunks/chunk02/data/gridmet/01184000/gridmet_daily.parquet,historical_artifact,bb028d08bbb5aa3386b2f095f33033e68af2cebf3f7cc5a444574a87083e6aad,119014
project/chunks/chunk02/data/gridmet/01372500/gridmet_daily.parquet,historical_artifact,8078581aa8b3b1f1ad4c228b037b0bb20e1ada9532da37c3e2a670691034a6a7,118884
project/chunks/chunk02/data/gridmet/01434000/gridmet_daily.parquet,historical_artifact,33477e38683839d5a2c6fc930de8aebbffee5690b8e4b32bcc9a5d4c13bda475,118961
project/chunks/chunk02/data/gridmet/01445500/gridmet_daily.parquet,historical_artifact,69e2ddde58c0973e316296822ea8c7a05dee8577dbd34a5426f8e9a2dd37e53f,118860
project/chunks/chunk02/data/gridmet/01463500/gridmet_daily.parquet,historical_artifact,2cad1628c38235e394fa994520822ee9201144e8a44f67a62be623233b7f857e,118389
project/chunks/chunk02/data/gridmet/01541000/gridmet_daily.parquet,historical_artifact,05b310a7f7b7be8ddbb523597ac70d11b206853c1eaa331750fea3e96495bc76,119338
project/chunks/chunk02/data/gridmet/01646500/gridmet_daily.parquet,historical_artifact,facd7302380131d67dfee18044f67939977e53ec775bfb93bf16bfce37043621,118553
project/chunks/chunk02/data/gridmet/02083500/gridmet_daily.parquet,historical_artifact,67a9d4ee8b9b15affd63db3448d29738d22e9d143ca6bf108613ff0fb612914c,117939
project/chunks/chunk02/data/gridmet/02085000/gridmet_daily.parquet,historical_artifact,c304afb80012938f425e64a113693a0482f746ef55456ea10e353cb999b52066,117934
project/chunks/chunk02/data/gridmet/02138500/gridmet_daily.parquet,historical_artifact,537339e5578551f9eddd9915ce5556ead994281d53e4529c8ba8b28b34b0faad,118570
project/chunks/chunk02/data/gridmet/02175000/gridmet_daily.parquet,historical_artifact,3f4ff162e57afb21b31edcbd3097b8419300834cbf4d6e2af1e31d71ccc0f90d,117763
project/chunks/chunk02/data/gridmet/02202500/gridmet_daily.parquet,historical_artifact,d994f8381b041cc6491a4d55de95359baac5242fa1df2dc7ea5122641bf2c362,117336
project/chunks/chunk02/data/gridmet/02322500/gridmet_daily.parquet,historical_artifact,b4f3c916af3cf41618c51a1463cfeb79e0b471861f098347e757c5efa7359124,117370
project/chunks/chunk02/data/gridmet/03164000/gridmet_daily.parquet,historical_artifact,2609e51d51754b3e1940173ed23e443cd2cd7a07106c41fd97ef9f473549ff82,118286
project/chunks/chunk02/data/gridmet/03217500/gridmet_daily.parquet,historical_artifact,947a8308e8d0909858b4891a3c07d731c8941b3f10b5e7aa2d7f89b738539aa3,119889
project/chunks/chunk02/data/gridmet/03335500/gridmet_daily.parquet,historical_artifact,86e7a65f5ac9df19a2a7c322f82d10896bc259260a3f177a9970b40d62fa8c30,119899
project/chunks/chunk02/data/gridmet/03345500/gridmet_daily.parquet,historical_artifact,68cfa786da5379c9c311f0f7acf372bf643536c2c6d2ed089b5696e7ad472466,119798
project/chunks/chunk02/data/gridmet/03438000/gridmet_daily.parquet,historical_artifact,a690601f3d914e75bdd68797be293c452cf91e96bb7aabb3275537f512198845,118825
project/chunks/chunk02/data/gridmet/03497300/gridmet_daily.parquet,historical_artifact,be5295dfe35a0d1495d42ea2de432f2e0f97c3ce79e841b785f9419f56f8d7e1,118852
project/chunks/chunk02/data/gridmet/040851385/gridmet_daily.parquet,historical_artifact,78e15a5efb9473149ce151183d154eb30bb5cf2a7d6f6ccfdd4729a1af099d1a,121031
project/chunks/chunk02/data/gridmet/04122500/gridmet_daily.parquet,historical_artifact,1c6b198cda217555cfc4dcdc459e955c7d5f6274718273b55616f9cb638b679f,118530
project/chunks/chunk02/data/gridmet/04193500/gridmet_daily.parquet,historical_artifact,fababe7da67a1c225b5e9ed0a64f3737b40e65eb3f17786ad06f058052e99abe,118604
project/chunks/chunk02/data/gridmet/05286000/gridmet_daily.parquet,historical_artifact,ced6a114269e890a1ea5e8afc29f2df4a45ae30466f210ab2fe9ace77454234c,121111
project/chunks/chunk02/data/gridmet/05389500/gridmet_daily.parquet,historical_artifact,86d9306ce06f32aa6e80e70860d93999d91b89d2c08ddf9fa411690dc7c7d376,121058
project/chunks/chunk02/data/gridmet/05420500/gridmet_daily.parquet,historical_artifact,105160284d4fcf90251bc3bc8295132ca2987927f0e2b17bf6f140ce66e96a5f,121205
project/chunks/chunk02/data/gridmet/05431486/gridmet_daily.parquet,historical_artifact,2c9f26dacb5ec50ebb892ebbc0a9923567cf36a7039f338e7ff9eb41c3d46be6,121306
project/chunks/chunk02/data/gridmet/05435500/gridmet_daily.parquet,historical_artifact,0e59aca12959f93fef51ec241c5647809a4d31def92b3cd99f52e234a3b79008,121221
project/chunks/chunk02/data/gridmet/06025500/gridmet_daily.parquet,historical_artifact,035234d5849c45b981cf6864e0b6e95954d3d3666a3823b3f441c2125a642c4f,114219
project/chunks/chunk02/data/gridmet/06478500/gridmet_daily.parquet,historical_artifact,575198649abdfce5f3b1c1829e4ce37dac7ce240b7b81f7cb981f11219ff5b87,119703
project/chunks/chunk02/data/gridmet/06719505/gridmet_daily.parquet,historical_artifact,90a3660840f6c5ce7a1a5a54d0b532ceaeaaed127524bce90bafa1dad1a42970,115678
project/chunks/chunk02/data/gridmet/06805500/gridmet_daily.parquet,historical_artifact,81b1a25cecc4f8e39b67bff18172ef6119fd0784a2cf334d8b3227087e613d66,120274
project/chunks/chunk02/data/gridmet/06888500/gridmet_daily.parquet,historical_artifact,41a3bb400dd24951f4f1cae20872fa015a79d042fd382c22eb9456a175500e1b,118405
project/chunks/chunk02/data/gridmet/07144100/gridmet_daily.parquet,historical_artifact,bbe2dbb25724d0411de87ab9b46d23cbbb608fa1078ace23110d9dbed7e1a15d,117779
project/chunks/chunk02/data/gridmet/07197000/gridmet_daily.parquet,historical_artifact,3d0c2707d3422301ee746ed8bbef7a0c7e2de9251df4e3cd1a8f127b6571e96e,117893
project/chunks/chunk02/data/gridmet/07261000/gridmet_daily.parquet,historical_artifact,c3fc2418e7b2668fe28055c86db3f0935f2364c6de61d58287370c6245a470c5,118170
project/chunks/chunk02/data/gridmet/07288500/gridmet_daily.parquet,historical_artifact,3cb9967f688956f9beb75b623eb4678981ff8e7cc3a140fbc499f210757c1cc6,118275
project/chunks/chunk02/data/gridmet/07375500/gridmet_daily.parquet,historical_artifact,10c13bf76334150fdf16aecfbe9f4437e592465370a52c28683bda6edf91c0c7,118572
project/chunks/chunk02/data/gridmet/08068000/gridmet_daily.parquet,historical_artifact,e284ff8d498cdeb8f0391c5271e4be1576f9b7c74275972bc2d2b3c07a083dbe,117909
project/chunks/chunk02/data/gridmet/08101000/gridmet_daily.parquet,historical_artifact,cda3688770049aabc27245912881acd1d88fc8d5f96ccf2a4eafef6fc737f73a,115638
project/chunks/chunk02/data/gridmet/08144500/gridmet_daily.parquet,historical_artifact,563b370fefe3d0d2e99b22e71d1a87e1c75cc5bc15c1590580069a7c878c3cc8,114341
project/chunks/chunk02/data/gridmet/08167000/gridmet_daily.parquet,historical_artifact,12b8b59936c245c0bff2c65a3e29c800f0b386afe77be9fb5f83d406e1d69bc5,114964
project/chunks/chunk02/data/gridmet/08167500/gridmet_daily.parquet,historical_artifact,d27112695294815d201f8495b626f30238ec16b20ce4f8ddf72f1ed586c1f513,115187
project/chunks/chunk02/data/gridmet/09070500/gridmet_daily.parquet,historical_artifact,f006570c99677721679504023041d3f618a5e3274e6c8a8686ccec68b444a3f9,113984
project/chunks/chunk02/data/gridmet/09112500/gridmet_daily.parquet,historical_artifact,689b580ead128f77c941df769d41cf8aaa63ccf745474f8770accd9575ce10fd,114747
project/chunks/chunk02/data/gridmet/09444500/gridmet_daily.parquet,historical_artifact,0e08d143f5782e80f13318731cb968f301acabdb310230a79753cb4f14a7a7e7,111377
project/chunks/chunk02/data/gridmet/09498500/gridmet_daily.parquet,historical_artifact,bb9d4fbc80379e93e40a571c27d1db7300ad4574393c77a3e7d27bb446e86a03,110725
project/chunks/chunk02/data/gridmet/11264500/gridmet_daily.parquet,historical_artifact,5469a950a7877916aa7a1a597555c3589551d86abf8dc475f997fcce3b123576,114062
project/chunks/chunk02/data/gridmet/12447200/gridmet_daily.parquet,historical_artifact,0ce0854bf358731a40b09613d1712ab503150e278c1660ca6d3c4828e4333b79,114929
project/chunks/chunk02/data/gridmet/13317000/gridmet_daily.parquet,historical_artifact,848db61eeea788fffd706c04a0f798d0d9c59cd3af3b780fed8fea6cc69bb6b2,114699
project/chunks/chunk02/data/gridmet/14137000/gridmet_daily.parquet,historical_artifact,8fcc9cd8b07a77a9381ddb27629a4c35c6dd611f94d6b7e4724b61a7cbc34d24,117775
project/chunks/chunk02/data/gridmet/14181500/gridmet_daily.parquet,historical_artifact,7a718910829e5d67ce05c9d15df5a7c4e0a071684d910f456f39f8414a0e01f0,118926
project/chunks/chunk02/data/gridmet/14211720/gridmet_daily.parquet,historical_artifact,427684fe4d3710e8335ddc2f801fc9f379dbd9ac3e83a52a4a760dde61bbf5be,116446
project/chunks/chunk02/data/nwm_retro/01034500/nwm_retro_daily.parquet,historical_artifact,0643084c94e44c681dfb91fc8fcc8f39ad51953b2314a98e361a757b3ef1e615,185042
project/chunks/chunk02/data/nwm_retro/01137500/nwm_retro_daily.parquet,historical_artifact,850382260ae0d821dfef66cdef490c6be9899320011adb5030822a68a2c3ba95,160899
project/chunks/chunk02/data/nwm_retro/01184000/nwm_retro_daily.parquet,historical_artifact,6c1e96abe5e209f855263e16e61596a64b878e97489dbd1ad373d899cbc49c4d,185829
project/chunks/chunk02/data/nwm_retro/01372500/nwm_retro_daily.parquet,historical_artifact,391aa5c9ebe21b3a0eb8f402e567cb6fbcd8f2286dba9e5bf90ce6e64ca46856,104146
project/chunks/chunk02/data/nwm_retro/01434000/nwm_retro_daily.parquet,historical_artifact,45b658b030a2126a53567cae00a406cca8e0b1bc9ff7a85584e1020ac3076df4,167534
project/chunks/chunk02/data/nwm_retro/01445500/nwm_retro_daily.parquet,historical_artifact,d66ee8f6aca36f5da699cd7666bf6ba5cdf89486a7813558b4b72f4bab3f8979,100118
project/chunks/chunk02/data/nwm_retro/01463500/nwm_retro_daily.parquet,historical_artifact,4242aacd961a359025aa97a955a34da8663afc4e140447f90c97f6b4ae98c3d0,98842
project/chunks/chunk02/data/nwm_retro/01541000/nwm_retro_daily.parquet,historical_artifact,8eeb93c87ec7f1ec61f3be1672f6ed9b3589bc7887d1e6bb9464e2eef65b6d86,165554
project/chunks/chunk02/data/nwm_retro/01646500/nwm_retro_daily.parquet,historical_artifact,a1e9af0fd354e96bb107c11e5d01dd3d4d735a247a9be35ec44c9a3653c92001,101592
project/chunks/chunk02/data/nwm_retro/02083500/nwm_retro_daily.parquet,historical_artifact,772e2d2557928113842f344a8aafb4f89439496b44bde605f172fc0b4f52e58d,106029
project/chunks/chunk02/data/nwm_retro/02085000/nwm_retro_daily.parquet,historical_artifact,06aa91da8d072dad16fce829522672c935c4ac1ead527b862c751bb024684e8d,104979
project/chunks/chunk02/data/nwm_retro/02138500/nwm_retro_daily.parquet,historical_artifact,494a51f9cf9546d2285c437315e59e029705cbbef5fb49184a050fda21d315cd,165002
project/chunks/chunk02/data/nwm_retro/02175000/nwm_retro_daily.parquet,historical_artifact,f05eae3be62d7905e5cd91a5f4a3fedb21f7eba19d2557163ff18da5ab51a0e2,175518
project/chunks/chunk02/data/nwm_retro/02202500/nwm_retro_daily.parquet,historical_artifact,9206dffae93f5e24cbeb273b319d648bfb3d6c2f39e816c363f08a5c289c844a,173190
project/chunks/chunk02/data/nwm_retro/02322500/nwm_retro_daily.parquet,historical_artifact,ebd219e744710998c14686781178079e635d9a6d586448639a9eea2a60b04a46,95934
project/chunks/chunk02/data/nwm_retro/03164000/nwm_retro_daily.parquet,historical_artifact,6454673d395d34d1720cab2dc4979f4ef41a618d2fcfd95f839f8126dd6e8ab4,165902
project/chunks/chunk02/data/nwm_retro/03217500/nwm_retro_daily.parquet,historical_artifact,066ffbb5dd6ab337b8cb94ef3b66caf8541af5b10779d11468a60bda77af1f72,110371
project/chunks/chunk02/data/nwm_retro/03335500/nwm_retro_daily.parquet,historical_artifact,7ea9d2507a2bdd743ab0afb44fa2de0bb64bc7b86934269ff85a574726e8d12f,99367
project/chunks/chunk02/data/nwm_retro/03345500/nwm_retro_daily.parquet,historical_artifact,3f6e3d873257a5c249138cd0d9045e0c59e3fbed64887e43d1e03dd571afe405,107532
project/chunks/chunk02/data/nwm_retro/03438000/nwm_retro_daily.parquet,historical_artifact,2da2d7324e674a5a03117f79cb131bbbd8518053b91dad6552d9b95d738af2d2,155845
project/chunks/chunk02/data/nwm_retro/03497300/nwm_retro_daily.parquet,historical_artifact,f31c9308736a42e5a0110b468b0ec4358fdf3de56da6de3ae5289e882627905a,166665
project/chunks/chunk02/data/nwm_retro/040851385/nwm_retro_daily.parquet,historical_artifact,fee9dcdca22264eb7048998e617a7704580d5384e45ce836af92f7f4eba26d9b,173757
project/chunks/chunk02/data/nwm_retro/04122500/nwm_retro_daily.parquet,historical_artifact,c2287d461c15cec2ae382087ada67d66c3cf2ab5fe1827840d5c3facfbaaec82,167044
project/chunks/chunk02/data/nwm_retro/04193500/nwm_retro_daily.parquet,historical_artifact,036c73ffec8a38b33e5738dfbd07c67edf5ace8651f371602db67c253fdeffeb,168875
project/chunks/chunk02/data/nwm_retro/05286000/nwm_retro_daily.parquet,historical_artifact,1c2fc06930f03aba62eab7a040fbe8b02e5d1b40267ebef39bc6a9d3aa19a7aa,165431
project/chunks/chunk02/data/nwm_retro/05389500/nwm_retro_daily.parquet,historical_artifact,7d5320b7ee858cfcdce908c9da76c3c9c356cddf6fd3fb979f538d577d351c83,139579
project/chunks/chunk02/data/nwm_retro/05420500/nwm_retro_daily.parquet,historical_artifact,56d2b948b56510959195058447fd011fb7c074e6d51917bc1fb5577c0c23fe11,95699
project/chunks/chunk02/data/nwm_retro/05431486/nwm_retro_daily.parquet,historical_artifact,f9cf422368f4431a78de87d7997b67b4e1bb811e510b0b2d240e85bdf6f4a59e,98467
project/chunks/chunk02/data/nwm_retro/05435500/nwm_retro_daily.parquet,historical_artifact,9aca8855e28b3ca47d4f7726a1c7a5afc414dfdb381b6aba909030cc9586eba2,98694
project/chunks/chunk02/data/nwm_retro/06025500/nwm_retro_daily.parquet,historical_artifact,617e5e04e5d1972b4743e2e7b748bf3fddf1ef67e3df5dae6b205a5da0fc7b2d,164947
project/chunks/chunk02/data/nwm_retro/06478500/nwm_retro_daily.parquet,historical_artifact,e2048da89297d5bd9f3233621df9606c0852b44b54f22396e9f3a77804f1e6e0,166740
project/chunks/chunk02/data/nwm_retro/06719505/nwm_retro_daily.parquet,historical_artifact,85c02fbdf32d6a6970604da026d2a6122b49b76eeb41a4e161e0479392d021ae,159970
project/chunks/chunk02/data/nwm_retro/06805500/nwm_retro_daily.parquet,historical_artifact,334fc55f13245f48aa824eafbf0002d28bda37224496a2a772f6234af04b4059,100432
project/chunks/chunk02/data/nwm_retro/06888500/nwm_retro_daily.parquet,historical_artifact,5241842e18479f43ea0b5dfcfb330cdbafdd2b9481d038e5974f5bfa909f5543,105231
project/chunks/chunk02/data/nwm_retro/07144100/nwm_retro_daily.parquet,historical_artifact,166f91c4025e78b1cb4e9351f65ab8b1dea976374f127afbbae76e48372beb0e,146890
project/chunks/chunk02/data/nwm_retro/07197000/nwm_retro_daily.parquet,historical_artifact,911b7e3f4659fcf0648c7ae61e8f8000e4762cd87ea1c45ebb72e8b164c294f0,163116
project/chunks/chunk02/data/nwm_retro/07261000/nwm_retro_daily.parquet,historical_artifact,72a4f6eb6a6a6f3612027210f11ba1ae01d7d6667e8c64b4108e45eed92de86b,153127
project/chunks/chunk02/data/nwm_retro/07288500/nwm_retro_daily.parquet,historical_artifact,f61873786fe3608cd38d916970faee37698a8b778be8081c8aa707da9b6604be,131616
project/chunks/chunk02/data/nwm_retro/07375500/nwm_retro_daily.parquet,historical_artifact,845a51165beb20f235b6f6f28d7c53590882be121e56efe48f69a04cca0754f9,171605
project/chunks/chunk02/data/nwm_retro/08068000/nwm_retro_daily.parquet,historical_artifact,166100da129acd86e62a054d1e794df3f3e51b3a2f90dbe6a422ab144fe0fdf6,158166
project/chunks/chunk02/data/nwm_retro/08101000/nwm_retro_daily.parquet,historical_artifact,5053fdc006fbc5bcda093e220f1d29d517497a21930d64d06f9043d849a10377,130632
project/chunks/chunk02/data/nwm_retro/08144500/nwm_retro_daily.parquet,historical_artifact,3ac85bb1a92ca6a109c735a7fbb7b2892e94e9a6f5e5b653d9ccf4cd9a095102,129965
project/chunks/chunk02/data/nwm_retro/08167000/nwm_retro_daily.parquet,historical_artifact,7b197f0db1c0e990f5aa5e1d5b8fd896f5e47207275ee3fff14570e8a43f4ebe,102502
project/chunks/chunk02/data/nwm_retro/08167500/nwm_retro_daily.parquet,historical_artifact,558a71728c2e01831a504d84d1139cbbcf9611140d2bbf9bfaa8112d351038f5,110002
project/chunks/chunk02/data/nwm_retro/09070500/nwm_retro_daily.parquet,historical_artifact,364aeb326c4431d9f0d4dbe1cbace5f052dde25b061216ce4a77eee43dc72ff3,165145
project/chunks/chunk02/data/nwm_retro/09112500/nwm_retro_daily.parquet,historical_artifact,33b72c85e40227cc1d3848c0ccd4f46831414201ced29e8d72b4e23ccd989f3e,159490
project/chunks/chunk02/data/nwm_retro/09444500/nwm_retro_daily.parquet,historical_artifact,6dcf1a2aa38b9fa189d8d764761c01ae332e8e2850bfacd8df44a61b12c45d97,163003
project/chunks/chunk02/data/nwm_retro/09498500/nwm_retro_daily.parquet,historical_artifact,218c6522e8b692a7bcb677630094e1ccd09c20400527ffdbd241755f925c6f11,163884
project/chunks/chunk02/data/nwm_retro/11264500/nwm_retro_daily.parquet,historical_artifact,de2330bdfcc1ebc868e5cf00bb025163f280b4affb800c3c6897a5dd50440fe2,160791
project/chunks/chunk02/data/nwm_retro/12447200/nwm_retro_daily.parquet,historical_artifact,704e57bc61160bb1b28942cf498fcf0c31ece54d5bf89355acb4046a803b8b3f,169147
project/chunks/chunk02/data/nwm_retro/13317000/nwm_retro_daily.parquet,historical_artifact,f5d5f3cb6764a78313da9fb28588e08973d772b2d830395955a9d56bd520fa0d,169339
project/chunks/chunk02/data/nwm_retro/14137000/nwm_retro_daily.parquet,historical_artifact,a1a3bc79638c2d4f1d50951d231beb6b8753f1b21d047624d3bf30a7fc597609,99108
project/chunks/chunk02/data/nwm_retro/14181500/nwm_retro_daily.parquet,historical_artifact,cc8b384b6ee0bb9cb32e84887ecbebf28667b5fc8f5e356f264aebce3fa61460,165092
project/chunks/chunk02/data/nwm_retro/14211720/nwm_retro_daily.parquet,historical_artifact,9c3b8512e223c5935ab1fcd092ea61671cce9dc7a1fa4d7b129c23be31e2b08a,99753
project/chunks/chunk02/data/response_time/eligibility_tags.json,historical_artifact,0aedd62a698d9e8048932e26c6a1af4b62d26b732400787332c25dc1a0d9c9a3,26437
project/chunks/chunk02/data/response_time/eligibility_tags.parquet,historical_artifact,60c21ed2f8e269dc45af4d1c5c73a159b0881e81fe66f55e4c2caf3cfd18a1cd,6962
project/chunks/chunk02/data/snodas/01034500/snodas_daily.parquet,historical_artifact,8dfd69c24f9ab6c3687222b8e8cb7d6df82cc5dbce50a323b08941753e114a00,53366
project/chunks/chunk02/data/snodas/01137500/snodas_daily.parquet,historical_artifact,afcb3c57d0f5966ecac3b3eb203e948fc051605fd74897ddbc16a6689707c2a1,54018
project/chunks/chunk02/data/snodas/01184000/snodas_daily.parquet,historical_artifact,6b0449573eadce926fc7a109c87d4015495312ddb0baed057cb3ee2ae9f7fb33,47583
project/chunks/chunk02/data/snodas/01372500/snodas_daily.parquet,historical_artifact,ca4e48eed3ffae4fe54c54e022479a7968f37d49283b22727be89bdcb6a76cac,56305
project/chunks/chunk02/data/snodas/01434000/snodas_daily.parquet,historical_artifact,071e3c6359a97a5770c2ff396d67e125cecfc7570329c074bf733d75b058d56d,48341
project/chunks/chunk02/data/snodas/01445500/snodas_daily.parquet,historical_artifact,4a1a765d8bdbf08be4c54d40f9f9128e87c71ee92cf43b0e2ce9fd48487f5415,48474
project/chunks/chunk02/data/snodas/01463500/snodas_daily.parquet,historical_artifact,c463a41d2d8a32afffe65205eeb0dd1075bfe724e10806ea5ac6f0215daeb4a0,48534
project/chunks/chunk02/data/snodas/01541000/snodas_daily.parquet,historical_artifact,83dabd780ced62d6de3dc0de6019b90c8a17a53b4a115c9895895fcaa015bc05,48884
project/chunks/chunk02/data/snodas/01646500/snodas_daily.parquet,historical_artifact,9a9d79e926826f9804dd78c878c1cda96a6de94efea68d368bd9b18d99b6603a,44813
project/chunks/chunk02/data/snodas/02083500/snodas_daily.parquet,historical_artifact,651aa669368088e4539a9a556d51811cbfc5f1b0a945584ba7ca50e882e72d8a,43210
project/chunks/chunk02/data/snodas/02085000/snodas_daily.parquet,historical_artifact,dce4dd64313b15672164a215cb7367290d433412987c8ee11bd0b9237e2b4f8a,43210
project/chunks/chunk02/data/snodas/02138500/snodas_daily.parquet,historical_artifact,ead8ad49b5132b63143375cbef2592f8033e6ea1df9b52e47146cdb69033a166,43306
project/chunks/chunk02/data/snodas/02175000/snodas_daily.parquet,historical_artifact,cae29c20aa2ea4ba30aed5f69e02d6c8c7ed140e30089e07f7a9c4bc861788ca,43306
project/chunks/chunk02/data/snodas/02202500/snodas_daily.parquet,historical_artifact,3a813b25c969130a4a42280835e59a5a30b24300a67d2fa29e856383af90e810,43306
project/chunks/chunk02/data/snodas/02322500/snodas_daily.parquet,historical_artifact,867658298fdea53ce4805c29b4ba8b3e7006c91c4aab9603c09951a2d969ba39,43210
project/chunks/chunk02/data/snodas/03164000/snodas_daily.parquet,historical_artifact,e44318483ae9b9384fa1f360d424860b962eddde1ccc3e3a865e21a9dc19e584,45502
project/chunks/chunk02/data/snodas/03217500/snodas_daily.parquet,historical_artifact,f01b2e03f1141b477a81291294ad26440b26b83dda0d8657395ff1d2d99b9fd4,46703
project/chunks/chunk02/data/snodas/03335500/snodas_daily.parquet,historical_artifact,a726614ba7337a6cb45ae280449ecaf2a86bf9e2f3689b7634d6e749b6107e98,59393
project/chunks/chunk02/data/snodas/03345500/snodas_daily.parquet,historical_artifact,1507b0db464518b4fd7d5e960dddc968ba7a05bae1cc4b6b323b0a781a3574be,55140
project/chunks/chunk02/data/snodas/03438000/snodas_daily.parquet,historical_artifact,b1d3e2135677b7bc422ce95e01410f8766c1c4c790297ca86d6648b987a98b98,44422
project/chunks/chunk02/data/snodas/03497300/snodas_daily.parquet,historical_artifact,11215dac7a7b56138a650b0fa7c7b6492bf46aafa1c495036f40c54baee47343,44512
project/chunks/chunk02/data/snodas/040851385/snodas_daily.parquet,historical_artifact,9f46afd1022709dae0e0e7cfbf4cbf4efe43cfeb02365d1ac4599aeda9ef575e,49442
project/chunks/chunk02/data/snodas/04122500/snodas_daily.parquet,historical_artifact,4d6c3dae7f03b89445305c7e442aebb64460d02408fa70b8379808bfa73519ed,50876
project/chunks/chunk02/data/snodas/04193500/snodas_daily.parquet,historical_artifact,87657937931f22eb6eb9d3125fd9420caa978432be2994fc8237d3077f1dba36,47445
project/chunks/chunk02/data/snodas/05286000/snodas_daily.parquet,historical_artifact,a61df36fe2397ba431d1e04932aa678bac03b187fd37363a44f6ad1cda9c4243,49205
project/chunks/chunk02/data/snodas/05389500/snodas_daily.parquet,historical_artifact,b0c5c5a949a6f308cbf017edb5ed047b78bf24b44cdc94b276cdb30499609dd4,48398
project/chunks/chunk02/data/snodas/05420500/snodas_daily.parquet,historical_artifact,72cd6c87409798e5159289d8f21708fb48317a70373b63d178b7f28e8ca35de6,54931
project/chunks/chunk02/data/snodas/05431486/snodas_daily.parquet,historical_artifact,c07d4ea4698b03a977f271e6e66642a83e06f714462a4bd4fec898fca1e108cf,65800
project/chunks/chunk02/data/snodas/05435500/snodas_daily.parquet,historical_artifact,7b3b53d4c4eb9ea62968bb7079e1cb54036caa0cb768e04bc2ac78d2eb56ce65,66373
project/chunks/chunk02/data/snodas/06025500/snodas_daily.parquet,historical_artifact,f381b0f26c8272a2b55132a0be858b1e92d1630145d6630047e4b51730bdefd3,47621
project/chunks/chunk02/data/snodas/06478500/snodas_daily.parquet,historical_artifact,1f5edd6f07fc0d30cffca033e9174dce779b123a323a7b7bd9b4c70a627b4c30,48101
project/chunks/chunk02/data/snodas/06719505/snodas_daily.parquet,historical_artifact,3c34a80408a7b069e440d76099fd49cd72dc9f4eab5d015580ad0a5fde5cab1f,47708
project/chunks/chunk02/data/snodas/06805500/snodas_daily.parquet,historical_artifact,8b54e4607c70cc936c4f7cdd8ca3576e51b3d3ebb57e52e5e0b6ccd7f5fd81c7,48824
project/chunks/chunk02/data/snodas/06888500/snodas_daily.parquet,historical_artifact,756d22575430efaa4b45b9435fad2aea0c22ca9d34fee78640736351509d351d,52294
project/chunks/chunk02/data/snodas/07144100/snodas_daily.parquet,historical_artifact,09f8e22e6e355178e8e6e1bcd4ede2c98e703ec87622655c6e85408c74ecf2e7,43306
project/chunks/chunk02/data/snodas/07197000/snodas_daily.parquet,historical_artifact,c15d0ff8950c1c1425b733eead1bb90f631066cb897ec3f59bcf4543a2f09f67,43306
project/chunks/chunk02/data/snodas/07261000/snodas_daily.parquet,historical_artifact,8dece2cbc51b9f318dbd9f84947538bab62e3701585972fea7959363e1195670,43306
project/chunks/chunk02/data/snodas/07288500/snodas_daily.parquet,historical_artifact,0b2e93d38697b1c35086c028b0a670ddfe4b4699f08c5fc88ff406cc38dd2a7d,43306
project/chunks/chunk02/data/snodas/07375500/snodas_daily.parquet,historical_artifact,5c278947e729544f31ccf2a3f7266f6a47330ae2e1f09a01e8853b097c2999ea,43306
project/chunks/chunk02/data/snodas/08068000/snodas_daily.parquet,historical_artifact,a94cbd434a4a954e56e7e49482f6a1f4e4fc8714b82b88d227c382a1267bef45,43306
project/chunks/chunk02/data/snodas/08101000/snodas_daily.parquet,historical_artifact,91b7f6d0c02a3fc70a8cfebfa396727d3e5c356e744537e2fb70d69975ab5941,43306
project/chunks/chunk02/data/snodas/08144500/snodas_daily.parquet,historical_artifact,e586ac3f71c965b6be872fa3eb6406eae4128902c100c3785a1de6febe050814,43306
project/chunks/chunk02/data/snodas/08167000/snodas_daily.parquet,historical_artifact,867c8e12b55ff5e36345cbc9bc6c027c81ec4daa3012dbe7384352802b7e5270,43210
project/chunks/chunk02/data/snodas/08167500/snodas_daily.parquet,historical_artifact,358dce4d9e7abb284911f1de2ec884f14d45fed3d23df3242ef96e9568f8f4fe,43210
project/chunks/chunk02/data/snodas/09070500/snodas_daily.parquet,historical_artifact,6ca052917d607c37337282b7077f04a72c546765c50d0dede08feb371e5e8cf7,49732
project/chunks/chunk02/data/snodas/09112500/snodas_daily.parquet,historical_artifact,c889f16751dffba575fbc56820f0479140e74fcdf832a8d6964eb2d0f24cf1c1,54312
project/chunks/chunk02/data/snodas/09444500/snodas_daily.parquet,historical_artifact,b772702dc3be2c77a7676f6b8c8cd6e38f653e4b00dae7426a2a250e462dfa74,43306
project/chunks/chunk02/data/snodas/09498500/snodas_daily.parquet,historical_artifact,1889223a67c45f8c5f3b36194f361be575e2b2f44e679b0de6bbafd297acd3b7,43308
project/chunks/chunk02/data/snodas/11264500/snodas_daily.parquet,historical_artifact,a169276e733874d6453fcfd8f2da8a5816429f123053fc74c17c7d3b895a5f3c,48402
project/chunks/chunk02/data/snodas/12447200/snodas_daily.parquet,historical_artifact,5f375a3e977fdd1180dce78521b75db4038a028c571ff810462bd3e503b9bde8,47932
project/chunks/chunk02/data/snodas/13317000/snodas_daily.parquet,historical_artifact,4e0410642c7705d3527ba128b40b1f598ca3fe3debc948f2496a59fda283f372,45048
project/chunks/chunk02/data/snodas/14137000/snodas_daily.parquet,historical_artifact,ca8eb7fa1b16d278ae1735d14eec8e7e26832c95de4a039f80850244722cc2c6,55399
project/chunks/chunk02/data/snodas/14181500/snodas_daily.parquet,historical_artifact,7014a0e39f4cd22b76e9a2df44bab817ec6cf36649b268e4f18086210d3452a0,47677
project/chunks/chunk02/data/snodas/14211720/snodas_daily.parquet,historical_artifact,9ad9c6b560391f4ae9c45ac267976c2455e581a05ccbd0de388ddaaf7346af93,43308
project/chunks/chunk02/data/thresholds/flood_thresholds.json,historical_artifact,1456df7a86ee03f0d462335bb04a61608179f935a7ffd3275c8f5d1a907dd7b6,20475
project/chunks/chunk02/data/thresholds/flood_thresholds.parquet,historical_artifact,e5d19b233cb90464d0c9bfae7444de3301b497b9734dd0cd4c6df3a7ce05d151,9431
project/chunks/chunk02/data/usgs/01034500/daily_streamflow.parquet,historical_artifact,70ee9b303def11eed6d9cab9c888a2c105ac1b85023dbea64818f50a872b43ba,95733
project/chunks/chunk02/data/usgs/01137500/daily_streamflow.parquet,historical_artifact,f98b18ba785560b1cae76f37060695e57614bb5a9f73e0b1039f13a36355fcd9,96958
project/chunks/chunk02/data/usgs/01184000/daily_streamflow.parquet,historical_artifact,f5078fa10a3045915787042e9542465f49c93f9cfb10b6506b61febc7057a5c7,113431
project/chunks/chunk02/data/usgs/01372500/daily_streamflow.parquet,historical_artifact,53b68a0062ac70b0aa0e148208a36c8dfe1957fa37888636246be4f9f9cc6d89,98484
project/chunks/chunk02/data/usgs/01434000/daily_streamflow.parquet,historical_artifact,6eb50225fb7449b0d2340cdbcaea9f0e7198d21a228f8e111ae085ea8fd19abf,95153
project/chunks/chunk02/data/usgs/01445500/daily_streamflow.parquet,historical_artifact,8250d81e98d8f0c7092d97e38bf8c98fcc716f085f1795df850d37b6d38fd7ff,96290
project/chunks/chunk02/data/usgs/01463500/daily_streamflow.parquet,historical_artifact,bf0a9a07ad5f242bedf04fff9899944ece5a2e012f5c5b0c9655e89a2cc93733,95922
project/chunks/chunk02/data/usgs/01541000/daily_streamflow.parquet,historical_artifact,916160835c85edea93ffb82bafabca42c805394f87ba23c0ede1ff2d0a80c8e7,97384
project/chunks/chunk02/data/usgs/01646500/daily_streamflow.parquet,historical_artifact,5d3ee2f4c5e0c4888dcbe1fd08ccff6499a4cde42f9114610a73b127edaf0246,97714
project/chunks/chunk02/data/usgs/02083500/daily_streamflow.parquet,historical_artifact,ac4f12c0ce62919567a2b80c946b8803841b24d5effe349531a1a802667ad1e7,120339
project/chunks/chunk02/data/usgs/02085000/daily_streamflow.parquet,historical_artifact,e0de9eaf69e14691acbf5a3c2114e4c3ed226c0b395e2270424b420ac45b76a4,114641
project/chunks/chunk02/data/usgs/02138500/daily_streamflow.parquet,historical_artifact,d6835bbe0b7dddfe0e126744ddb860f4b595cf5c0ef258c8446fdc64006fb559,107384
project/chunks/chunk02/data/usgs/02175000/daily_streamflow.parquet,historical_artifact,d5536b3e43311e7df73f3af0b132c340d2cd8bada8f04a83994b3d90b6c4a0bd,116780
project/chunks/chunk02/data/usgs/02202500/daily_streamflow.parquet,historical_artifact,37d3862e9392c4333362063a0c448d54324a6a8037f2ab33cbd314f22532c862,120768
project/chunks/chunk02/data/usgs/02322500/daily_streamflow.parquet,historical_artifact,fb4cdcb0ba8041fefcfad02bbab9299a1398f112e5675dc48df88999ec2d3f8c,104138
project/chunks/chunk02/data/usgs/03164000/daily_streamflow.parquet,historical_artifact,dfae2b154d838d364d08b235780aa51710bd6156ec88c73fbd9dfc31c4eff471,95811
project/chunks/chunk02/data/usgs/03217500/daily_streamflow.parquet,historical_artifact,8090064cce01b7412a75a8dc59a8277efb8fa4c45b30daaaa6aad5930c2beffd,88262
project/chunks/chunk02/data/usgs/03335500/daily_streamflow.parquet,historical_artifact,00ccc54ac4b94cbf46dfe75a996d7419f424b64d3505c2f9158c9baa946d523b,96158
project/chunks/chunk02/data/usgs/03345500/daily_streamflow.parquet,historical_artifact,1bd262d2500b8de8be1cc73091f31d6e25ce61c10fe96a88c4389591242568a1,125285
project/chunks/chunk02/data/usgs/03438000/daily_streamflow.parquet,historical_artifact,03445a32cb7d6bd61d341429d3532ed9d9a5f25a3b15088976858808b900f527,96367
project/chunks/chunk02/data/usgs/03497300/daily_streamflow.parquet,historical_artifact,f7dd6dcdcff814f7be723e006a0d001a6f0296f022168ab908ba51b4dc49ef1e,96914
project/chunks/chunk02/data/usgs/040851385/daily_streamflow.parquet,historical_artifact,b6a0ee92b04a2818d2574eb9a4dd59375a5031086a36a37075e15d3dab4ba67d,96077
project/chunks/chunk02/data/usgs/04122500/daily_streamflow.parquet,historical_artifact,91207d260100217114189017609fae6609f0e3da171c07e84ace2526daefe757,91946
project/chunks/chunk02/data/usgs/04193500/daily_streamflow.parquet,historical_artifact,2817d8f7f8dc207db2a13344fda1ce2505eb2e57ae29873855ccd1747cfeff8f,101058
project/chunks/chunk02/data/usgs/05286000/daily_streamflow.parquet,historical_artifact,c6f2c2bf5c338ba16cec77be5444ecbd1d508e57519b44772283fb53e63dbde5,95514
project/chunks/chunk02/data/usgs/05389500/daily_streamflow.parquet,historical_artifact,0c4d2ca69d010d2d8ec0b87fe005fcda395102beae39e51c03c6fa1ef167f133,98428
project/chunks/chunk02/data/usgs/05420500/daily_streamflow.parquet,historical_artifact,d9b52f475060d9f1321fe6694263028a10f9c71cd5c113d7fcdac0df477ba879,93413
project/chunks/chunk02/data/usgs/05431486/daily_streamflow.parquet,historical_artifact,81a2d0eb10ca52104d165467d9ae1e0855463e26468074c37479fb0bd8a55375,95624
project/chunks/chunk02/data/usgs/05435500/daily_streamflow.parquet,historical_artifact,78ae96229ab3bcb347538e8c1a7f4ac870f0244c01953f3062e6e9d0e9f55589,115247
project/chunks/chunk02/data/usgs/06025500/daily_streamflow.parquet,historical_artifact,99e0dc76ac3a0a5b0c4f6c8242d5ce439a775ebe874ce5be8a89ddd46ff49862,96297
project/chunks/chunk02/data/usgs/06478500/daily_streamflow.parquet,historical_artifact,6e7e57ab79a041f343b9c13206382269f47b37c7c2d328ecd89ea75e18198dc3,109051
project/chunks/chunk02/data/usgs/06719505/daily_streamflow.parquet,historical_artifact,98b984d4c603ea52fa2b77059f0d1a2dbd72459265b13ced80b736c303c35dd5,97128
project/chunks/chunk02/data/usgs/06805500/daily_streamflow.parquet,historical_artifact,6db7a17be95592c596150c83a721eb8f1958cecb08b8ec6a89d8e84cfb673381,113963
project/chunks/chunk02/data/usgs/06888500/daily_streamflow.parquet,historical_artifact,bbdc9887fdbcc94a629783c02e53626e4f03307d3d3eeb90ce4434bf282637c0,119527
project/chunks/chunk02/data/usgs/07144100/daily_streamflow.parquet,historical_artifact,88240afc9730c0769c1f8e3c55d0d0db6c1088d27c3288bedf1865f69a0baead,119419
project/chunks/chunk02/data/usgs/07197000/daily_streamflow.parquet,historical_artifact,984a1647a16da128bc6612fb0c136f1ed3e35b152ded2cdf9889559e5bf5a81d,98587
project/chunks/chunk02/data/usgs/07261000/daily_streamflow.parquet,historical_artifact,5ace2851d1d3dd3951b0f45bb1aa9cd9f7777af0a2de66f6fd30a0441140bb0d,102436
project/chunks/chunk02/data/usgs/07288500/daily_streamflow.parquet,historical_artifact,92073e979d73766973997b3c1d29b2f4d6189e94d94820511f072a2f5b830241,115110
project/chunks/chunk02/data/usgs/07375500/daily_streamflow.parquet,historical_artifact,6c963cb0ca24b21268da87d6e7fdd9216401151d9a65d54c99ab3074654ba067,114535
project/chunks/chunk02/data/usgs/08068000/daily_streamflow.parquet,historical_artifact,d2dd0a19ce2df45be3860bf41af4b87b73feba5f1d71828384ac76158525c3dd,120781
project/chunks/chunk02/data/usgs/08101000/daily_streamflow.parquet,historical_artifact,458d54aa879852041db50b24fd70714ae655a48d7ff90fc758527161f1f18025,117294
project/chunks/chunk02/data/usgs/08144500/daily_streamflow.parquet,historical_artifact,8124f82c6e1d4e88715b3b0968c6cff26d6a22ddcdca8675216ac023c90b2498,99508
project/chunks/chunk02/data/usgs/08167000/daily_streamflow.parquet,historical_artifact,f59193080b668db454cc70e5c85f5fce3c10ec970c50a1553475c38f73207fbc,116209
project/chunks/chunk02/data/usgs/08167500/daily_streamflow.parquet,historical_artifact,b8dc2fd55c1392e19ead57a9e846a9c6d07cef84a56b86b70d5758cca97a7d67,118918
project/chunks/chunk02/data/usgs/09070500/daily_streamflow.parquet,historical_artifact,5273709b4f65ec004d10aa37f1866a4f31841cf795e7f55e722f368c00b3fe19,95697
project/chunks/chunk02/data/usgs/09112500/daily_streamflow.parquet,historical_artifact,f9f6b7fd1b5b51923f22bffb8cd7a1b8b2de99b934f984e8fa60e302e50ab319,96897
project/chunks/chunk02/data/usgs/09444500/daily_streamflow.parquet,historical_artifact,346494e7aa338c954dc3e0542c9eda4b32722539e07d348adb098d39bacaa3dd,98331
project/chunks/chunk02/data/usgs/09498500/daily_streamflow.parquet,historical_artifact,84b08827e3ba23ee20d02638045a09dd80cf2a044e09c048a783a3da2be79d45,96833
project/chunks/chunk02/data/usgs/11264500/daily_streamflow.parquet,historical_artifact,925abf09252c2e9ef8ddb5880460ab59dd78361e2160b40075ee2a7b804eba72,101889
project/chunks/chunk02/data/usgs/12447200/daily_streamflow.parquet,historical_artifact,902f42bde9b2962af392a5e0beed3ff2b346d3eecd21183e9fa921b4586015ac,112181
project/chunks/chunk02/data/usgs/13317000/daily_streamflow.parquet,historical_artifact,d36695eb9babcdaf3a0c7dda675a1053c889f46cda0b6357db5e46065c271970,95964
project/chunks/chunk02/data/usgs/14137000/daily_streamflow.parquet,historical_artifact,9cfb0d760c2f47f4ca7a8b1d6cc00788769260e4fbf32324ed93244a057f9b2e,95749
project/chunks/chunk02/data/usgs/14181500/daily_streamflow.parquet,historical_artifact,c57748ec387b1e8654cc9adbf6d32113042b6a0db57afd013c39e28bf35b5670,92349
project/chunks/chunk02/data/usgs/14211720/daily_streamflow.parquet,historical_artifact,4b4a9daf2bbf33180548b3b1ad93736dc9bee6966e6255056e6bbaf00a62bf3e,96763
project/chunks/chunk02/execution_manifest.yaml,historical_artifact,7f876e1356d97ec16d19eb49373263aa0bfd32261201655144a75e0c29c0b7ea,7853
project/chunks/chunk02/full_panel.json,historical_artifact,0caed82917df27086e606a0e10a1dd11d3e234c717814b48938d8c22003d5294,27119
project/chunks/chunk02/manifests/attributes_acquisition_provenance.json,historical_artifact,fefcd2174e7808ea8fb8008026ac5d1a208aa5a0557dc168bdf20c0ee49548d5,1023
project/chunks/chunk02/manifests/attributes_data_manifest.json,historical_artifact,736ffdfb834cc7cc73b07e2a430cbde6b0d7529d464d58a8b2110443450f9e05,5168
project/chunks/chunk02/manifests/events_acquisition_provenance.json,historical_artifact,6d62c032821ddde57288bcdef39229cbeff7a5c511c0c4674495a97b00bf5160,1468
project/chunks/chunk02/manifests/events_data_manifest.json,historical_artifact,671ce07ac78a016eaee14d97904bc23d369b08f66a27614d93b132177ecf9e6d,2675
project/chunks/chunk02/manifests/gridmet_acquisition_provenance.json,historical_artifact,fae72aeecfaa914f46e19c4f57eb7103ce0e14e6cc3712e95d66bb3b3c045e1b,15079
project/chunks/chunk02/manifests/gridmet_data_manifest.json,historical_artifact,a3d795e1c1a9bb3d7ea387d41eafc80f9ed071378c0f967420de77d2a698e0e6,3051
project/chunks/chunk02/manifests/nwm_retro_acquisition_provenance.json,historical_artifact,fd720cfc6e07d139423fd2ca508312cb83c8486624f1e53bb5580e72a07468a5,15324
project/chunks/chunk02/manifests/nwm_retro_data_manifest.json,historical_artifact,785747ce8219e2ce1d26ccaae1fe098ad3a7a876a082f4197681858c859412e4,1387
project/chunks/chunk02/manifests/response_time_acquisition_provenance.json,historical_artifact,9ac5707995dea47eaeb6a80164aaaef5cd573054db52292a493748c1b1781faa,1259
project/chunks/chunk02/manifests/response_time_data_manifest.json,historical_artifact,a582cdac2367fa0babb8647a1863c6696f434f74aa6e753d2fbba1f29c3574d3,1499
project/chunks/chunk02/manifests/snodas_acquisition_provenance.json,historical_artifact,15abef1ee2982519f44273b5ecb2b69746fcf06bf1fa6327777cd12d451b688b,14893
project/chunks/chunk02/manifests/snodas_data_manifest.json,historical_artifact,e7b10b63ecd94c8a31a928224e074492fd726a1f29eb3e43e0d4fae3d546b22b,1564
project/chunks/chunk02/manifests/thresholds_acquisition_provenance.json,historical_artifact,2b205cde1a637a51b35a50bee7c77da26404fd7d82c8916c420a0bf5520b83a4,2108
project/chunks/chunk02/manifests/thresholds_data_manifest.json,historical_artifact,dc57c7f3882cd462e709606bcdfa8ff9f4e71b680935908223310d8c95a78fbb,2367
project/chunks/chunk02/manifests/usgs_acquisition_provenance.json,historical_artifact,33d17e20178218d7212324c632d11f6fb014b4e468a420ca81432981f58a3feb,26573
project/chunks/chunk02/manifests/usgs_data_manifest.json,historical_artifact,6308572cd17150a599af7534038d8430b5fd88c72e2eb53fd02f416ae7895056,2077
project/chunks/chunk02/reality_gate_report.md,historical_artifact,41854d43bcf10ecca73ba6642fb189a35d7cf3641817354f8a1bd9cea6cb7bf7,7466
project/chunks/chunk02/reports/C02-01/contract_report.md,historical_artifact,b9eb01a77bf72d2c052ad450611cdcc0b4d22dd129ff2c53daa0a60d446c5904,5111
project/chunks/chunk02/reports/C02-02/contract_report.md,historical_artifact,6cc454c9e0ff898cf42b96d501f478fe0af04f69cd382f1be639fb2c692a7c21,4600
project/chunks/chunk02/reports/C02-03/contract_report.md,historical_artifact,75ebb5d14ff876df392749a06df8eda50882499845516ae18f6f205b5bbe18a4,4869
project/chunks/chunk02/reports/C02-04/contract_report.md,historical_artifact,ad29cf1698485340620fd1b46f3a2db156af4325cdfe8ae188acdd6777cf4102,4915
project/chunks/chunk02/reports/C02-05/contract_report.md,historical_artifact,c95268ec0e88ba3bb00dc4d6eb3961a8103127959bbbe8180a1249cd74b3728d,5167
project/chunks/chunk02/reports/C02-06/contract_report.md,historical_artifact,2d497bdd8ef370e6300c53aad77612e0872b70e49b22ec48d8e90cdaa14e1996,5062
project/chunks/chunk02/reports/C02-07/contract_report.md,historical_artifact,d1eb4295fad3de2ba61c313ee1926356f5f0cfc3d3e94b2f125025baa86bb0d3,5891
project/chunks/chunk02/reports/C02-08/contract_report.md,historical_artifact,26fa3cf8089bd355127f193c2fa8c41c1e5f5e5e10049be398aadf938bdd9d61,5568
project/chunks/chunk02/reports/C02-09/contract_report.md,historical_artifact,701d3b1adf6f8bf64d1db4fa4662690b75358f8db5a95bac78c3fee95f7cda80,6350
project/chunks/chunk02/reports/C02-10/contract_report.md,historical_artifact,31560847f3c2c153ae3a81773d40125ab0dd4762e261592f3fb42bd2b7e94c13,5166
project/chunks/chunk02/reports/C02-11/contract_report.md,historical_artifact,bc17792662ba63bb2af904971944ed467961c22a6376938cb71612783139407c,6156
project/chunks/chunk02/reports/C02-12/contract_report.md,historical_artifact,f977b3a4783027046a55843ce645c3c60184529b4b883440a2f7284f54394728,5138
project/chunks/chunk02/reports/C02-13/contract_report.md,historical_artifact,eb7c6823cdc19a35b35682bf615b65ced8e13a84b11d4e9c66371c5855160c12,6482
project/chunks/chunk02/reports/C02-14/contract_report.md,historical_artifact,597c3f46449b03d6a53bce6ff518287712f6735bb51e60463d96f9b9c4cb68a1,5562
project/chunks/chunk02/sample_adequacy_report.md,historical_artifact,95a5875d244b9cb45584c716a6c58c9b70ffa6cf915f62fabf937bdcacb55418,2514
project/chunks/chunk02/stratification_report.md,historical_artifact,9b28307f5f60a86094505ca82a932d99a197fff9471786cd4f2bfe980d424720,5623
project/chunks/chunk03/causal_ledger.json,historical_artifact,4eff1fcda5d5ca0900dd5684a706bb7bd721cfe7522c7dceaf184092b2a66539,1102943
project/chunks/chunk03/chunk03.md,historical_artifact,f2e360c30bb1773c8a622a9f02ec14036bc5f4029ed7bd9a70b1b65704ee53eb,7250
project/chunks/chunk03/chunk_report.md,historical_artifact,01498cc29aaac234a1a2d475990662f5265b1e957ec5bdc3929e5552d7784d18,10161
project/chunks/chunk03/contracts/C03-01_contract.md,historical_artifact,abf89275e687b4ea56293f04eef67eb26bc3678ea06cfb3b1034f92f758f4fa9,586
project/chunks/chunk03/contracts/C03-02_contract.md,historical_artifact,c977429dd5190ff883dad7e13d6b41a723f4c94eb35ce882eecc68ccf48a894c,4225
project/chunks/chunk03/contracts/C03-03_contract.md,historical_artifact,44a89450985684f7fb478b1feb977f5d003c74c7c8439e3156ab8998ec1abbd7,2100
project/chunks/chunk03/contracts/C03-04_contract.md,historical_artifact,ed2dbbc4b52fd99792eb517e260229abb3e0107cd372035c665966b416fe9416,2494
project/chunks/chunk03/contracts/C03-05_contract.md,historical_artifact,88f19e9606530a3be5be0e171bce99c035e7a024d96a32bbd437d8be3966502c,2130
project/chunks/chunk03/contracts/C03-06_contract.md,historical_artifact,caab1097b8f179fb995c9abb1720973131f9d90439c2ab226f16876265ce457c,3639
project/chunks/chunk03/contracts/C03-07_contract.md,historical_artifact,362acc9ff914f9373beb70c96c940c00c2b6f5b8e4e3e0d22d0b3faad050bfbd,2895
project/chunks/chunk03/contracts/C03-08_contract.md,historical_artifact,2880e6cbe0c955f7334562e8286e042457b1e712aceecf81dae35e40ccdfdeb4,3753
project/chunks/chunk03/contracts/C03-09_contract.md,historical_artifact,3e6c7e073799cc40e28482bf86bccc41dfc5f840cc2df8f8ff397c146cdf2b6a,1182
project/chunks/chunk03/contracts/C03-10_contract.md,historical_artifact,c88cf18677efd1f14e495d2bef7621c64976e1a57ea2c6d68f3ea9a2f7c648d5,2427
project/chunks/chunk03/contracts/C03-11_contract.md,historical_artifact,593f01c7310c9fb2c025a269fed50350ce149bd1970bcbee2be3e1e9d85b51dd,1555
project/chunks/chunk03/data/eligibility_split_summary.json,historical_artifact,039305c6fc8e34e3400d38a2933f8823fc08c9027f166f02b19974b9d0e73644,581
project/chunks/chunk03/data/feature_matrix_summary.json,historical_artifact,ae7030da804e2c92a147d133da173003539015e68fe1b68bf2a896884d9420fc,1566
project/chunks/chunk03/data/feature_matrix_test.parquet,historical_artifact,32ac4f776b74c195ca5c762564024b4a1dcd2adb86e529a9f0f5a0121d698dd8,93533
project/chunks/chunk03/data/feature_matrix_train.parquet,historical_artifact,5a1f17affbad7ecabbf0f83c1e99aa47cd007c660b74bcfe1a5f8c9308ad7f1c,1025441
project/chunks/chunk03/data/feature_matrix_val.parquet,historical_artifact,95cddbf4dd59ac1832e714fc8f216384ce8d33a204c8661d7363d774495b98af,60555
project/chunks/chunk03/execution_manifest.yaml,historical_artifact,67727b8ff147636977c3b21933e00f0cd0191f32c110da007cedfe2678bbed2e,6230
project/chunks/chunk03/manifests/causal_ledger_data_manifest.json,historical_artifact,bc3d3469b0b96e8735041c7bc7e75555353d25b40ed771ee90474eac0d564ade,1447
project/chunks/chunk03/manifests/feature_matrix_data_manifest.json,historical_artifact,4899c3c8ad32cf1c0fcb1628e91d97b8a047e60d7c37653295ef5e42eb785d58,2852
project/chunks/chunk03/manifests/normalization_data_manifest.json,historical_artifact,cb51bdd30f572dd6a44085012e3fbc9eacaeb289278f47476db237333fba294b,2669
project/chunks/chunk03/manifests/vintage_ledger_data_manifest.json,historical_artifact,ae88ef8e7e04ef00fd9ea20c3ecfcdc5d7c92f5b48ed8110fe1844dacb35889a,1623
project/chunks/chunk03/normalization_comparison_summary.json,historical_artifact,5b9ccee5d7c2cbb590556bc8c8b6d581a698a1b5deef1296f25518648b82870f,1964
project/chunks/chunk03/normalization_params.json,historical_artifact,2c9b03f38f55a7b4d6fae8b6c00c163d48e2008468b2a7ad4fbe2e4237effe82,1190
project/chunks/chunk03/normalization_params_full.json,historical_artifact,01b00f2cec9e182ac9276ef135eeb85ea98ad2a5a2601adde4e856c54a349261,1197
project/chunks/chunk03/reality_gate_report.md,historical_artifact,47d24da5d0599212f1f16c38dab21e89cffc5ad9e32e40110242bf8715efc130,3525
project/chunks/chunk03/reports/C03-01/contract_report.md,historical_artifact,5e9521b5171fa610d7f9f5c0508cc5f32f2e8bf46b2a9ae9306d3e1a1bde7089,2262
project/chunks/chunk03/reports/C03-02/contract_report.md,historical_artifact,e943334e3f7c9f1e83471d35a0926840e6a52f5facb0f706b07347794ee3b4b5,7054
project/chunks/chunk03/reports/C03-03/contract_report.md,historical_artifact,64835ac7a828674a2abcc0a03fd975e8456f1df6a9d9c3c84ae336a4673563cd,5794
project/chunks/chunk03/reports/C03-04/contract_report.md,historical_artifact,df5dbec13382b8138db2169de87e416983110ef2efaa4b3ae399d4d1a670a62e,2930
project/chunks/chunk03/reports/C03-05/contract_report.md,historical_artifact,df42f6cf89f3e23ee9da92070d492f3a126272d4f95345c258f2a43fbc20606a,4850
project/chunks/chunk03/reports/C03-06/contract_report.md,historical_artifact,127987d721f0fad68c8bc850359c58822b85f067e20d8406a9b6a3c4f1e69580,7556
project/chunks/chunk03/reports/C03-07/contract_report.md,historical_artifact,1ecaeec55400a5f160ee4feaf451b659a1403ab335d8279886c6cdfbfcf3adf3,5777
project/chunks/chunk03/reports/C03-08/contract_report.md,historical_artifact,bd6da2a42cb150192a97276658c9bcebfdebf209be01fb559e976c0fdc815824,5098
project/chunks/chunk03/reports/C03-09/contract_report.md,historical_artifact,eb662197be2fb235c4d278de0244090db4168c7ed33b79ff1e60cd7fb7b64b23,4157
project/chunks/chunk03/reports/C03-10/contract_report.md,historical_artifact,5ce0f4d1bb53c68a7b807c564aa172aad26228ae9f18607efd5f07eb91ee5576,4265
project/chunks/chunk03/reports/C03-11/contract_report.md,historical_artifact,b23b6d317f1ebaa9ecce15ac27520b8fad10a997c88e293b1e2eefc328d2a70e,5704
project/chunks/chunk03/split_manifest.json,historical_artifact,5f36a9737e6e4d4e3f42225af80824daa29cca3f99e66550bafbb9437ae1f3fb,1591
project/chunks/chunk03/vintage_ledger.json,historical_artifact,3447ee2dc366038c990b82de699eb1d3c90f8a509b8a81f186949f9b545d11b4,2045994
project/chunks/chunk03/windowing/channel_schema.json,historical_artifact,acf80d0069f3e47940bf670bd7d2b65bdd0b1e0cc6169855338aa6c642551471,735
project/chunks/chunk03/windowing/window_metadata.parquet,historical_artifact,6201c6aa9186eee8fa98da9a1c32bedfac74946a84d4973f35b45a14da55575d,113193
project/chunks/chunk03/windowing/windowing_summary.json,historical_artifact,0bc757de7b618eeaa0580374f96baea90eaad0ec4a32ac4062c6e248483380a8,1022
project/chunks/chunk04/checkpoints/c_encoder_pretrained.pt,historical_artifact,7ed0af7de494f8718ba116ca37e2fedfe59d30d8484b937a28396c53782cab99,622833
project/chunks/chunk04/chunk04.md,historical_artifact,37c94780fcd2f24757ca13bbe15da3aae84a9d033c38a5beaf298d597acbfc80,4559
project/chunks/chunk04/chunk_report.md,historical_artifact,73dbe92ffa4ad6ad11fbe028231b19e52caae560f6618b2ff96a2a29d6506c8b,4592
project/chunks/chunk04/contracts/C04-01_contract.md,historical_artifact,89c1dbd4e9d361f76475403a11d5bcff98cb8dbdbc3e66bd30d02ead3c5249ed,2034
project/chunks/chunk04/contracts/C04-02_contract.md,historical_artifact,5090b128266f953726b40eceb8f9415452a8eddba91772881f226c2d88c69944,3440
project/chunks/chunk04/contracts/C04-03_contract.md,historical_artifact,9b1eb3c6b77aba85e07766a966e064e7e928f27fa5df39e2b6089948d43df7fe,1912
project/chunks/chunk04/contracts/C04-04_contract.md,historical_artifact,95912d3c59a7badc9ae6e6fcd3b71ca3a5a0d9d626698e94c2d850ffb861124b,1911
project/chunks/chunk04/contracts/C04-05_contract.md,historical_artifact,ef42f4bcabc7c2a1b08c2550e75eb2246f9bd4dfd49ef2ace68dbb6c6c20cbd2,1857
project/chunks/chunk04/contracts/C04-06_contract.md,historical_artifact,d72918ab0f23a986ed4e9bcc0066a3db29ab06b41f1e964a865d85d26f8173d4,1832
project/chunks/chunk04/execution_manifest.yaml,historical_artifact,73afa030e40f5d5abe79b3a26b664b24d7e0f243e647ab01ce036ee4b141c1d4,3262
project/chunks/chunk04/latent_space_verification.json,historical_artifact,5391d12f1fa3846d38be643a2f9ea760d5125e505a05d0e57f7530983d789ce8,420
project/chunks/chunk04/pretraining_summary.json,historical_artifact,089349ca982e5ab860eb3e327e863480710021a47f20c496a3830d6f876b490e,1502
project/chunks/chunk04/receptive_field_proof.json,historical_artifact,dace03f5990ac15e3bc79902754e05d53eadb0d49e533ab8f6f02bdf924fb781,2544
project/chunks/chunk04/reports/C04-01/contract_report.md,historical_artifact,90aab46908c72bf639a074d3326de9af4fc5e2d9f6a3c132760a37e414047a5f,3197
project/chunks/chunk04/reports/C04-02/contract_report.md,historical_artifact,8612941b01589099f64394f7af47839f0b93fca6258860bf17a1a6380757ecc8,7277
project/chunks/chunk04/reports/C04-03/contract_report.md,historical_artifact,de7fcb3ff6a6152d8e9e9b83de7e06cef695eba6fc62f968da4aff4cb1ddc39a,3417
project/chunks/chunk04/reports/C04-04/contract_report.md,historical_artifact,8c678fa882cb8c2754c614f8622ceaf9d9b6bf69e141897a94255b7b73a9ad69,3908
project/chunks/chunk04/reports/C04-05/contract_report.md,historical_artifact,5b3ca361e8278758656a520d93bfe05fd9031cdd0e897e0af9e3e78eff55d2d2,4298
project/chunks/chunk04/reports/C04-06/contract_report.md,historical_artifact,9986499619d2a00629bae3d341b251f4dd2c7b95554a8265daa344766588b2bd,3661
project/chunks/chunk04/timing_pilot_report.json,historical_artifact,95541d98c1b93773ed355f5fe970c871f6444304a2f44c58fec4fec736d37889,483
project/chunks/chunk05/calibration_isolation_report.json,historical_artifact,09bd143f54860b884fef3ee1759e9505d8ff0fecbc1173b154fcc5891a730b10,5520
project/chunks/chunk05/calibration_params.json,historical_artifact,8b20f3aae8943fe34079384edece5849c62f621460fc6347beb6579004ea5dad,48664
project/chunks/chunk05/chunk05.md,historical_artifact,ecb56efd41cd3ceafac832210f8020540e17b5ff56c9b3a41ef8e58ceab998bf,3939
project/chunks/chunk05/chunk_report.md,historical_artifact,b1e649b5c3f0f87c7af63b90512747d0a16b128ff277a2e2a2d6ee963ca8e335,4130
project/chunks/chunk05/contracts/C05-01_contract.md,historical_artifact,b9755edc5cbb9bf2b915c044e8a30fb26b0b1c80f954f54d0dfbec97b8f79712,2167
project/chunks/chunk05/contracts/C05-02_contract.md,historical_artifact,9c06b02526da498e595b15d338599d63e7b8879917bbdcd5ff4b19081a7cadd3,2041
project/chunks/chunk05/contracts/C05-03_contract.md,historical_artifact,572e430858c94df38c93689856e12a0f526aff70f9a73d11d0d020a55129622c,2092
project/chunks/chunk05/contracts/C05-04_contract.md,historical_artifact,f29da8891c2326ff0d18223fdcfa29f0079a022778d3e87239b1f9fb29053856,1807
project/chunks/chunk05/contracts/C05-05_contract.md,historical_artifact,daad8aeeb6bcefb143fb7f01078b3e75176435a01d2c9d379bff054195e41654,1977
project/chunks/chunk05/data/score_a_test.parquet,historical_artifact,48ffd41d3e0e14ff1978582253c3af8bcaebdf723f9f8f54042b6d2c8e7277e1,38429
project/chunks/chunk05/data/score_a_val.parquet,historical_artifact,00bc7425df9238cbec24df9d8724ad293e0fcd2fc294d889eac870d43f490c28,24660
project/chunks/chunk05/data/score_b_test.parquet,historical_artifact,117759fa85bab03d5bf36b5fdb5f8ff321c1bb7bc36a2231db920602a8e6afa7,37270
project/chunks/chunk05/data/score_b_val.parquet,historical_artifact,fa4040dbfd079e1a67727dd820478220493145efa59a2b86fdb14f86810e0c52,24056
project/chunks/chunk05/data/score_c_test.parquet,historical_artifact,f9f353bcbdf9db2aaef5e531e91dd955e858df79c8bfb56ceaa084b87cd29c99,38116
project/chunks/chunk05/data/score_c_val.parquet,historical_artifact,0d6f761fc58c7f2b39321eb7dbf1312bde78b7bac395cebb5a91d9c3032db186,24445
project/chunks/chunk05/execution_manifest.yaml,historical_artifact,73e7191638f0d803ca1eee4e60c1b1758438882ac5831cf58519edf67b07b0dc,2595
project/chunks/chunk05/reports/C05-01/contract_report.md,historical_artifact,163acbc875263b84719ff0ab9cfcaa42fa7f4d2c32e3f512c6eb41d7b14f240c,3249
project/chunks/chunk05/reports/C05-02/contract_report.md,historical_artifact,a001e5a1c1705426f7e1d81b4712918b08f651a270bf0b2dd15cfaf0103d518d,3742
project/chunks/chunk05/reports/C05-03/contract_report.md,historical_artifact,a9345f156105dfe46fdae2d458ff2179a240e059a46a7608f4155778b39ee8af,3860
project/chunks/chunk05/reports/C05-04/contract_report.md,historical_artifact,f92f8682019bc8976fb740a7170487b94d9c4526ffdb5ba95afe5e6b93a4d840,3601
project/chunks/chunk05/reports/C05-05/contract_report.md,historical_artifact,88b3a939504100e5f1918c1eea21ebd6f06f8c1d87f637f4cde8d598247285cb,3566
project/chunks/chunk06/baseline_verification_report.json,historical_artifact,2755aee3b53288ddabb2dae483aa34e39536ecbfc748168cf3c1207a8183b776,3655
project/chunks/chunk06/chunk06.md,historical_artifact,5e2b46a35adbfa92190e8bfbfcdf70dac722368a653a433adb8caa485333b05d,5753
project/chunks/chunk06/chunk_report.md,historical_artifact,17b66e5a9ead7830c5605b831d48f08f110a63a8de8dc564eadd0059fba270e7,7933
project/chunks/chunk06/contracts/C06-01_contract.md,historical_artifact,2c8fad28c8cbf121146a6bfc21fe29897fd9530379e932d3d36d1e2af95c7d89,2038
project/chunks/chunk06/contracts/C06-02_contract.md,historical_artifact,8cbf4af3f237174a7d79d4b7aed3c74dc0721cebfdd745a8b4a4f6159c6517ce,1967
project/chunks/chunk06/contracts/C06-03_contract.md,historical_artifact,f0419eb735276a9a214d8675816aef9ac04379f0fba58cdc890e2e80ce868973,1802
project/chunks/chunk06/contracts/C06-04_contract.md,historical_artifact,1fd82ab976cfa828993859db90ea69a70ea855373b856822462796d9bfe48d1e,2330
project/chunks/chunk06/contracts/C06-05_contract.md,historical_artifact,245df79b37e8ed7c62c372de6c9b58c6a226c902c988491e32b0717a3cf0829d,1953
project/chunks/chunk06/contracts/C06-06_contract.md,historical_artifact,eef9c4086cf3b3aa0c4c51d5cd2ef8d645f333ff30879af097acef09e11c2468,1938
project/chunks/chunk06/contracts/C06-07_contract.md,historical_artifact,7a153ee9366b2f3179cb124bbf58a078c778886f2e50605e9d8ba9cfa535a428,2024
project/chunks/chunk06/data/baseline_learn_test.parquet,historical_artifact,c83d14fbd129464b89ce7412c4bd0ee5cdff7dd07a7092b8a4306a1eae4930bb,39146
project/chunks/chunk06/data/baseline_learn_val.parquet,historical_artifact,14b51dccaa26617e75bd75fff53501dc34e4dbd5b2ed7affadeed9f39564f723,24480
project/chunks/chunk06/data/baseline_nwm_retro_test.parquet,historical_artifact,960a99daa66a4abf9070b015d2e4c5c1283d67f8eb2a810ea79def57e66782e7,28825
project/chunks/chunk06/data/baseline_nwm_retro_val.parquet,historical_artifact,2199a988977168299391a7441a498680bab35f81c70f296d80873e5d6b44922c,20786
project/chunks/chunk06/data/baseline_stat_test.parquet,historical_artifact,26643043527854bfc7c696519c0db285882f276c2931a0eade003542a260a75e,45723
project/chunks/chunk06/data/baseline_stat_val.parquet,historical_artifact,4895c5d22efaa1589255d649a2a28811b30f86b4837ce2a908e8ee0a9ec48582,32062
project/chunks/chunk06/data/baseline_sup_test.parquet,historical_artifact,aa8abc68b605788ee948efd5d9d564b4c0227e4a1ce9fa3ee21dc2f2a099057c,23465
project/chunks/chunk06/data/baseline_sup_val.parquet,historical_artifact,02a878b10913ff1f613f69cd8df5dba4f6388123cfb6099ac84c65f35fd24c4d,15746
project/chunks/chunk06/data/label_budget_sweep_results.parquet,historical_artifact,3a84117905ed3383de7ca817626801be5dbc494903116497af83ec659239e6bc,11720
project/chunks/chunk06/execution_manifest.yaml,historical_artifact,4ec1ded575bbc293c26444c51cc3c213024db459cd7324fb11b53676da38368c,3742
project/chunks/chunk06/label_budget_summary.json,historical_artifact,2f9468af1f098bacb05e030519db7d9c247aa3b9fa958717a22df830d63d849e,5015
project/chunks/chunk06/reports/C06-01/contract_report.md,historical_artifact,00e649e882f245712883517e9d38cecfe357e3eaf220acc5b5f9de150d831c6a,4471
project/chunks/chunk06/reports/C06-02/contract_report.md,historical_artifact,6102faae05b703cc46336d5929d1cdf0db9ef6f7bc55df07dd6f4445abdfa330,4128
project/chunks/chunk06/reports/C06-03/contract_report.md,historical_artifact,5ff2188364953f75831a518c93f4d43c9dc5f5062d67bd23c12ff2ccf45c7825,4399
project/chunks/chunk06/reports/C06-04/contract_report.md,historical_artifact,f8cd3f5451c4abf9b51eb8d5455f3c4d0d4adab0b4595ea980d93e7f09fc0f3c,4562
project/chunks/chunk06/reports/C06-05/contract_report.md,historical_artifact,6fa56a1b4fad0abd8a34775ab1c9744d212a5d99c192d4f535364f0cf4b9e6df,3487
project/chunks/chunk06/reports/C06-06/contract_report.md,historical_artifact,dd05c92440cd307df95e24b512fda2c4bcf43e087fec086bb0adf6f319a929c0,4432
project/chunks/chunk06/reports/C06-07/contract_report.md,historical_artifact,675bffe492f94a99a230eb3c81fab4afce4f923b2cd0c659f2ce0268ef0ec40d,4978
project/chunks/chunk06/threshold_registry.json,historical_artifact,52b6755c4af637877096531a986124b2c42b5b751de3bc308a3e85880959f872,7189
project/chunks/chunk07/chunk07.md,historical_artifact,44333b22cd30a51add0d42dc9bb5e198489e6afa6f434d01472a25fe4a5a2e51,5554
project/chunks/chunk07/chunk_report.md,historical_artifact,455a727f73bcd7bd038774537477744a8e3bc30b5e6024f4c3db7cbbb3ecb1e6,5211
project/chunks/chunk07/contracts/C07-01_contract.md,historical_artifact,241836984b1be0b714a74fa71d6aea373fc7a48a617a39f75a73d770c359f0e0,2118
project/chunks/chunk07/contracts/C07-02_contract.md,historical_artifact,47932cc358584b622d057c306a5ce9d13c3eb8eaeca33a9fa2ed656009ac51f5,3342
project/chunks/chunk07/contracts/C07-03_contract.md,historical_artifact,abda40e6a0fdf11c7504b338c520ca58189aad9cb2e668f9d439609b5bda7849,2457
project/chunks/chunk07/contracts/C07-04_contract.md,historical_artifact,de0720fe0bc69643dfad6809acdfe1211a3f5f69bc98846d733e9d6313db755b,2558
project/chunks/chunk07/contracts/C07-05_contract.md,historical_artifact,076b4821c20b65b185efe39eb83113cf1b64ec188e6f335946ad77bf2800ce3c,1964
project/chunks/chunk07/contracts/C07-06_contract.md,historical_artifact,afb40d11e0ff1ebd1e8129f442a0e7a24d344c08a849f800adbcfe2479f65487,1754
project/chunks/chunk07/data/discrimination_results.json,historical_artifact,2ff638db617817682df43e69d16c73f0ca7cef427065bf39bea1baf4ce471f65,26076
project/chunks/chunk07/data/discrimination_table.parquet,historical_artifact,76500b5e82950be1fbac0b69088a1997181a589e777edb86a6c8ec7e38fe34ad,7848
project/chunks/chunk07/data/evaluation_event_matrix.parquet,historical_artifact,525bc767bf306a93564a76142f904f56503b231fce8e6921d1b86f47fa264e35,195966
project/chunks/chunk07/data/evaluation_window_matrix.parquet,historical_artifact,c37ebc7246180fb72a2866be62fd78af5474f98e07f8fbacce49e56f3f84b0ea,201162
project/chunks/chunk07/data/lead_time_survival_results.json,historical_artifact,9abcf53ef0d47a5c3bd0c2ed82e927fd2e69b71af453c28856215ef5bb6763f1,21292
project/chunks/chunk07/data/survival_curves.parquet,historical_artifact,cb08c9370f24e2f6ee8a6a8f23c3b0bca0822499449df919bdcee00ee667eeb5,3508
project/chunks/chunk07/evaluation_matrix_summary.json,historical_artifact,101d721f3726ad1d33314cfa0c284da4c8c7921cb4d2d09d4f6dd3fb1b8c663e,667
project/chunks/chunk07/execution_manifest.yaml,historical_artifact,0414119b40cff9ae72a3e4a3f3eba8382bb43df3e90fc2be81c798dcbda9b1e3,3573
project/chunks/chunk07/metric_dispatch_proof.json,historical_artifact,53921bb95d5da96547dee44a86e1f597f92ce654368b032c02076f366d173771,2303
project/chunks/chunk07/reality_gate_report.json,historical_artifact,a04fc092c9d0c191d0f290d0de6be54fabe3ae12e4cc17d34514723b19a1de11,1796
project/chunks/chunk07/reports/C07-01/contract_report.md,historical_artifact,ea6e634f64c69bc837e0c6d2f9052652403ce0b8208d44069e8239beb0b84187,3855
project/chunks/chunk07/reports/C07-02/contract_report.md,historical_artifact,37835ca3cad468c347cea9f778591a0151b80dba02771c08e848e9fea2594591,8037
project/chunks/chunk07/reports/C07-03/contract_report.md,historical_artifact,4b48da3167e1290af20b47c77a21d598f8257d1b3e15b15e98463fd85444e53b,5953
project/chunks/chunk07/reports/C07-04/contract_report.md,historical_artifact,f26fa63719a1e5e9994ff6c6d1aad767308572b153368747e8d3062d277e7e03,7838
project/chunks/chunk07/reports/C07-05/contract_report.md,historical_artifact,f033fc5f9ca6a81217ea56fdd1a5c166f692c29711fc285c1efe866c948d661b,4026
project/chunks/chunk07/reports/C07-06/contract_report.md,historical_artifact,704df21b87aa4ee60339e26260aa037335a89d4275bcaa2ad38ab9e49ff680d1,4477
project/chunks/chunk07/sample_adequacy_final_report.json,historical_artifact,3840fd357701417e300bb35f77899cbe63b777c524cd0cb9d3699fb9f33c8701,7644
project/chunks/chunk07/statistical_evaluation_master_report.md,historical_artifact,07872332f82bce8c02ae9b84c500f3f2d3e2edddfe901f3cf992c8e857cadc75,4992
project/chunks/chunk08/ablation_master_report.md,historical_artifact,28c693666f28d742563f0fe642cec66853fafed3cd61f59b771dbb9d64e73df3,8935
project/chunks/chunk08/architecture_ablation_summary.json,historical_artifact,3c70c0b02d65ec4464e31b3b5202f56d3a4691e233342bf616e56280697673f5,1877
project/chunks/chunk08/causal_masking_summary.json,historical_artifact,8dd6329884ae13bb08eb4afbc6e21d4e91ffc4e6be7c93cf722abbc564de36fb,1593
project/chunks/chunk08/chunk08.md,historical_artifact,a22156617be05855c87e1ce8e50f1eecce51226185f53c54d54faebb0136f250,5058
project/chunks/chunk08/chunk_report.md,historical_artifact,1e49a30a038daa5ca573b1f384803b06ee5bb15c72e3393b0bc24135592d4bcc,5010
project/chunks/chunk08/contracts/C08-01_contract.md,historical_artifact,dd14f6f7cbd4fe3f16416fcb601aadc8e2376cebad72c74368afd1d22ddce3a9,2049
project/chunks/chunk08/contracts/C08-02_contract.md,historical_artifact,ac0786742d56fe01ebfcc6b2e0e3d1a17947d4b190990bb0294a1f79f0da5001,1841
project/chunks/chunk08/contracts/C08-03_contract.md,historical_artifact,0a9335064f57ca0fc2c2c45bd61810c64cea8e1fe40c9098daeb41aec7f246b7,2149
project/chunks/chunk08/contracts/C08-04_contract.md,historical_artifact,4209b77a5c921a37420fa1c046b7ea0799db293447c86b50cdda8cd5910bbea2,2149
project/chunks/chunk08/contracts/C08-05_contract.md,historical_artifact,e85eff28d9cb8660b49ee572df8dc32cd813bdc135a676fea61d799b63c67a4d,2664
project/chunks/chunk08/contracts/C08-06_contract.md,historical_artifact,65014acc3159694c1efc75ae3a531efdbe86c728e56db0f647bfe501831e0779,1659
project/chunks/chunk08/data/architecture_ablation_results.parquet,historical_artifact,9970003420e2bf472e0820dfbce6ccd5b8c64ee9e4b3d2e6547b4a766541f8d0,7049
project/chunks/chunk08/data/causal_masking_ablation_results.parquet,historical_artifact,9673f3173717c7b58bcf8771bb800fb1e7383100c8d07464aadbde2c408a253f,6474
project/chunks/chunk08/data/hyperparameter_sensitivity_results.parquet,historical_artifact,605c2fbbd835dcd0b7d6c044894d07c58f5af11b44566496c7df9efb61ff253a,7721
project/chunks/chunk08/data/sensor_ablation_results.parquet,historical_artifact,f8e49a7d8ba4406b0c336335d9335a56e3bc16781c18dbbc32cea93ff6e90832,5561
project/chunks/chunk08/execution_manifest.yaml,historical_artifact,dde5b75046ea9fd5010d6caaf281b2a834bc87af58857f5c0f998a3eb1d07362,3166
project/chunks/chunk08/hyperparameter_sensitivity_summary.json,historical_artifact,340fc8a548396807316216afc46ce5982843f20b49643c1ab66e28f039dd4b6f,4408
project/chunks/chunk08/reality_gate_report.json,historical_artifact,38a385eb4bd7547eca4184f175f159738b29780537b7e2dc7d39217b2ed16fd5,2282
project/chunks/chunk08/reports/C08-01/contract_report.md,historical_artifact,c5b857ed8bcb3f0f77e9965e0afe435ceccce1aa7284f75a2dba735d228799bb,5037
project/chunks/chunk08/reports/C08-02/contract_report.md,historical_artifact,930cd12854fe0e18af5208a352d56d975ce320bbcc130381877aad5c88e030f3,4311
project/chunks/chunk08/reports/C08-03/contract_report.md,historical_artifact,da56d1e41d297c52f1576709db34bc41d2c48c714a110b6ff4ef039c0405d286,3869
project/chunks/chunk08/reports/C08-04/contract_report.md,historical_artifact,c12d86a56e1f83e4258236dea2a17bd8c61ccb4a6a3b2935b1f1576097ed2534,4479
project/chunks/chunk08/reports/C08-05/contract_report.md,historical_artifact,07ae0aafd101fec9bc1adcaa8630d8048f0f14906ccae96812ef3a557d2b8e29,3398
project/chunks/chunk08/reports/C08-06/contract_report.md,historical_artifact,2c20d49aec25bc7577abe7d4ff3b49c350ba6ca7ecf3b29daefe4715eced447b,3328
project/chunks/chunk08/sensor_ablation_summary.json,historical_artifact,bc68148abb8553602e3e9edfb27914280b9d9fd533ae61678ef0ecd0c3a5a3b2,2107
project/chunks/chunk08/title_claim_audit_report.md,historical_artifact,773455148a9f974e7bb2ab7b2c73e85408aee536eb8cd3eb50cb396984d6c6c7,8197
project/chunks/chunk08/title_claim_verdicts.json,historical_artifact,3b86fd9d3d4efc6dd564bf598c2673bac5221b68afaffaff13ccd9905b30b2e5,6654
project/chunks/chunk09/ai_disclosure.md,historical_artifact,be4c22c773c6a135346baf2e02811c3ea0d70eda839f36eeff02f1dff394615f,7988
project/chunks/chunk09/chunk09.md,historical_artifact,206a6a9cedf8c0d3859779084a7d7ce169e12016ff5760bc59e715b84a024584,4604
project/chunks/chunk09/chunk_report.md,historical_artifact,63e8a9a4a148e7402c53af6dabead0d95fed49cc97c145cfd1bb69f594478a65,5161
project/chunks/chunk09/contracts/C09-01_contract.md,historical_artifact,4963867734dc79a42b7a14b037e2db2f60792541315bc75ed84c495ac871cdbb,2051
project/chunks/chunk09/contracts/C09-02_contract.md,historical_artifact,32f5d048db00be90110a3413806a7b314f53ef8b32f4e459d9e51827980743a7,1787
project/chunks/chunk09/contracts/C09-03_contract.md,historical_artifact,1da3509629e5c28f3b5e129cb058e6606c64dbd592abb31cc0cddfd44702bd01,1619
project/chunks/chunk09/contracts/C09-04_contract.md,historical_artifact,d484ff396f810cc1a0b061c7e404978fd419b51884c77fc07e8d53fd0e56da6e,1923
project/chunks/chunk09/contracts/C09-05_contract.md,historical_artifact,92e6df4f8c806999fcd49f4fb7f6213e41fa7499c7ad1e473232f8a551433ad0,1413
project/chunks/chunk09/contracts/C09-06_contract.md,historical_artifact,561e975c81d7531800d37f6f693ada62d729b438bd664969fdf3778458a28036,3015
project/chunks/chunk09/dataport_manifest.json,historical_artifact,a817b33e734121bf3102384d8dc3be40d77d404eddaed6b39cfe30d4123e309c,10519
project/chunks/chunk09/execution_manifest.yaml,historical_artifact,6a1feb7b344d510cbf15bb476f90eb4d7f7de159ed70df6c6605203fd2c77666,3064
project/chunks/chunk09/final_synthesis_report.md,historical_artifact,914c896f277c8a91495667af69d7270384bc4728319fa601fec5058b1e1d42cb,8387
project/chunks/chunk09/ieee_dataport_deposit.md,historical_artifact,91f9c9b832f3bb9c46c7eb1fc493c25e3d74375fafeed735271353e24a4eb530,7369
project/chunks/chunk09/manuscript_draft.md,historical_artifact,c1bb78e97947fdc79d9dc5d4f48d9b1c54c075e9f33c7f3b7a578b99484ece57,32000
project/chunks/chunk09/release_check_report.json,historical_artifact,5cd11079d686f8a9638e7288ee50d8d0659367e475137b824102cce15a4b7ba9,743
project/chunks/chunk09/replication_manifest.json,historical_artifact,f9186fe16c6e7b99d99af5daf175fa7dd9576460e6a08831da78a20cb24c6aa7,5942
project/chunks/chunk09/reports/C09-01/contract_report.md,historical_artifact,cd798c86c5006ef9ded1ccbcdfd4c7008a3e97ee8a973c97cb918b0d94b90318,4772
project/chunks/chunk09/reports/C09-02/contract_report.md,historical_artifact,ca7ad4aef7d29c14d756522c8d8d322bd8dae8dbdb1ce7a24081515f064c3024,3138
project/chunks/chunk09/reports/C09-03/contract_report.md,historical_artifact,74d260b22a438e27da99671b2de008d88096fb6bbe96e1a98eb3cce60336acf3,3369
project/chunks/chunk09/reports/C09-04/contract_report.md,historical_artifact,83f219ef020f2662967a00691a712860931e62929f5f02fa604f176218040d3e,3373
project/chunks/chunk09/reports/C09-05/contract_report.md,historical_artifact,1aa65ad7228ddb2b484e10dcb0ffb3b3d08df98ac1d2d1dc4e3c70e55c2c54fc,3731
project/chunks/chunk09/reports/C09-06/contract_report.md,historical_artifact,809077ed861c76f8123dec8c0beb6c246a748459c1ce56e7e66fc7e0137cc099,5113
project/chunks/chunk09/synthesis_verification_report.json,historical_artifact,a683c35b51a170e90008ca5d11a6f018ba4f09173a1665771e2597c4f079a8ce,1232
project/chunks/chunk10/FINAL_FREEZE.md,historical_artifact,2c36d5374c28cd148cf5f81f78333490489e5a6ded08dbfffeb9e5b9951b46dc,6801
project/chunks/chunk10/baseline_parity_audit.md,historical_artifact,98a0d65618f8de8d017bdd60dcdd24b203c7725e1eb54fcc611450be07218455,6468
project/chunks/chunk10/chunk10.md,historical_artifact,bf02e73dc70f47f71897de3c9993fd64f4ebbe110d2d4b3387372050a9e64d22,10755
project/chunks/chunk10/chunk_report.md,historical_artifact,f6967c0163a80334f1a80f5a6f191e3d2901ba762c228ba1097fc23eba7e6085,9293
project/chunks/chunk10/clean_room_rerun_report.md,historical_artifact,99ddcbcad68103c1c35759162b102790eb7e5c82662cf0ce2b1c507c8a7fa0c1,5508
project/chunks/chunk10/contracts/C10-00_contract.md,historical_artifact,8466d15a97eb5cf4f87cabd9aa92d0e7231fbd1e6ecd93a19851101ee1fb8292,8566
project/chunks/chunk10/contracts/C10-01A_contract.md,historical_artifact,2519669010ffe41c348cc5f79c6f2c8de0c6a6abd184ff4d0d51746ba8d1a86c,4633
project/chunks/chunk10/contracts/C10-01B_contract.md,historical_artifact,c616703550054fb31bc3e0be6a135c1d73f57237968209de3478ce6a9ff07724,4415
project/chunks/chunk10/contracts/C10-01_contract.md,historical_artifact,947a3d4b9c0117839af6f43713f2340c10b9a11c4c007bc583de5a9d7bba7956,6955
project/chunks/chunk10/contracts/C10-02_contract.md,historical_artifact,08ac9a419e961412b1c036011b2b9f0609e14581847683c8fc6e03c50c3ab636,4679
project/chunks/chunk10/contracts/C10-03_contract.md,historical_artifact,2d939a0bc6e873715e5c23530933643395d2ee4ad857c56de16e6667b7311d88,3759
project/chunks/chunk10/contracts/C10-04_contract.md,historical_artifact,b0d6730679c18183fd191f2b47b884cbdd921344ab8827e4b75457c424b3bf7a,4213
project/chunks/chunk10/contracts/C10-05_contract.md,historical_artifact,2eacf5247c7b1197fad8997f24fb11cdedf6588b7736aae67e973394f79795a6,3470
project/chunks/chunk10/contracts/C10-06_contract.md,historical_artifact,75b499415d53fa4bd0652a55f46c13db555411bf0a332a217756514112b26bca,1849
project/chunks/chunk10/contracts/C10-07_contract.md,historical_artifact,c8f26360959b479036609604f20134df0f78352aeb39bfc2bd97800aecf93592,2466
project/chunks/chunk10/contracts/C10-08_contract.md,historical_artifact,f0f3b88ea9913c1b5d83b52dbf08c4d34db9214c1ad0ead005bce334471b2203,2695
project/chunks/chunk10/contracts/C10-09_contract.md,historical_artifact,d246dccd43dd4ba7675f7f8c49e1c9390a60c89390b24c84390d7127e2058258,4059
project/chunks/chunk10/contracts/C10-10_contract.md,historical_artifact,da38a16da0740e9885ee78424f28e202380911fc18947c0bd32d4ebc8922e8ea,2312
project/chunks/chunk10/contracts/C10-11_contract.md,historical_artifact,edea934d7d44e58171ee17a1938b94f2deb7cd7f43d204aab8d6aae3ac97f8df,3923
project/chunks/chunk10/contracts/C10-12_contract.md,historical_artifact,f8750d8823eb6b088551cffddb070445d2c8df08d1d8bc3b227389d251808a5e,1802
project/chunks/chunk10/contracts/C10-13_contract.md,historical_artifact,5965345cf83a25a18fddafe48ad85ff5981915b1c62f571308f267fbd36d589d,2875
project/chunks/chunk10/contracts/C10-14_contract.md,historical_artifact,ab94440bf8d61843825f377073d39b6b74f95edd7b93bff47cb8bb6003f50eee,2064
project/chunks/chunk10/contracts/C10-15_contract.md,historical_artifact,542858a95dc4ba44e77dc1fa5683b85701669bd77413590d2efb369032ee8c95,3014
project/chunks/chunk10/contracts/C10-16_contract.md,historical_artifact,7bb6a044d13240b7fb69b096c0a387c42cee1ca8dd11809cc98b01ebf287057d,4822
project/chunks/chunk10/contracts/C10-17_contract.md,historical_artifact,282c4339cb852ccf87d2288c0f0dcb3cd7eefbbb3ccda047ecf9897064d58e09,3200
project/chunks/chunk10/contracts/C10-18_contract.md,historical_artifact,edfb5f70c07e3cb59231ab51f9eb8c7de5180d1e191ce3a333c67e2350d04411,4840
project/chunks/chunk10/data_license_manifest.json,historical_artifact,cf9bbeb44a512c2cc4b0dd6f86a1cdf13fbcb7fa28785b86c9003b4628914abd,4514
project/chunks/chunk10/effective_sample_audit.json,historical_artifact,735a392428563d51f6f43c5fde84810e38cddbf5bf99c2f1f49e572d943e5aa3,2490
project/chunks/chunk10/execution_manifest.yaml,historical_artifact,89ac54557fee6e1987ff629bf43c374dfd7b5e702ff1d32f2ea53092f7810fe4,12678
project/chunks/chunk10/falsification_audit.md,historical_artifact,e1a56928029579976d9d1aa339300c858a0bc003d11f67305fd127c2bb679c95,7582
project/chunks/chunk10/figures/ablation_bars.svg,historical_artifact,26053962668475352f7c2794859367d54ce47a4224839c099f34fa65a45e5893,105563
project/chunks/chunk10/figures/architecture_diagram.svg,historical_artifact,6ef8686b6782a36f940298a2bee8b4b942809d8bc7097fb26b0fe700b8885d12,120700
project/chunks/chunk10/figures/basin_map.svg,historical_artifact,638c5546e01f8367065dda61edc9fb55d354c6c338c707dcdabab62648551762,58853
project/chunks/chunk10/figures/km_survival_curves.svg,historical_artifact,eda5ea3023aeea4f56c6dea50d24984352a905211c2a8e3fd5c37272e33caf95,75391
project/chunks/chunk10/figures/label_budget_curve.svg,historical_artifact,84833a2fad5118ec083b57d7f584183e3be62255ed3d27b323655a9061eb4e95,77606
project/chunks/chunk10/figures/per_basin_auc_distribution.svg,historical_artifact,d42f03ac4da2a73b34109d19a5a2cda17ceab8530425b3c72812d5402a9ea8b0,76407
project/chunks/chunk10/figures/roc_curves.svg,historical_artifact,c2b4fbd160f62e2f2e9d526501c9e3174d0c41cf78e0b9432c022a35b9c974d8,77271
project/chunks/chunk10/final_results_manifest.json,historical_artifact,c01bdc1d3d94846f773122bff06b61a30e7fc5b8d2eebda14197c395c69db64a,2054
project/chunks/chunk10/h2_cohort_accounting.md,historical_artifact,89d055c5d3d4d9d61c06280fa6d57164b11954d3aa4ab6b4680bea60a443d653,5731
project/chunks/chunk10/methodology_adversarial_review_final.md,historical_artifact,f6c0b0ebeee034a8bb117616a83f2459fcc9a43e08c5233a8fa7f4fd94f6bca9,14827
project/chunks/chunk10/plaintext_integrity_and_remediation_audit.md,historical_artifact,613cc2a1f33419ff2a4c008b1d6c892d07d6956dc652ea95a35dd355e43b5a39,5131
project/chunks/chunk10/reconciliation_report.md,historical_artifact,aa2841ead32348b1647cd3acb9d7b60bf26dbad1ffe680be31a140ed3ce916e7,12682
project/chunks/chunk10/related_work_citation_log.md,historical_artifact,6de23d8cd8ea48e35aeb2482bf24953af67838b5a3614123df5284613b2eb08c,5571
project/chunks/chunk10/reports/C10-00/contract_report.md,historical_artifact,9bf5979b5277e18b5a4bceac9eed60d756152af2d9cee1b6a778343c3cbedcb5,5218
project/chunks/chunk10/reports/C10-01/contract_report.md,historical_artifact,bc9ca834129c153e82ece5b5b7483e7720811ebdddde60c32baa6700c104d8e6,4583
project/chunks/chunk10/reports/C10-01A/contract_report.md,historical_artifact,861d40c2d37650f36ad7b536d0803e6cc7738eb28323233695a5f8011ce5a957,4472
project/chunks/chunk10/reports/C10-01B/contract_report.md,historical_artifact,61ba1d91f248bda07dfa747fb0947e61702800323c70feaf70a1f38283bb668c,4192
project/chunks/chunk10/reports/C10-02/contract_report.md,historical_artifact,65a9722b0f397824fc1d5045a7ed8d71986b7dc3fa26f1c345af60a1eac44d16,5012
project/chunks/chunk10/reports/C10-03/contract_report.md,historical_artifact,7d931d5404786f72da3c11e3f37e009cc6baf03ae923185b16954c1d1ca4726a,4258
project/chunks/chunk10/reports/C10-04/contract_report.md,historical_artifact,f73f916fa89c1f10d767d436fd97c6900bdee5e49899a5ff4b15351caf1341da,4603
project/chunks/chunk10/reports/C10-05/contract_report.md,historical_artifact,3fdd7b1295c1c5acba8f366f5f7f70b334b77019a4adde5086c6f8d4f9047837,4263
project/chunks/chunk10/reports/C10-06/contract_report.md,historical_artifact,e52ef55e06ec0c98a07a94532415aa20c8765a1b1bade336bfd4bf13c85b4316,3087
project/chunks/chunk10/reports/C10-07/contract_report.md,historical_artifact,749a3a5691491166d90a16e68c5ebde40072f2ddb8da06dab31f11026c49f81c,4078
project/chunks/chunk10/reports/C10-08/contract_report.md,historical_artifact,1109d9b1fa6f0e45a16b0e091fe960f3dd384fd61cddd0c301a444bba043c83a,3899
project/chunks/chunk10/reports/C10-09/contract_report.md,historical_artifact,e80450fecc4edbab73e5bd0d09960c2aade43f043e8c8957877c77bf79d09927,3823
project/chunks/chunk10/reports/C10-10/contract_report.md,historical_artifact,83302469f381e790345f3328efbe75af6df23eea20c8ae79aa9fba7680ccafde,4906
project/chunks/chunk10/reports/C10-11/contract_report.md,historical_artifact,3844b2da692a1e160a38800337fcc31d54c0a96fc653d12322ebf3336509e468,6194
project/chunks/chunk10/reports/C10-12/contract_report.md,historical_artifact,36a13dbd066f5b2981a00ad578ae0fbe988346f396843321d52e26a3ca3e485c,3176
project/chunks/chunk10/reports/C10-13/contract_report.md,historical_artifact,7586bb0247ed209aad760dcaad94289ddcebb8c9781753e218ce7a4a2f91fb5f,3506
project/chunks/chunk10/reports/C10-14/contract_report.md,historical_artifact,64f342e5a990d3da66b27382f959cdf5bde5025dd3d9b91c64e0438a89279edb,3345
project/chunks/chunk10/reports/C10-15/contract_report.md,historical_artifact,ac405ac0e8890e7276f1f84ed90d3166ba122b681a385e52e2ac51cb7452f5a4,3390
project/chunks/chunk10/reports/C10-16/contract_report.md,historical_artifact,56e12c9c950c0a1d8585c1be616d71e7beff1ee496afeccf00ff7d5621eee4a7,5285
project/chunks/chunk10/reports/C10-17/contract_report.md,historical_artifact,efa342391c0f7d9ecbdde9f56bfb8ab42c24e9adf9f6bb94e1d0a5a6239d8e12,3804
project/chunks/chunk10/reports/C10-18/contract_report.md,historical_artifact,a9e34cb8ec67de9c9e5a7fe66572c7cff3c414b353edba201f3970ddbe682269,4050
project/chunks/chunk10/submission_package/authorship_and_declarations.md,historical_artifact,d32cb3d77ebd96d413d7f4a2367f49e2f9e09507c3e0859107cca53561571380,3359
project/chunks/chunk10/submission_package/cover_letter.md,historical_artifact,cda12a896617bec8de746a91b261252bfc59b4e41bc8daaf636d600ec9048d7a,4387
project/chunks/chunk10/submission_package/data_availability_statement.md,historical_artifact,1b86946e607d4bc4ba6a044d2a6d3f87a933ca002be4abac0590a256a9e054d4,3000
project/chunks/chunk10/submission_package/highlights_and_significance.md,historical_artifact,111a288995b44284e057106f665e23b24c42da9b4e217274c03c3c2bbceaa9aa,2833
project/chunks/chunk10/submission_package/submission_checklist.md,historical_artifact,9f9ffc7a680b2ae3aec2b558abb8c27e738de502bc7f7abd2807b7e4e57940a7,2429
project/chunks/chunk10/submission_safe_scrub_report.md,historical_artifact,dc40e5fe7603c1664503b432fa8b6c8b7994c2835a28d0f4094ef67f5d0dcc35,3899
project/chunks/chunk10/tabular_schema_audit_report.json,historical_artifact,88199b436cca16244fddc9e077e0cf632f637a7fe83e6c95320430c615e5ecea,152308
project/chunks/chunk10/tabular_schema_audit_report.md,historical_artifact,ce218982998ae6969d0116bed4ce9dadbbcc7ed94248249f6cafeb64884a5740,9772
project/chunks/chunk10/venue_compliance_matrix.md,historical_artifact,9a6dcb40028f90301f1fdd9e02af454166e02c239e80b021b3e14e26aa8425a7,3470
project/chunks/chunk10/venue_decision_rationale.md,historical_artifact,7479dd331c0fb3670442196ad79fdb13b8a58311aa5af7c8d14cc4fb52737643,2820
project/evolution/decision_log.md,historical_artifact,978ecb174cd9efc109fadf93f91eb4eeb508d7cfa3598f6b522348da1188ce60,46012
project/evolution/telemetry.jsonl,historical_artifact,fa7da0cdf8b61562528aa1b2c03c24f8af682b475e8ddc7448d0fd5c32caacbf,38456
project/factory_info.json,historical_artifact,4c5745e680b14676dc52d5abdafd950d8388127d1058132209e06e00f2c32b6e,290
project/factory_info.md,historical_artifact,e83024c4d32e54b34b020cdaea842fbd90928d0362bbc8ce0fa2c064e2a991e5,273
project/invariants.md,historical_artifact,d7f8782b984fa3ada98be5d280e85d925940c057310d8d5b4b6cee1596b87cc1,60631
project/key_facts.md,historical_artifact,f89e27785b37fb9be7b5d49fafec5de5cb694bc84ff70e567e21f48fad445419,25661
project/methodology_adversarial_review.md,historical_artifact,6bb55457a0b3cb6b722d46642e30a19c67e3db62bc20f31e254f03125027b009,18073
project/project_description.md,historical_artifact,d1a09297de95e27296de207a78c6a20ae398014cfb2052d0e43741f7247cc437,58689
project/project_knowledge.md,historical_artifact,97f8a744f26a22b4d946e893698c010af2aefacffa42c6fc0e25fe8c58454286,87223
project/roadmap.md,historical_artifact,91e5e884771e1da287ca6879bd8ac8a94cab40eed0a972b519a91232c9e1abc7,40821
project/venue_requirements.md,historical_artifact,d74d5bac307930523b6174ac5f8747b22af9785c4e9f37b98dd60e30e5116da9,42403
proposal.tex,historical_artifact,2a98f9217c9755072f8b530e09554d2ea826d4cf50c44f716348b07af8bf6735,50502
references.bib,historical_artifact,3c6c525fc700ee2c161a242ac650fe6399fe0d749de049cc8ad9f6d911669fbe,4579
requirements.txt,historical_artifact,b1889fed1806432fc097d3faf70111df2aa46a534b702618b9c47881726ea8b9,387
source/.DS_Store,cache_or_os_metadata,42e391956ec4315f593afe4adc0016141873ffa0e3f0ce6535a81f00ca31ddb4,10244
source/__init__.py,primary_source,257ce0a450fcfd852f260fe99e4b051e9a8378d2bae3c1dd7fb5b512157f504d,37
source/__pycache__/__init__.cpython-312.pyc,cache_or_os_metadata,a758837123f9f16670a9fdeaa1bfe519782728f29d5fa0eb585ca3901d4da018,194
source/ablation/architecture_ablation.py,primary_source,9116a201f14bdf96f7c133b5945df047818197c2302f143a35fbf8577936c214,12139
source/ablation/audit_title_claims.py,primary_source,e870f2899c079529e5a5fcd117721dbf9781e7519bb332bc98c722dd3f72f7a8,11818
source/ablation/causal_masking_ablation.py,primary_source,68592f70a1850ec03129961953e88bddb76e0282d9e4e8db5d37b2bc2e25c911,12744
source/ablation/hyperparameter_sensitivity.py,primary_source,3110eeac533beefb3c65e3d1ce990745404a87a58d1906131c8dfb656fd2c791,11406
source/ablation/sensor_ablation.py,primary_source,c684250470ab5ee40723f4bdbc4349c64dadc9769ca4fec16644c5e9ea739159,9276
source/ablation/verify_chunk08_reality_gate.py,primary_source,a734ec6737fa75378a3d1cab7bc4942d2e5b2ca31430368f72f2972947a17990,12494
source/acquisition/__init__.py,primary_source,d8df186c90c02bd80957cbf45829cc979f53d071c8e7a16aca59507b68bf7ea8,42
source/acquisition/acquire_attributes.py,primary_source,415d304fa92cec27372990cc0f9fa819c0d7b1cb1bf64306b4c05d52d696ac70,23532
source/acquisition/acquire_attributes_full.py,primary_source,93ffe7adef8e7f73e8fcf1baa4f166ba5f1eaf08852dac35f5e5b9835700efa3,13442
source/acquisition/acquire_events.py,primary_source,934260a1ec90122f23984ca4b50bef3efdaec6bf89caa04d92d5853ea3c364b4,18588
source/acquisition/acquire_events_full.py,primary_source,4d9687862686dc8f734ef33750acd3187583078320cf1180c6d7a5a610d3894a,17304
source/acquisition/acquire_gridmet.py,primary_source,04c064a992add9b794b97fae8505bf71a0aca0423f645a8195c35ce799984cf9,15684
source/acquisition/acquire_gridmet_full.py,primary_source,1600446c623bd665a61b9950da55352ad82bcfa2b25b96481d68d13148e5321a,16970
source/acquisition/acquire_nwm_retro.py,primary_source,3ea418e63d5a8500945587913dc71e5b1bfd653536006253e9868048a27bd885,9635
source/acquisition/acquire_nwm_retro_full.py,primary_source,3e56dc39e4ec47a96303dcdd08410a76238a949b23cdadd6fa5d3b70d09b7c32,11912
source/acquisition/acquire_snodas.py,primary_source,5d241ea6366f8c5ce4e5aa931a3592c76d733d17a3f987b91aa0f93a360243d9,12978
source/acquisition/acquire_snodas_full.py,primary_source,e9e41fdc40fdc3598cc44bfa007eee853e55db20355a63975d7d7ebb1df09c82,14126
source/acquisition/acquire_thresholds.py,primary_source,19a01bff7bcc0a99b2a689c618c1a0c5a602870ac53d11d5591c7b2f033dbab9,10395
source/acquisition/acquire_thresholds_full.py,primary_source,c391bbd6c51570c71d74b85e9e382f170f175c161de534ed920ff4482f6ae12c,13120
source/acquisition/acquire_usgs.py,primary_source,4d03ba24beb7f4fe61cf1c9a4cd7805c91fc454a6c21a24ceea4542778c0a641,13604
source/acquisition/acquire_usgs_full.py,primary_source,75f5e95d56832a2709d08ad71a0cdcfcc85d9463424ff17d65c8c089e990e502,14983
source/acquisition/build_stratification_report.py,primary_source,3db0f9adf1bca94416434e8558507f6cb8a05e2d218e54e493d46dbf6de19b0b,13766
source/acquisition/compute_response_time.py,primary_source,c318b9cffa977a4d169015d5bbed072f5e35806ec9dde21b33a8aa7035b9f9d6,11768
source/acquisition/compute_sample_adequacy.py,primary_source,b67b1b55895d57eb06143a23a5fe68a7e8a14d3af5e09befb9ca3c3bf63f8ce5,10480
source/acquisition/precheck_nwm_operational.py,primary_source,fbe5e6bfc245534bcdd07ab76be23c783716ead7ece0de180b1ffe80404e9d3c,5997
source/acquisition/select_full_panel.py,primary_source,649fc55789e1719bb6eb4bdb0ba0d94717ecc4d7e7a02f6b49143488f22501c9,31224
source/acquisition/select_pilot_panel.py,primary_source,56c05a50f7cae839d99c6ccdd056c80d72e95f43f149b6c0fa86a79d748acc8c,9336
source/acquisition/verify_attributes.py,primary_source,ad809fe827b7665bad7acbbc7af404c75c69902a177fadeb7e7991406160c3a8,5027
source/acquisition/verify_attributes_full.py,primary_source,abb1bf41b454f6cec25a1e1f1837c4bf59f356e9deb5e266648972e6a75bf0b7,4301
source/acquisition/verify_events.py,primary_source,07ec3df72a6ab4da68880fc8cf9ab223865aba2538dd52b71dd19373261520df,5271
source/acquisition/verify_events_full.py,primary_source,4fd6169e8f0387bee9e97e6948c89ae273adce6e393c9c15059ec85e11d55079,4834
source/acquisition/verify_full_panel.py,primary_source,0d45bb449018107871d78fb812ad81599a98001c7ce83a26c6aac2bc2a278ffb,4288
source/acquisition/verify_gridmet.py,primary_source,7ca78dea3e1fa848d7fedf500f290a408c10f94bdb26c1838c5890b065a1e818,5528
source/acquisition/verify_gridmet_full.py,primary_source,71e7530ab995dbb215150cbdf179002a011c04e7c5a5650f63fa01453cbdd9bc,5155
source/acquisition/verify_kf113_declaration.py,primary_source,dbe58362bd10dde03d8e76491d2735af07a298a49e20d277773f767eec991ccc,2537
source/acquisition/verify_nwm_op_precheck.py,primary_source,3cc681533bd9f3de4cf3a4c20f6e770f6fb74974ed82984553064ae08bad3225,2606
source/acquisition/verify_nwm_retro.py,primary_source,67911b509996972f8d42d9910421cd6ad35cc6fd2b00a810daac20c8f94072ff,4708
source/acquisition/verify_nwm_retro_full.py,primary_source,123941e623db4144248fabb0abdce94f66c224b3e05e54b9b8461535e56bc600,5405
source/acquisition/verify_pilot_panel.py,primary_source,57601d37b20c6d4dd7e6fd10eec94b9528b75d5f24f9cecb8cc165c4c22e3aba,4277
source/acquisition/verify_response_time.py,primary_source,8c370fc33958c82c8f4abe0f0c77deee97135181c272e9247e2a57c6154938bd,5215
source/acquisition/verify_sample_adequacy.py,primary_source,b6802206f5469c4e3251fbd10c0757d05f1004b638135b6a0c06082a18222911,2857
source/acquisition/verify_snodas.py,primary_source,fe64682b0a8eb46153e9e08657681b0bd2238f0a1084ab58ad5d9f568ddc80d7,5321
source/acquisition/verify_snodas_full.py,primary_source,d51699a40538d5f7036434c97862f09c1229f0bcf440bfdb1e3f9006ab109189,5013
source/acquisition/verify_stratification_report.py,primary_source,4b673b6cbaed66f1d08c3759cecbeb798f99e2afd3989555a43faeea14b7cd20,2556
source/acquisition/verify_thresholds.py,primary_source,38fde3a3b0974446a51c18fffa875f6f1b903a9dda63f7e4a69e680f56089328,5275
source/acquisition/verify_thresholds_full.py,primary_source,5ba784a2f39703459ef57a9cc495fc833e257eb62e62ef07f0b9e425f8e3d62f,4806
source/acquisition/verify_usgs.py,primary_source,9bd3655889d0f19164c2f06da5c689048321346001554a4a689e2caee8acc6e9,5056
source/acquisition/verify_usgs_full.py,primary_source,68f26455d15a25696412c363fa9e453a6f3f4875cc76d6b3dd6a93e2b48de487,4590
source/baseline/__pycache__/baseline_sup.cpython-312.pyc,cache_or_os_metadata,79f677c92475272803f2764846850e097216f80bc449caff129d952ce0fe5778,15241
source/baseline/__pycache__/ea_lstm.cpython-312.pyc,cache_or_os_metadata,de3a07203501c8e55498fd635d2b466008f55a5595e0776a4495b25d467666f2,5211
source/baseline/baseline_learn.py,primary_source,baaa7a38ffa3a67640bdb2a85481b4fcf5f5bbdf361c7119cf3215d2944aaa27,10411
source/baseline/baseline_op.py,primary_source,bfe9d099ad07fda410f3dbe7833ceaba4641504b1d6498fee8726b26f4c9bc24,7676
source/baseline/baseline_stat.py,primary_source,5db6048ff73d31ed58d5da20d280b7a40283f833ad6fd7bd9c86c48963a36b4a,10201
source/baseline/baseline_sup.py,primary_source,76bee413e06350cec638ab71c15f9d08810073900d5ae0908e334ba0b1778a19,10503
source/baseline/ea_lstm.py,primary_source,ae5890ae8a99707810ad311e56abfee2d5e7cfc4d539c5aa7cdaa8885d7b8315,3056
source/baseline/label_budget_sweep.py,primary_source,8c241750c9fdfa16f4766da06c2dbe37be66d541039909ba1c3892205ccb8973,11002
source/baseline/threshold_registry.py,primary_source,266c14c79451633a8a19e2277c5df51a7a333273b193af7767be80151163b6cf,6883
source/baseline/verify_all_baselines.py,primary_source,a6bf89d6e9c1c712a777af2fc34ab4e935007a4105abffe46439d8d09e2c37ca,6519
source/baselines/__init__.py,primary_source,e5524a8151930a8ab64d16aeeffdc292768c33f4a687654b73721b754867a774,45
source/encoder/__init__.py,primary_source,965b853c8378cc21aa2eacbf44b5e83e0da19df21b6cfdbbf67c161c4301dfeb,57
source/evaluation/__init__.py,primary_source,9cbcdc8c41f7e722c4eaee0d1d11ed93664e74cb03ce84acef6bc56dc38e28d0,43
source/feature/__pycache__/causal_feature_matrix.cpython-312.pyc,cache_or_os_metadata,1d2d9fa36789d5fcde1c7221821448dcbfe5bd09acfb7945a9a4ee45da775906,12614
source/feature/__pycache__/feature_windowing.cpython-312.pyc,cache_or_os_metadata,f3730cf99efa04265d778ed1fc9e222b2559602df5b8baf46bfd36b5f310260e,10430
source/feature/__pycache__/split_generator.cpython-312.pyc,cache_or_os_metadata,1bd33e3712820090713775f3417950aaafb0d0196610169e4680102733e798d1,11972
source/feature/__pycache__/test_causal_correctness.cpython-312-pytest-9.1.1.pyc,cache_or_os_metadata,c6b2eebcb1d7f3064b1305c05a602ed59a991a4b7e851ad41f12415a57759909,5285
source/feature/__pycache__/test_causal_feature_matrix.cpython-312-pytest-9.1.1.pyc,cache_or_os_metadata,00f008fc66a409ecb72d1c655bdc9c9bccf8df40f502fce73efcb0a8def190fe,4432
source/feature/__pycache__/test_split_correctness.cpython-312-pytest-9.1.1.pyc,cache_or_os_metadata,7b338caf0bb59331bed732734ea3424b6a900ef9edf49be9d968955db3104625,12176
source/feature/__pycache__/test_split_generator.cpython-312-pytest-9.1.1.pyc,cache_or_os_metadata,8a6954c0f16fd6931c278e97c169d50264bd5b867d2643d9cdf950300cd11a1b,6056
source/feature/causal_feature_matrix.py,primary_source,59d1df249b1b036e787f27df695ad4eb8a6035ec7061bc486d7356188ac6cb23,11866
source/feature/compute_normalization.py,primary_source,4763410f26bc8f648acd3c1047bf7b84be0e47315e4622302a40df472abde2e0,5642
source/feature/feature_windowing.py,primary_source,c53630f98b2f11a452be21c89387938bc49ef7f522d1aaeb006a76f0423302d1,8926
source/feature/latency_registry.json,primary_source,6b4727f57fb606354200c0fa256c5545e816f00942ba84f013d91986f3b08f26,2118
source/feature/recompute_causal_check.py,primary_source,e03ed23a42d3a56174003fe85611c7804cc151e75258da2a4238538b97a27671,2756
source/feature/recompute_split_check.py,primary_source,64277d95d64441ca62fd61cc81e4910644d1dedcf569636d51dc0cc6919565d8,2937
source/feature/split_generator.py,primary_source,305e345dbf22029e37c1fa6759a666da4bdb8850b25126ef46ab500fc591aa04,9755
source/feature/tag_eligibility.py,primary_source,a991f4b842aa25a22c9634d08056a9a4d003d12d743f9e1ff308335a8c465fb7,4511
source/feature/test_causal_correctness.py,primary_source,6e9e1f7ef3bb39d8b903ed53175d1b99b2a4fcc0f9ace8356d41f644b69000a9,4827
source/feature/test_causal_feature_matrix.py,primary_source,e281eede16a0799330f5a5676a24f233bb28724847186d2e2d2d489d8dfbeb5f,3528
source/feature/test_split_correctness.py,primary_source,a3a1ce228178022068ec1755c2eef5b8dcb18b64a769b6209ed93790bc4478cf,8219
source/feature/test_split_generator.py,primary_source,efcd3e7e00ba1ab346c69dbe84f00f00e471af337f9385cba61008fcd4282666,4334
source/feature/verify_eligibility_tags.py,primary_source,435ea5e6105ea215aa909b4f65f748c42bccea496d7242726c2b56e726c10b38,3657
source/feature/verify_feature_matrix.py,primary_source,071405e65ff1be817094492fcc6ed4113b122c664f7f87c029993709c04f5aa0,3656
source/feature/verify_latency_registry.py,primary_source,c679bd6859a8be107cbdecf89469b5cb71a0452cc707398c00f0801406af291e,2579
source/feature/verify_normalization.py,primary_source,13b5bf7582d4c16baa43633d5011f55776eebf00f42a2202435ab1fa1372c14d,3605
source/feature/verify_split.py,primary_source,60c659f0c0e488b00f2bf65f1c1768cb9e8874a8d3168ad6ea56156cbe73306a,4946
source/feature/verify_vintage_ledger.py,primary_source,7e2d06e422e172cf9df01d15d2fd982a49e9958a18e75fc4f1acd5b12f343d55,3528
source/feature/verify_windowing.py,primary_source,9688a7c6619ae673e9cacbdd3546faa4afd26edcf483a9da902308e5ec1cce14,4361
source/feature/vintage_ledger.py,primary_source,0bdea55fd9d4a3cea2eae72fe6f5e9bfddafc21de42490001666b79d54d5fc84,7174
source/features/__init__.py,primary_source,9868814ebc9ef6aea53634dc028791b04a70c4795279444606063ad284a0c500,59
source/figures/fig1_basin_map.py,primary_source,cd0c15ac83b7a1b0ce9d39b34af21a094fcab1cf1c755f58d154c7614d46fc11,5400
source/figures/fig2_roc_curves.py,primary_source,fb8f39a57ea2f72626f1191a92698c0e044675a49498cfe360f3bc74cec553e6,3944
source/figures/fig3_per_basin_auc_distribution.py,primary_source,71211de5d01f868b16434027a4bbd15333ba63fb110be123502c76a171b90c51,4527
source/figures/fig4_km_survival_curves.py,primary_source,93f5f8606ee00084567647964f64972ce7a41a64a8193604cc8177d4bb1bca97,3770
source/figures/fig5_label_budget_curve.py,primary_source,915794260e1c42be1eaf0d15a392f1184d23a718b820a9149a6a317f42342242,3499
source/figures/fig6_ablation_bars.py,primary_source,76bd48d469b4b8f67ec9497637161c1e31a3caa87acd89151051fa96e089da36,4033
source/figures/fig7_architecture_diagram.py,primary_source,41576f62077e94dc70ba151aef2310eff58cec23b13af35f4f6057841875e04b,4953
source/gate/__init__.py,primary_source,3dd4c064a21fa43e38d6471da0e6fe6dc4f97aae057ceaf20f6d5b5ab59e50b7,36
source/gate/__pycache__/__init__.cpython-312.pyc,cache_or_os_metadata,1819ad0c9a175053e6e4387de074aaf9eb03cfda1aa7465d5b060032620d7d42,198
source/gate/__pycache__/reality_gate.cpython-312.pyc,cache_or_os_metadata,76bb778403b39fe6c16cac199aba6b1710b0a332c1292833c8b7a74088f4fbfd,16197
source/gate/__pycache__/test_data_level_checks.cpython-312-pytest-9.1.1.pyc,cache_or_os_metadata,d03b4b5efc75427e4b61cabedc7bd782eb60b34211d2f124d012904a9cdb074a,6320
source/gate/__pycache__/test_reality_gate.cpython-312-pytest-9.1.1.pyc,cache_or_os_metadata,27d4ca45fc2c1992fca0ca0a35f6aba95bfc4bf5efeb842e684055a7eb8df6c1,8420
source/gate/reality_gate.py,primary_source,3cf0d27d0ad1eda775b56c865b0137cf3b2b3f37bff5873f7d4b09851c6a0bf9,17496
source/gate/recompute_provenance_check.py,primary_source,f781c81b6196b5e3eb4cc4c63e4a47a4cf92f2cd74a701aac33ffffe32a33611,3546
source/gate/run_reality_gate.py,primary_source,c2bf1d3cc12b68e1b2c8233f6b94fffc577e27c8ca2edfc0a4b59c64aba54f5c,7004
source/gate/test_data_level_checks.py,primary_source,54397beca91542052735ea96756847d1a2776fb89906e93de4f85961178a6851,4606
source/gate/test_reality_gate.py,primary_source,86d80dcc8d183151fa06ef4a0086c565ab9ddd680f1c96c0b7987301e57d0713,7152
source/model/__pycache__/c_encoder.cpython-312.pyc,cache_or_os_metadata,9a9c81cd1635aa38d6381a2ada1cdfe06c0ef495895094c24a1f900fc0ed8a6f,16780
source/model/__pycache__/pretrain_dataset.cpython-312.pyc,cache_or_os_metadata,e4fcc6edde20dbe2c7b0aac018ef522e736d126ec6d8aadbe4c3ff6c17b46be7,10998
source/model/__pycache__/test_causal_receptive_field.cpython-312-pytest-9.1.1.pyc,cache_or_os_metadata,f01d5e884f071c51937e8c356feed0099a88d5820e10f372cdce32e0c2516327,10215
source/model/c_encoder.py,primary_source,f750e69cc013d3159fe6a4b5c63d032453f68266d16d4b46b66a9a55c3d9b42c,10131
source/model/pretrain_dataset.py,primary_source,3000c15c2eb04026490f90a3f42e6bedf5877363bced196b47c06a6909400495,8671
source/model/pretrain_encoder.py,primary_source,657a0d70eceeec3793dbaf14fe79883126b4cf695bfc1b987f389c7ff9ff234d,6675
source/model/recompute_receptive_field_check.py,primary_source,f6f50b2ce0070373f408b535fcfcf758e1cd8ae342199ef8e15162546c25bbf3,1777
source/model/test_causal_receptive_field.py,primary_source,0e0370a2ccb2d51f5b0fdc2508243cefb88faf1fef593751df535a35bb95fd24,7165
source/model/timing_pilot.py,primary_source,1103675ba3033efeb51f52450875c20d43bfbab6f4b2264955094f13915ca246,4648
source/model/verify_encoder_convergence.py,primary_source,80569185500870fa7b4b57ef4a8f81e14a01ad88cda23fa0a8eb1ca11051e29d,5924
source/model/verify_no_label_leakage.py,primary_source,c896dba9ef402d44573ece407bbaffaf92c42d8f40918dfa65ae825d29a008ad,4372
source/release/__init__.py,primary_source,c74005435f9cdbd789cebe9bfccbb0fbe9b9245e66671c31f36f47a7cad60572,64
source/release/backfill_ablation_numbers.py,primary_source,f9017e7870e93dcae342a88a272b30e932f453ea2ebf866cdd98f7c986f30800,6641
source/release/build_final_results_manifest.py,primary_source,ca8038d8a1e1f18e7e7408a3a0c1a0333e83b694a153c19a032a24c2487b1068,8446
source/release/package_replication.py,primary_source,408ce1467b1bc95f4582bce92b07d4f4b3765ce156ec9942a08ff2b7099630d1,19056
source/release/prepare_dataport.py,primary_source,05ffaba79f3b653adbc9f4cba78654b673a27a67bddf65536025059471006d28,13465
source/release/rehash_dataport_manifest.py,primary_source,e91508e8fb9a7e9dd956f61453aaf7d2a644253d6bd0fd2afdf214b1b0dea763,4158
source/release/scan_banned_claims.py,primary_source,a1c9417350836ea1f70b549eeea52b5afe2387a7efe6502ad204e2a4c456840f,10526
source/release/verify_ai_disclosure.py,primary_source,73ee8f23d5aea9f2f9e600fb2a803842e66e2734222ac3fe2acf82345ad24695,3130
source/release/verify_all_tabular_data.py,primary_source,fbce19c97dce49a29906f524a1544f0ee061ded30ff2087fb84c949e0c20e5fc,16786
source/release/verify_baseline_parity.py,primary_source,cc1f5187e5d7d04f7c7f26be60f22a72c430f2d97a7460097618a47b709370ad,11528
source/release/verify_final_synthesis.py,primary_source,2beddeeab84c9b93480e824131396c8cfcd85b18bcead43f3839ec2bb48f431a,9528
source/release/verify_key_facts.py,primary_source,318955ac1060f9b64017b14ba9c77451065f949ca19fefe463a14eda4d11f4bd,8995
source/release/verify_references.py,primary_source,8769ec1989fe2fe7eb6e0e68549ca7d46653a87852334fad07e543764477906a,5138
source/release/verify_release_integrity.py,primary_source,3abf17bd2ce1b25d49dd7f55d0bf49f4f20d65830b09aa418efd64bdab25dc2b,4042
source/release/verify_sc008.py,primary_source,f5a376bf6e3d3dc954ccc3fb712ce088d1cdd06bc4f8eb2d51e0056da59aa549,20357
source/release/verify_venue_requirements_refs.py,primary_source,9e4c88351850f22b8ddfb41178eabb1a2b6d72214b6d29ac21f59268706d204e,7744
source/scorer/__init__.py,primary_source,11cb20e6f195a23c2482a652c920bfb5997d30841010705df860a55759099772,55
source/scorer/__pycache__/__init__.cpython-312.pyc,cache_or_os_metadata,ace19302059217550781ceafb5f6721d9997119501c1ff893b6353465840cf00,219
source/scorer/__pycache__/calibration.cpython-312.pyc,cache_or_os_metadata,24f34a71432c134edd8278f547ef635d3508e737c02004022c9c24c5d2230547,11508
source/scorer/calibration.py,primary_source,9523a96dc39ff94a99caeb443b23e38ef3a5b7811510b4aca9003da0ce734c67,9536
source/scorer/score_a.py,primary_source,707b27b8efd0c109677bc98bc9e8e9926d425951e46e0aa47c6430c8f9076292,6761
source/scorer/score_b.py,primary_source,607be892956aeb2093dd101d779f61656218d08047a6898bfb1ba1187a15d559,6779
source/scorer/score_c.py,primary_source,080bd018af83ec5f59e4a0be93fdf127ff8be729d689c62ff9faf8882ea3cdb3,6930
source/scorer/verify_calibration_isolation.py,primary_source,5c0fc4faac63fa02188ebd63604f0cb7b3bb751b097d1cc7c6c70b85c1abbff8,6303
source/split/__init__.py,primary_source,70af8783c1553e9c387a9c5e0935d00f0f84025f2066383fa8386b2b8b9b9949,56
source/stats/__init__.py,primary_source,4effa0fdfcc6a4ade2ea1dd199336d74665626b6e984d1b562bf36d6f5377b0e,52
source/stats/__pycache__/__init__.cpython-312.pyc,cache_or_os_metadata,32d6280612ed9884138ebac064da2ff019baeb6a44173cb6e2a0d4bfdc1a2070,215
source/stats/__pycache__/eval_discrimination.cpython-312.pyc,cache_or_os_metadata,39f9452d34f6ddc909d27be7edb49303b61eb7d1d8db53cae71249327e7c09ad,21139
source/stats/__pycache__/test_metric_dispatch.cpython-312-pytest-9.1.1.pyc,cache_or_os_metadata,2ea43de7e03465f53914d2f9d86fbe2c23224e6f14bb015d8dab668e5393ab6b,10959
source/stats/collapse_events.py,primary_source,8d17e1f7d0361cdbd82eb0841101797ce9219eb8890c23b1cf6baa15bb9e9176,10898
source/stats/effective_sample_audit.py,primary_source,d7f9356c7e7c217c18276ab23a9626dc7f89056e98ce83624f56b7da496fea81,11864
source/stats/eval_discrimination.py,primary_source,e5e964ecce36c336d18bc9e69acd1c1e8777bf1a784832cd6d1bd3e1e4b862b2,22973
source/stats/eval_lead_time_survival.py,primary_source,cd33f63982ae98227a4f48cecb9bb12a9c171a17bcbf730a9dd2d3b09fd42348,19299
source/stats/eval_sample_adequacy.py,primary_source,987677eeabe4b2e8a57ecdd9bca1ff4a9c752f9701b0e63e6fac0392f4ef2916,8491
source/stats/h2_cohort_accounting.py,primary_source,5d92d7e792307eefbbc0b711c0c1e8eb4f880c994ceb1700a9e05daa879fc36b,17209
source/stats/recompute_bootstrap_check.py,primary_source,1286a9a124ea450438c1e3d51cbf3a257ae5c25c3fe944185bfad6818a92bfbb,3192
source/stats/test_metric_dispatch.py,primary_source,d1fcb903fec1edd46436e763617ba81e594a1ebe925009f4d24baddb4328ef6a,10658
source/stats/verify_chunk07_reality_gate.py,primary_source,50517a2d1631bb503f9e244e0272c722dcb05d2bc87af54a603738f93eef6680,15993
source/utils/__init__.py,primary_source,265e91df149c6692895711bf636df1db9d981099567a0647a5f92ebb294b5d22,32
source/utils/__pycache__/__init__.cpython-312.pyc,cache_or_os_metadata,d42b107a06336e702ddd41f5719718c3fc783d8d5bfbef8d10193d77001f6f3b,195
source/utils/__pycache__/config.cpython-312.pyc,cache_or_os_metadata,36ac3ffdce22721b080e2b2b234a436b40c925491bb2e6468a3db7922262c4a6,4936
source/utils/__pycache__/logging_config.cpython-312.pyc,cache_or_os_metadata,e8ec67118741e6df459d9fbc0319b68a88077c1bb6e7b44b11aae826f0c922bb,1698
source/utils/__pycache__/manifest.cpython-312.pyc,cache_or_os_metadata,cc5f1b8ec04dfbfc7bb4ec35e67c46aeaf8bbdfb5e36f46afdf3e4a352893807,7151
source/utils/config.py,primary_source,7addb75295efae33bf5949ee0bbd82e74456b7f7a4b92bf928a2661be4a54de3,3667
source/utils/logging_config.py,primary_source,c6103c379758fd87b71f631d442ea97a7f724ef5ef0ed6ccd601398d4792dd6a,1045
source/utils/manifest.py,primary_source,6b5d1b5bff5cde11ed0d6b101de6fb2bceb017ecd393693afa4b6908f3a02fc3,5570
ziajxs70,historical_artifact,79a8d93103fb423cb9bcb8cc8334c7c5a34dfa467b29c4a85f3860435a2817dc,23162102
