record_id,origin,provider,site_no,parameter,timestamp_utc,value_si,unit_si,quality_code,raw_sha256
USGS_01434000_discharge_cms_20261004T130000Z,observational,USGS-NWIS,01434000,discharge_cms,2026-10-04T13:00:00Z,62.863399,m3/s,P,225da024e47e80910cb8da2b2d8c47d470b5793419dcda5ad1588cb68e73f67f
USGS_01434000_discharge_cms_20261004T131500Z,observational,USGS-NWIS,01434000,discharge_cms,2026-10-04T13:15:00Z,62.297063,m3/s,P,225da024e47e80910cb8da2b2d8c47d470b5793419dcda5ad1588cb68e73f67f
USGS_01434000_discharge_cms_20261004T133000Z,observational,USGS-NWIS,01434000,discharge_cms,2026-10-04T13:30:00Z,62.863399,m3/s,P,225da024e47e80910cb8da2b2d8c47d470b5793419dcda5ad1588cb68e73f67f
USGS_01434000_discharge_cms_20261004T134500Z,observational,USGS-NWIS,01434000,discharge_cms,2026-10-04T13:45:00Z,62.297063,m3/s,P,225da024e47e80910cb8da2b2d8c47d470b5793419dcda5ad1588cb68e73f67f
USGS_01434000_discharge_cms_20261004T140000Z,observational,USGS-NWIS,01434000,discharge_cms,2026-10-04T14:00:00Z,62.863399,m3/s,P,225da024e47e80910cb8da2b2d8c47d470b5793419dcda5ad1588cb68e73f67f
USGS_01434000_discharge_cms_20261004T141500Z,observational,USGS-NWIS,01434000,discharge_cms,2026-10-04T14:15:00Z,62.297063,m3/s,P,225da024e47e80910cb8da2b2d8c47d470b5793419dcda5ad1588cb68e73f67f
USGS_01434000_discharge_cms_20261004T143000Z,observational,USGS-NWIS,01434000,discharge_cms,2026-10-04T14:30:00Z,62.863399,m3/s,P,225da024e47e80910cb8da2b2d8c47d470b5793419dcda5ad1588cb68e73f67f
USGS_01434000_discharge_cms_20261004T144500Z,observational,USGS-NWIS,01434000,discharge_cms,2026-10-04T14:45:00Z,62.863399,m3/s,P,225da024e47e80910cb8da2b2d8c47d470b5793419dcda5ad1588cb68e73f67f
USGS_01434000_discharge_cms_20261004T150000Z,observational,USGS-NWIS,01434000,discharge_cms,2026-10-04T15:00:00Z,62.297063,m3/s,P,225da024e47e80910cb8da2b2d8c47d470b5793419dcda5ad1588cb68e73f67f
USGS_01434000_discharge_cms_20261004T151500Z,observational,USGS-NWIS,01434000,discharge_cms,2026-10-04T15:15:00Z,62.297063,m3/s,P,225da024e47e80910cb8da2b2d8c47d470b5793419dcda5ad1588cb68e73f67f
USGS_01434000_discharge_cms_20261004T153000Z,observational,USGS-NWIS,01434000,discharge_cms,2026-10-04T15:30:00Z,62.297063,m3/s,P,225da024e47e80910cb8da2b2d8c47d470b5793419dcda5ad1588cb68e73f67f
USGS_01434000_discharge_cms_20261004T154500Z,observational,USGS-NWIS,01434000,discharge_cms,2026-10-04T15:45:00Z,62.297063,m3/s,P,225da024e47e80910cb8da2b2d8c47d470b5793419dcda5ad1588cb68e73f67f
USGS_01434000_discharge_cms_20261004T160000Z,observational,USGS-NWIS,01434000,discharge_cms,2026-10-04T16:00:00Z,62.297063,m3/s,P,225da024e47e80910cb8da2b2d8c47d470b5793419dcda5ad1588cb68e73f67f
USGS_01434000_discharge_cms_20261004T161500Z,observational,USGS-NWIS,01434000,discharge_cms,2026-10-04T16:15:00Z,62.297063,m3/s,P,225da024e47e80910cb8da2b2d8c47d470b5793419dcda5ad1588cb68e73f67f
USGS_01434000_discharge_cms_20261004T163000Z,observational,USGS-NWIS,01434000,discharge_cms,2026-10-04T16:30:00Z,62.297063,m3/s,P,225da024e47e80910cb8da2b2d8c47d470b5793419dcda5ad1588cb68e73f67f
USGS_01434000_discharge_cms_20261004T164500Z,observational,USGS-NWIS,01434000,discharge_cms,2026-10-04T16:45:00Z,62.297063,m3/s,P,225da024e47e80910cb8da2b2d8c47d470b5793419dcda5ad1588cb68e73f67f
USGS_01434000_discharge_cms_20261004T170000Z,observational,USGS-NWIS,01434000,discharge_cms,2026-10-04T17:00:00Z,62.863399,m3/s,P,225da024e47e80910cb8da2b2d8c47d470b5793419dcda5ad1588cb68e73f67f
USGS_01434000_discharge_cms_20261004T171500Z,observational,USGS-NWIS,01434000,discharge_cms,2026-10-04T17:15:00Z,63.429736,m3/s,P,225da024e47e80910cb8da2b2d8c47d470b5793419dcda5ad1588cb68e73f67f
USGS_01434000_discharge_cms_20261004T173000Z,observational,USGS-NWIS,01434000,discharge_cms,2026-10-04T17:30:00Z,64.56241,m3/s,P,225da024e47e80910cb8da2b2d8c47d470b5793419dcda5ad1588cb68e73f67f
USGS_01434000_discharge_cms_20261004T174500Z,observational,USGS-NWIS,01434000,discharge_cms,2026-10-04T17:45:00Z,66.827758,m3/s,P,225da024e47e80910cb8da2b2d8c47d470b5793419dcda5ad1588cb68e73f67f
USGS_01434000_discharge_cms_20261004T180000Z,observational,USGS-NWIS,01434000,discharge_cms,2026-10-04T18:00:00Z,68.526769,m3/s,P,225da024e47e80910cb8da2b2d8c47d470b5793419dcda5ad1588cb68e73f67f
USGS_01434000_discharge_cms_20261004T181500Z,observational,USGS-NWIS,01434000,discharge_cms,2026-10-04T18:15:00Z,70.508948,m3/s,P,225da024e47e80910cb8da2b2d8c47d470b5793419dcda5ad1588cb68e73f67f
USGS_01434000_discharge_cms_20261004T183000Z,observational,USGS-NWIS,01434000,discharge_cms,2026-10-04T18:30:00Z,71.075285,m3/s,P,225da024e47e80910cb8da2b2d8c47d470b5793419dcda5ad1588cb68e73f67f
USGS_01434000_discharge_cms_20261004T184500Z,observational,USGS-NWIS,01434000,discharge_cms,2026-10-04T18:45:00Z,71.641622,m3/s,P,225da024e47e80910cb8da2b2d8c47d470b5793419dcda5ad1588cb68e73f67f
USGS_01434000_discharge_cms_20261004T190000Z,observational,USGS-NWIS,01434000,discharge_cms,2026-10-04T19:00:00Z,72.207959,m3/s,P,225da024e47e80910cb8da2b2d8c47d470b5793419dcda5ad1588cb68e73f67f
USGS_01434000_discharge_cms_20261004T191500Z,observational,USGS-NWIS,01434000,discharge_cms,2026-10-04T19:15:00Z,72.207959,m3/s,P,225da024e47e80910cb8da2b2d8c47d470b5793419dcda5ad1588cb68e73f67f
USGS_01434000_discharge_cms_20261004T193000Z,observational,USGS-NWIS,01434000,discharge_cms,2026-10-04T19:30:00Z,72.774296,m3/s,P,225da024e47e80910cb8da2b2d8c47d470b5793419dcda5ad1588cb68e73f67f
USGS_01434000_discharge_cms_20261004T194500Z,observational,USGS-NWIS,01434000,discharge_cms,2026-10-04T19:45:00Z,72.774296,m3/s,P,225da024e47e80910cb8da2b2d8c47d470b5793419dcda5ad1588cb68e73f67f
USGS_01434000_discharge_cms_20261004T200000Z,observational,USGS-NWIS,01434000,discharge_cms,2026-10-04T20:00:00Z,72.774296,m3/s,P,225da024e47e80910cb8da2b2d8c47d470b5793419dcda5ad1588cb68e73f67f
USGS_01434000_discharge_cms_20261004T201500Z,observational,USGS-NWIS,01434000,discharge_cms,2026-10-04T20:15:00Z,72.774296,m3/s,P,225da024e47e80910cb8da2b2d8c47d470b5793419dcda5ad1588cb68e73f67f
USGS_01434000_discharge_cms_20261004T203000Z,observational,USGS-NWIS,01434000,discharge_cms,2026-10-04T20:30:00Z,72.774296,m3/s,P,225da024e47e80910cb8da2b2d8c47d470b5793419dcda5ad1588cb68e73f67f
USGS_01434000_discharge_cms_20261004T204500Z,observational,USGS-NWIS,01434000,discharge_cms,2026-10-04T20:45:00Z,72.774296,m3/s,P,225da024e47e80910cb8da2b2d8c47d470b5793419dcda5ad1588cb68e73f67f
USGS_01434000_discharge_cms_20261004T210000Z,observational,USGS-NWIS,01434000,discharge_cms,2026-10-04T21:00:00Z,72.207959,m3/s,P,225da024e47e80910cb8da2b2d8c47d470b5793419dcda5ad1588cb68e73f67f
USGS_01434000_discharge_cms_20261004T211500Z,observational,USGS-NWIS,01434000,discharge_cms,2026-10-04T21:15:00Z,72.207959,m3/s,P,225da024e47e80910cb8da2b2d8c47d470b5793419dcda5ad1588cb68e73f67f
USGS_01434000_discharge_cms_20261004T213000Z,observational,USGS-NWIS,01434000,discharge_cms,2026-10-04T21:30:00Z,71.075285,m3/s,P,225da024e47e80910cb8da2b2d8c47d470b5793419dcda5ad1588cb68e73f67f
USGS_01434000_discharge_cms_20261004T214500Z,observational,USGS-NWIS,01434000,discharge_cms,2026-10-04T21:45:00Z,69.942611,m3/s,P,225da024e47e80910cb8da2b2d8c47d470b5793419dcda5ad1588cb68e73f67f
USGS_01434000_discharge_cms_20261004T220000Z,observational,USGS-NWIS,01434000,discharge_cms,2026-10-04T22:00:00Z,67.960432,m3/s,P,225da024e47e80910cb8da2b2d8c47d470b5793419dcda5ad1588cb68e73f67f
USGS_01434000_discharge_cms_20261004T221500Z,observational,USGS-NWIS,01434000,discharge_cms,2026-10-04T22:15:00Z,66.827758,m3/s,P,225da024e47e80910cb8da2b2d8c47d470b5793419dcda5ad1588cb68e73f67f
USGS_01434000_discharge_cms_20261004T223000Z,observational,USGS-NWIS,01434000,discharge_cms,2026-10-04T22:30:00Z,65.128747,m3/s,P,225da024e47e80910cb8da2b2d8c47d470b5793419dcda5ad1588cb68e73f67f
USGS_01434000_discharge_cms_20261004T224500Z,observational,USGS-NWIS,01434000,discharge_cms,2026-10-04T22:45:00Z,63.996073,m3/s,P,225da024e47e80910cb8da2b2d8c47d470b5793419dcda5ad1588cb68e73f67f
USGS_01434000_discharge_cms_20261004T230000Z,observational,USGS-NWIS,01434000,discharge_cms,2026-10-04T23:00:00Z,62.863399,m3/s,P,225da024e47e80910cb8da2b2d8c47d470b5793419dcda5ad1588cb68e73f67f
USGS_01434000_discharge_cms_20261004T231500Z,observational,USGS-NWIS,01434000,discharge_cms,2026-10-04T23:15:00Z,62.297063,m3/s,P,225da024e47e80910cb8da2b2d8c47d470b5793419dcda5ad1588cb68e73f67f
USGS_01434000_discharge_cms_20261004T233000Z,observational,USGS-NWIS,01434000,discharge_cms,2026-10-04T23:30:00Z,62.297063,m3/s,P,225da024e47e80910cb8da2b2d8c47d470b5793419dcda5ad1588cb68e73f67f
USGS_01434000_discharge_cms_20261004T234500Z,observational,USGS-NWIS,01434000,discharge_cms,2026-10-04T23:45:00Z,61.730726,m3/s,P,225da024e47e80910cb8da2b2d8c47d470b5793419dcda5ad1588cb68e73f67f
USGS_01434000_discharge_cms_20261005T000000Z,observational,USGS-NWIS,01434000,discharge_cms,2026-10-05T00:00:00Z,61.730726,m3/s,P,225da024e47e80910cb8da2b2d8c47d470b5793419dcda5ad1588cb68e73f67f
USGS_01434000_discharge_cms_20261005T001500Z,observational,USGS-NWIS,01434000,discharge_cms,2026-10-05T00:15:00Z,61.164389,m3/s,P,225da024e47e80910cb8da2b2d8c47d470b5793419dcda5ad1588cb68e73f67f
USGS_01434000_discharge_cms_20261005T003000Z,observational,USGS-NWIS,01434000,discharge_cms,2026-10-05T00:30:00Z,61.164389,m3/s,P,225da024e47e80910cb8da2b2d8c47d470b5793419dcda5ad1588cb68e73f67f
USGS_01434000_discharge_cms_20261005T004500Z,observational,USGS-NWIS,01434000,discharge_cms,2026-10-05T00:45:00Z,61.164389,m3/s,P,225da024e47e80910cb8da2b2d8c47d470b5793419dcda5ad1588cb68e73f67f
USGS_01434000_discharge_cms_20261005T010000Z,observational,USGS-NWIS,01434000,discharge_cms,2026-10-05T01:00:00Z,61.164389,m3/s,P,225da024e47e80910cb8da2b2d8c47d470b5793419dcda5ad1588cb68e73f67f
USGS_01434000_discharge_cms_20261005T011500Z,observational,USGS-NWIS,01434000,discharge_cms,2026-10-05T01:15:00Z,61.164389,m3/s,P,225da024e47e80910cb8da2b2d8c47d470b5793419dcda5ad1588cb68e73f67f
USGS_01434000_discharge_cms_20261005T013000Z,observational,USGS-NWIS,01434000,discharge_cms,2026-10-05T01:30:00Z,61.164389,m3/s,P,225da024e47e80910cb8da2b2d8c47d470b5793419dcda5ad1588cb68e73f67f
USGS_01434000_discharge_cms_20261005T014500Z,observational,USGS-NWIS,01434000,discharge_cms,2026-10-05T01:45:00Z,61.164389,m3/s,P,225da024e47e80910cb8da2b2d8c47d470b5793419dcda5ad1588cb68e73f67f
USGS_01434000_discharge_cms_20261005T020000Z,observational,USGS-NWIS,01434000,discharge_cms,2026-10-05T02:00:00Z,61.164389,m3/s,P,225da024e47e80910cb8da2b2d8c47d470b5793419dcda5ad1588cb68e73f67f
USGS_01434000_discharge_cms_20261005T021500Z,observational,USGS-NWIS,01434000,discharge_cms,2026-10-05T02:15:00Z,61.164389,m3/s,P,225da024e47e80910cb8da2b2d8c47d470b5793419dcda5ad1588cb68e73f67f
USGS_01434000_discharge_cms_20261005T023000Z,observational,USGS-NWIS,01434000,discharge_cms,2026-10-05T02:30:00Z,61.164389,m3/s,P,225da024e47e80910cb8da2b2d8c47d470b5793419dcda5ad1588cb68e73f67f
USGS_01434000_discharge_cms_20261005T024500Z,observational,USGS-NWIS,01434000,discharge_cms,2026-10-05T02:45:00Z,61.164389,m3/s,P,225da024e47e80910cb8da2b2d8c47d470b5793419dcda5ad1588cb68e73f67f
USGS_01434000_discharge_cms_20261005T030000Z,observational,USGS-NWIS,01434000,discharge_cms,2026-10-05T03:00:00Z,61.164389,m3/s,P,225da024e47e80910cb8da2b2d8c47d470b5793419dcda5ad1588cb68e73f67f
USGS_01434000_discharge_cms_20261005T031500Z,observational,USGS-NWIS,01434000,discharge_cms,2026-10-05T03:15:00Z,60.598052,m3/s,P,225da024e47e80910cb8da2b2d8c47d470b5793419dcda5ad1588cb68e73f67f
USGS_01434000_discharge_cms_20261005T033000Z,observational,USGS-NWIS,01434000,discharge_cms,2026-10-05T03:30:00Z,60.598052,m3/s,P,225da024e47e80910cb8da2b2d8c47d470b5793419dcda5ad1588cb68e73f67f
USGS_01434000_discharge_cms_20261005T034500Z,observational,USGS-NWIS,01434000,discharge_cms,2026-10-05T03:45:00Z,60.598052,m3/s,P,225da024e47e80910cb8da2b2d8c47d470b5793419dcda5ad1588cb68e73f67f
USGS_01434000_discharge_cms_20261005T040000Z,observational,USGS-NWIS,01434000,discharge_cms,2026-10-05T04:00:00Z,60.598052,m3/s,P,225da024e47e80910cb8da2b2d8c47d470b5793419dcda5ad1588cb68e73f67f
USGS_01434000_discharge_cms_20261005T041500Z,observational,USGS-NWIS,01434000,discharge_cms,2026-10-05T04:15:00Z,60.598052,m3/s,P,225da024e47e80910cb8da2b2d8c47d470b5793419dcda5ad1588cb68e73f67f
USGS_01434000_discharge_cms_20261005T043000Z,observational,USGS-NWIS,01434000,discharge_cms,2026-10-05T04:30:00Z,60.598052,m3/s,P,225da024e47e80910cb8da2b2d8c47d470b5793419dcda5ad1588cb68e73f67f
USGS_01434000_discharge_cms_20261005T044500Z,observational,USGS-NWIS,01434000,discharge_cms,2026-10-05T04:45:00Z,60.598052,m3/s,P,225da024e47e80910cb8da2b2d8c47d470b5793419dcda5ad1588cb68e73f67f
USGS_01434000_discharge_cms_20261005T050000Z,observational,USGS-NWIS,01434000,discharge_cms,2026-10-05T05:00:00Z,60.598052,m3/s,P,225da024e47e80910cb8da2b2d8c47d470b5793419dcda5ad1588cb68e73f67f
USGS_01434000_discharge_cms_20261005T051500Z,observational,USGS-NWIS,01434000,discharge_cms,2026-10-05T05:15:00Z,60.598052,m3/s,P,225da024e47e80910cb8da2b2d8c47d470b5793419dcda5ad1588cb68e73f67f
USGS_01434000_discharge_cms_20261005T053000Z,observational,USGS-NWIS,01434000,discharge_cms,2026-10-05T05:30:00Z,60.598052,m3/s,P,225da024e47e80910cb8da2b2d8c47d470b5793419dcda5ad1588cb68e73f67f
USGS_01434000_discharge_cms_20261005T054500Z,observational,USGS-NWIS,01434000,discharge_cms,2026-10-05T05:45:00Z,60.598052,m3/s,P,225da024e47e80910cb8da2b2d8c47d470b5793419dcda5ad1588cb68e73f67f
USGS_01434000_discharge_cms_20261005T060000Z,observational,USGS-NWIS,01434000,discharge_cms,2026-10-05T06:00:00Z,60.031715,m3/s,P,225da024e47e80910cb8da2b2d8c47d470b5793419dcda5ad1588cb68e73f67f
USGS_01434000_discharge_cms_20261005T061500Z,observational,USGS-NWIS,01434000,discharge_cms,2026-10-05T06:15:00Z,60.031715,m3/s,P,225da024e47e80910cb8da2b2d8c47d470b5793419dcda5ad1588cb68e73f67f
USGS_01434000_discharge_cms_20261005T063000Z,observational,USGS-NWIS,01434000,discharge_cms,2026-10-05T06:30:00Z,60.031715,m3/s,P,225da024e47e80910cb8da2b2d8c47d470b5793419dcda5ad1588cb68e73f67f
USGS_01434000_discharge_cms_20261005T064500Z,observational,USGS-NWIS,01434000,discharge_cms,2026-10-05T06:45:00Z,60.031715,m3/s,P,225da024e47e80910cb8da2b2d8c47d470b5793419dcda5ad1588cb68e73f67f
USGS_01434000_discharge_cms_20261005T070000Z,observational,USGS-NWIS,01434000,discharge_cms,2026-10-05T07:00:00Z,60.031715,m3/s,P,225da024e47e80910cb8da2b2d8c47d470b5793419dcda5ad1588cb68e73f67f
USGS_01434000_discharge_cms_20261005T071500Z,observational,USGS-NWIS,01434000,discharge_cms,2026-10-05T07:15:00Z,60.031715,m3/s,P,225da024e47e80910cb8da2b2d8c47d470b5793419dcda5ad1588cb68e73f67f
USGS_01434000_discharge_cms_20261005T073000Z,observational,USGS-NWIS,01434000,discharge_cms,2026-10-05T07:30:00Z,60.031715,m3/s,P,225da024e47e80910cb8da2b2d8c47d470b5793419dcda5ad1588cb68e73f67f
USGS_01434000_discharge_cms_20261005T074500Z,observational,USGS-NWIS,01434000,discharge_cms,2026-10-05T07:45:00Z,60.031715,m3/s,P,225da024e47e80910cb8da2b2d8c47d470b5793419dcda5ad1588cb68e73f67f
USGS_01434000_discharge_cms_20261005T080000Z,observational,USGS-NWIS,01434000,discharge_cms,2026-10-05T08:00:00Z,60.031715,m3/s,P,225da024e47e80910cb8da2b2d8c47d470b5793419dcda5ad1588cb68e73f67f
USGS_01434000_discharge_cms_20261005T081500Z,observational,USGS-NWIS,01434000,discharge_cms,2026-10-05T08:15:00Z,60.031715,m3/s,P,225da024e47e80910cb8da2b2d8c47d470b5793419dcda5ad1588cb68e73f67f
USGS_01434000_discharge_cms_20261005T083000Z,observational,USGS-NWIS,01434000,discharge_cms,2026-10-05T08:30:00Z,60.031715,m3/s,P,225da024e47e80910cb8da2b2d8c47d470b5793419dcda5ad1588cb68e73f67f
USGS_01434000_discharge_cms_20261005T084500Z,observational,USGS-NWIS,01434000,discharge_cms,2026-10-05T08:45:00Z,60.031715,m3/s,P,225da024e47e80910cb8da2b2d8c47d470b5793419dcda5ad1588cb68e73f67f
USGS_01434000_discharge_cms_20261005T090000Z,observational,USGS-NWIS,01434000,discharge_cms,2026-10-05T09:00:00Z,60.031715,m3/s,P,225da024e47e80910cb8da2b2d8c47d470b5793419dcda5ad1588cb68e73f67f
USGS_01434000_discharge_cms_20261005T091500Z,observational,USGS-NWIS,01434000,discharge_cms,2026-10-05T09:15:00Z,59.465378,m3/s,P,225da024e47e80910cb8da2b2d8c47d470b5793419dcda5ad1588cb68e73f67f
USGS_01434000_discharge_cms_20261005T093000Z,observational,USGS-NWIS,01434000,discharge_cms,2026-10-05T09:30:00Z,60.031715,m3/s,P,225da024e47e80910cb8da2b2d8c47d470b5793419dcda5ad1588cb68e73f67f
USGS_01434000_discharge_cms_20261005T094500Z,observational,USGS-NWIS,01434000,discharge_cms,2026-10-05T09:45:00Z,59.465378,m3/s,P,225da024e47e80910cb8da2b2d8c47d470b5793419dcda5ad1588cb68e73f67f
USGS_01434000_discharge_cms_20261005T100000Z,observational,USGS-NWIS,01434000,discharge_cms,2026-10-05T10:00:00Z,59.465378,m3/s,P,225da024e47e80910cb8da2b2d8c47d470b5793419dcda5ad1588cb68e73f67f
USGS_01434000_discharge_cms_20261005T101500Z,observational,USGS-NWIS,01434000,discharge_cms,2026-10-05T10:15:00Z,59.465378,m3/s,P,225da024e47e80910cb8da2b2d8c47d470b5793419dcda5ad1588cb68e73f67f
USGS_01434000_discharge_cms_20261005T103000Z,observational,USGS-NWIS,01434000,discharge_cms,2026-10-05T10:30:00Z,59.465378,m3/s,P,225da024e47e80910cb8da2b2d8c47d470b5793419dcda5ad1588cb68e73f67f
USGS_01434000_discharge_cms_20261005T104500Z,observational,USGS-NWIS,01434000,discharge_cms,2026-10-05T10:45:00Z,59.465378,m3/s,P,225da024e47e80910cb8da2b2d8c47d470b5793419dcda5ad1588cb68e73f67f
USGS_01434000_discharge_cms_20261005T110000Z,observational,USGS-NWIS,01434000,discharge_cms,2026-10-05T11:00:00Z,59.465378,m3/s,P,225da024e47e80910cb8da2b2d8c47d470b5793419dcda5ad1588cb68e73f67f
USGS_01434000_discharge_cms_20261005T111500Z,observational,USGS-NWIS,01434000,discharge_cms,2026-10-05T11:15:00Z,59.465378,m3/s,P,225da024e47e80910cb8da2b2d8c47d470b5793419dcda5ad1588cb68e73f67f
USGS_01434000_discharge_cms_20261005T113000Z,observational,USGS-NWIS,01434000,discharge_cms,2026-10-05T11:30:00Z,59.465378,m3/s,P,225da024e47e80910cb8da2b2d8c47d470b5793419dcda5ad1588cb68e73f67f
USGS_01434000_discharge_cms_20261005T114500Z,observational,USGS-NWIS,01434000,discharge_cms,2026-10-05T11:45:00Z,59.465378,m3/s,P,225da024e47e80910cb8da2b2d8c47d470b5793419dcda5ad1588cb68e73f67f
USGS_01434000_discharge_cms_20261005T120000Z,observational,USGS-NWIS,01434000,discharge_cms,2026-10-05T12:00:00Z,59.465378,m3/s,P,225da024e47e80910cb8da2b2d8c47d470b5793419dcda5ad1588cb68e73f67f
USGS_01434000_discharge_cms_20261005T121500Z,observational,USGS-NWIS,01434000,discharge_cms,2026-10-05T12:15:00Z,58.899041,m3/s,P,225da024e47e80910cb8da2b2d8c47d470b5793419dcda5ad1588cb68e73f67f
USGS_01434000_discharge_cms_20261005T123000Z,observational,USGS-NWIS,01434000,discharge_cms,2026-10-05T12:30:00Z,59.465378,m3/s,P,225da024e47e80910cb8da2b2d8c47d470b5793419dcda5ad1588cb68e73f67f
NOAA_NWPS_01434000_flood_stage_action,observational,NOAA-NWPS,01434000,flood_stage_action_m,2026-01-01T00:00:00Z,4.8768,m,OFFICIAL_NWS_STAGE,de0be52f79740b86516b59a80a6ca7efc363c171bf77de43d7415257ed59ff45
NOAA_NWPS_01434000_flood_stage_major,observational,NOAA-NWPS,01434000,flood_stage_major_m,2026-01-01T00:00:00Z,6.5532,m,OFFICIAL_NWS_STAGE,de0be52f79740b86516b59a80a6ca7efc363c171bf77de43d7415257ed59ff45
NOAA_NWPS_01434000_flood_stage_minor,observational,NOAA-NWPS,01434000,flood_stage_minor_m,2026-01-01T00:00:00Z,5.4864,m,OFFICIAL_NWS_STAGE,de0be52f79740b86516b59a80a6ca7efc363c171bf77de43d7415257ed59ff45
NOAA_NWPS_01434000_flood_stage_moderate,observational,NOAA-NWPS,01434000,flood_stage_moderate_m,2026-01-01T00:00:00Z,6.096,m,OFFICIAL_NWS_STAGE,de0be52f79740b86516b59a80a6ca7efc363c171bf77de43d7415257ed59ff45
USGS_01434000_gage_height_m_20261004T130000Z,observational,USGS-NWIS,01434000,gage_height_m,2026-10-04T13:00:00Z,0.905256,m,P,225da024e47e80910cb8da2b2d8c47d470b5793419dcda5ad1588cb68e73f67f
USGS_01434000_gage_height_m_20261004T131500Z,observational,USGS-NWIS,01434000,gage_height_m,2026-10-04T13:15:00Z,0.902208,m,P,225da024e47e80910cb8da2b2d8c47d470b5793419dcda5ad1588cb68e73f67f
USGS_01434000_gage_height_m_20261004T133000Z,observational,USGS-NWIS,01434000,gage_height_m,2026-10-04T13:30:00Z,0.905256,m,P,225da024e47e80910cb8da2b2d8c47d470b5793419dcda5ad1588cb68e73f67f
USGS_01434000_gage_height_m_20261004T134500Z,observational,USGS-NWIS,01434000,gage_height_m,2026-10-04T13:45:00Z,0.902208,m,P,225da024e47e80910cb8da2b2d8c47d470b5793419dcda5ad1588cb68e73f67f
USGS_01434000_gage_height_m_20261004T140000Z,observational,USGS-NWIS,01434000,gage_height_m,2026-10-04T14:00:00Z,0.905256,m,P,225da024e47e80910cb8da2b2d8c47d470b5793419dcda5ad1588cb68e73f67f
USGS_01434000_gage_height_m_20261004T141500Z,observational,USGS-NWIS,01434000,gage_height_m,2026-10-04T14:15:00Z,0.902208,m,P,225da024e47e80910cb8da2b2d8c47d470b5793419dcda5ad1588cb68e73f67f
USGS_01434000_gage_height_m_20261004T143000Z,observational,USGS-NWIS,01434000,gage_height_m,2026-10-04T14:30:00Z,0.905256,m,P,225da024e47e80910cb8da2b2d8c47d470b5793419dcda5ad1588cb68e73f67f
USGS_01434000_gage_height_m_20261004T144500Z,observational,USGS-NWIS,01434000,gage_height_m,2026-10-04T14:45:00Z,0.905256,m,P,225da024e47e80910cb8da2b2d8c47d470b5793419dcda5ad1588cb68e73f67f
USGS_01434000_gage_height_m_20261004T150000Z,observational,USGS-NWIS,01434000,gage_height_m,2026-10-04T15:00:00Z,0.902208,m,P,225da024e47e80910cb8da2b2d8c47d470b5793419dcda5ad1588cb68e73f67f
USGS_01434000_gage_height_m_20261004T151500Z,observational,USGS-NWIS,01434000,gage_height_m,2026-10-04T15:15:00Z,0.902208,m,P,225da024e47e80910cb8da2b2d8c47d470b5793419dcda5ad1588cb68e73f67f
USGS_01434000_gage_height_m_20261004T153000Z,observational,USGS-NWIS,01434000,gage_height_m,2026-10-04T15:30:00Z,0.902208,m,P,225da024e47e80910cb8da2b2d8c47d470b5793419dcda5ad1588cb68e73f67f
USGS_01434000_gage_height_m_20261004T154500Z,observational,USGS-NWIS,01434000,gage_height_m,2026-10-04T15:45:00Z,0.902208,m,P,225da024e47e80910cb8da2b2d8c47d470b5793419dcda5ad1588cb68e73f67f
USGS_01434000_gage_height_m_20261004T160000Z,observational,USGS-NWIS,01434000,gage_height_m,2026-10-04T16:00:00Z,0.902208,m,P,225da024e47e80910cb8da2b2d8c47d470b5793419dcda5ad1588cb68e73f67f
USGS_01434000_gage_height_m_20261004T161500Z,observational,USGS-NWIS,01434000,gage_height_m,2026-10-04T16:15:00Z,0.902208,m,P,225da024e47e80910cb8da2b2d8c47d470b5793419dcda5ad1588cb68e73f67f
USGS_01434000_gage_height_m_20261004T163000Z,observational,USGS-NWIS,01434000,gage_height_m,2026-10-04T16:30:00Z,0.902208,m,P,225da024e47e80910cb8da2b2d8c47d470b5793419dcda5ad1588cb68e73f67f
USGS_01434000_gage_height_m_20261004T164500Z,observational,USGS-NWIS,01434000,gage_height_m,2026-10-04T16:45:00Z,0.902208,m,P,225da024e47e80910cb8da2b2d8c47d470b5793419dcda5ad1588cb68e73f67f
USGS_01434000_gage_height_m_20261004T170000Z,observational,USGS-NWIS,01434000,gage_height_m,2026-10-04T17:00:00Z,0.905256,m,P,225da024e47e80910cb8da2b2d8c47d470b5793419dcda5ad1588cb68e73f67f
USGS_01434000_gage_height_m_20261004T171500Z,observational,USGS-NWIS,01434000,gage_height_m,2026-10-04T17:15:00Z,0.908304,m,P,225da024e47e80910cb8da2b2d8c47d470b5793419dcda5ad1588cb68e73f67f
USGS_01434000_gage_height_m_20261004T173000Z,observational,USGS-NWIS,01434000,gage_height_m,2026-10-04T17:30:00Z,0.9144,m,P,225da024e47e80910cb8da2b2d8c47d470b5793419dcda5ad1588cb68e73f67f
USGS_01434000_gage_height_m_20261004T174500Z,observational,USGS-NWIS,01434000,gage_height_m,2026-10-04T17:45:00Z,0.926592,m,P,225da024e47e80910cb8da2b2d8c47d470b5793419dcda5ad1588cb68e73f67f
USGS_01434000_gage_height_m_20261004T180000Z,observational,USGS-NWIS,01434000,gage_height_m,2026-10-04T18:00:00Z,0.935736,m,P,225da024e47e80910cb8da2b2d8c47d470b5793419dcda5ad1588cb68e73f67f
USGS_01434000_gage_height_m_20261004T181500Z,observational,USGS-NWIS,01434000,gage_height_m,2026-10-04T18:15:00Z,0.94488,m,P,225da024e47e80910cb8da2b2d8c47d470b5793419dcda5ad1588cb68e73f67f
USGS_01434000_gage_height_m_20261004T183000Z,observational,USGS-NWIS,01434000,gage_height_m,2026-10-04T18:30:00Z,0.947928,m,P,225da024e47e80910cb8da2b2d8c47d470b5793419dcda5ad1588cb68e73f67f
USGS_01434000_gage_height_m_20261004T184500Z,observational,USGS-NWIS,01434000,gage_height_m,2026-10-04T18:45:00Z,0.950976,m,P,225da024e47e80910cb8da2b2d8c47d470b5793419dcda5ad1588cb68e73f67f
USGS_01434000_gage_height_m_20261004T190000Z,observational,USGS-NWIS,01434000,gage_height_m,2026-10-04T19:00:00Z,0.954024,m,P,225da024e47e80910cb8da2b2d8c47d470b5793419dcda5ad1588cb68e73f67f
USGS_01434000_gage_height_m_20261004T191500Z,observational,USGS-NWIS,01434000,gage_height_m,2026-10-04T19:15:00Z,0.954024,m,P,225da024e47e80910cb8da2b2d8c47d470b5793419dcda5ad1588cb68e73f67f
USGS_01434000_gage_height_m_20261004T193000Z,observational,USGS-NWIS,01434000,gage_height_m,2026-10-04T19:30:00Z,0.957072,m,P,225da024e47e80910cb8da2b2d8c47d470b5793419dcda5ad1588cb68e73f67f
USGS_01434000_gage_height_m_20261004T194500Z,observational,USGS-NWIS,01434000,gage_height_m,2026-10-04T19:45:00Z,0.957072,m,P,225da024e47e80910cb8da2b2d8c47d470b5793419dcda5ad1588cb68e73f67f
USGS_01434000_gage_height_m_20261004T200000Z,observational,USGS-NWIS,01434000,gage_height_m,2026-10-04T20:00:00Z,0.957072,m,P,225da024e47e80910cb8da2b2d8c47d470b5793419dcda5ad1588cb68e73f67f
USGS_01434000_gage_height_m_20261004T201500Z,observational,USGS-NWIS,01434000,gage_height_m,2026-10-04T20:15:00Z,0.957072,m,P,225da024e47e80910cb8da2b2d8c47d470b5793419dcda5ad1588cb68e73f67f
USGS_01434000_gage_height_m_20261004T203000Z,observational,USGS-NWIS,01434000,gage_height_m,2026-10-04T20:30:00Z,0.957072,m,P,225da024e47e80910cb8da2b2d8c47d470b5793419dcda5ad1588cb68e73f67f
USGS_01434000_gage_height_m_20261004T204500Z,observational,USGS-NWIS,01434000,gage_height_m,2026-10-04T20:45:00Z,0.957072,m,P,225da024e47e80910cb8da2b2d8c47d470b5793419dcda5ad1588cb68e73f67f
USGS_01434000_gage_height_m_20261004T210000Z,observational,USGS-NWIS,01434000,gage_height_m,2026-10-04T21:00:00Z,0.954024,m,P,225da024e47e80910cb8da2b2d8c47d470b5793419dcda5ad1588cb68e73f67f
USGS_01434000_gage_height_m_20261004T211500Z,observational,USGS-NWIS,01434000,gage_height_m,2026-10-04T21:15:00Z,0.954024,m,P,225da024e47e80910cb8da2b2d8c47d470b5793419dcda5ad1588cb68e73f67f
USGS_01434000_gage_height_m_20261004T213000Z,observational,USGS-NWIS,01434000,gage_height_m,2026-10-04T21:30:00Z,0.947928,m,P,225da024e47e80910cb8da2b2d8c47d470b5793419dcda5ad1588cb68e73f67f
USGS_01434000_gage_height_m_20261004T214500Z,observational,USGS-NWIS,01434000,gage_height_m,2026-10-04T21:45:00Z,0.941832,m,P,225da024e47e80910cb8da2b2d8c47d470b5793419dcda5ad1588cb68e73f67f
USGS_01434000_gage_height_m_20261004T220000Z,observational,USGS-NWIS,01434000,gage_height_m,2026-10-04T22:00:00Z,0.932688,m,P,225da024e47e80910cb8da2b2d8c47d470b5793419dcda5ad1588cb68e73f67f
USGS_01434000_gage_height_m_20261004T221500Z,observational,USGS-NWIS,01434000,gage_height_m,2026-10-04T22:15:00Z,0.926592,m,P,225da024e47e80910cb8da2b2d8c47d470b5793419dcda5ad1588cb68e73f67f
USGS_01434000_gage_height_m_20261004T223000Z,observational,USGS-NWIS,01434000,gage_height_m,2026-10-04T22:30:00Z,0.917448,m,P,225da024e47e80910cb8da2b2d8c47d470b5793419dcda5ad1588cb68e73f67f
USGS_01434000_gage_height_m_20261004T224500Z,observational,USGS-NWIS,01434000,gage_height_m,2026-10-04T22:45:00Z,0.911352,m,P,225da024e47e80910cb8da2b2d8c47d470b5793419dcda5ad1588cb68e73f67f
USGS_01434000_gage_height_m_20261004T230000Z,observational,USGS-NWIS,01434000,gage_height_m,2026-10-04T23:00:00Z,0.905256,m,P,225da024e47e80910cb8da2b2d8c47d470b5793419dcda5ad1588cb68e73f67f
USGS_01434000_gage_height_m_20261004T231500Z,observational,USGS-NWIS,01434000,gage_height_m,2026-10-04T23:15:00Z,0.902208,m,P,225da024e47e80910cb8da2b2d8c47d470b5793419dcda5ad1588cb68e73f67f
USGS_01434000_gage_height_m_20261004T233000Z,observational,USGS-NWIS,01434000,gage_height_m,2026-10-04T23:30:00Z,0.902208,m,P,225da024e47e80910cb8da2b2d8c47d470b5793419dcda5ad1588cb68e73f67f
USGS_01434000_gage_height_m_20261004T234500Z,observational,USGS-NWIS,01434000,gage_height_m,2026-10-04T23:45:00Z,0.89916,m,P,225da024e47e80910cb8da2b2d8c47d470b5793419dcda5ad1588cb68e73f67f
USGS_01434000_gage_height_m_20261005T000000Z,observational,USGS-NWIS,01434000,gage_height_m,2026-10-05T00:00:00Z,0.89916,m,P,225da024e47e80910cb8da2b2d8c47d470b5793419dcda5ad1588cb68e73f67f
USGS_01434000_gage_height_m_20261005T001500Z,observational,USGS-NWIS,01434000,gage_height_m,2026-10-05T00:15:00Z,0.896112,m,P,225da024e47e80910cb8da2b2d8c47d470b5793419dcda5ad1588cb68e73f67f
USGS_01434000_gage_height_m_20261005T003000Z,observational,USGS-NWIS,01434000,gage_height_m,2026-10-05T00:30:00Z,0.896112,m,P,225da024e47e80910cb8da2b2d8c47d470b5793419dcda5ad1588cb68e73f67f
USGS_01434000_gage_height_m_20261005T004500Z,observational,USGS-NWIS,01434000,gage_height_m,2026-10-05T00:45:00Z,0.896112,m,P,225da024e47e80910cb8da2b2d8c47d470b5793419dcda5ad1588cb68e73f67f
USGS_01434000_gage_height_m_20261005T010000Z,observational,USGS-NWIS,01434000,gage_height_m,2026-10-05T01:00:00Z,0.896112,m,P,225da024e47e80910cb8da2b2d8c47d470b5793419dcda5ad1588cb68e73f67f
USGS_01434000_gage_height_m_20261005T011500Z,observational,USGS-NWIS,01434000,gage_height_m,2026-10-05T01:15:00Z,0.896112,m,P,225da024e47e80910cb8da2b2d8c47d470b5793419dcda5ad1588cb68e73f67f
USGS_01434000_gage_height_m_20261005T013000Z,observational,USGS-NWIS,01434000,gage_height_m,2026-10-05T01:30:00Z,0.896112,m,P,225da024e47e80910cb8da2b2d8c47d470b5793419dcda5ad1588cb68e73f67f
USGS_01434000_gage_height_m_20261005T014500Z,observational,USGS-NWIS,01434000,gage_height_m,2026-10-05T01:45:00Z,0.896112,m,P,225da024e47e80910cb8da2b2d8c47d470b5793419dcda5ad1588cb68e73f67f
USGS_01434000_gage_height_m_20261005T020000Z,observational,USGS-NWIS,01434000,gage_height_m,2026-10-05T02:00:00Z,0.896112,m,P,225da024e47e80910cb8da2b2d8c47d470b5793419dcda5ad1588cb68e73f67f
USGS_01434000_gage_height_m_20261005T021500Z,observational,USGS-NWIS,01434000,gage_height_m,2026-10-05T02:15:00Z,0.896112,m,P,225da024e47e80910cb8da2b2d8c47d470b5793419dcda5ad1588cb68e73f67f
USGS_01434000_gage_height_m_20261005T023000Z,observational,USGS-NWIS,01434000,gage_height_m,2026-10-05T02:30:00Z,0.896112,m,P,225da024e47e80910cb8da2b2d8c47d470b5793419dcda5ad1588cb68e73f67f
USGS_01434000_gage_height_m_20261005T024500Z,observational,USGS-NWIS,01434000,gage_height_m,2026-10-05T02:45:00Z,0.896112,m,P,225da024e47e80910cb8da2b2d8c47d470b5793419dcda5ad1588cb68e73f67f
USGS_01434000_gage_height_m_20261005T030000Z,observational,USGS-NWIS,01434000,gage_height_m,2026-10-05T03:00:00Z,0.896112,m,P,225da024e47e80910cb8da2b2d8c47d470b5793419dcda5ad1588cb68e73f67f
USGS_01434000_gage_height_m_20261005T031500Z,observational,USGS-NWIS,01434000,gage_height_m,2026-10-05T03:15:00Z,0.893064,m,P,225da024e47e80910cb8da2b2d8c47d470b5793419dcda5ad1588cb68e73f67f
USGS_01434000_gage_height_m_20261005T033000Z,observational,USGS-NWIS,01434000,gage_height_m,2026-10-05T03:30:00Z,0.893064,m,P,225da024e47e80910cb8da2b2d8c47d470b5793419dcda5ad1588cb68e73f67f
USGS_01434000_gage_height_m_20261005T034500Z,observational,USGS-NWIS,01434000,gage_height_m,2026-10-05T03:45:00Z,0.893064,m,P,225da024e47e80910cb8da2b2d8c47d470b5793419dcda5ad1588cb68e73f67f
USGS_01434000_gage_height_m_20261005T040000Z,observational,USGS-NWIS,01434000,gage_height_m,2026-10-05T04:00:00Z,0.893064,m,P,225da024e47e80910cb8da2b2d8c47d470b5793419dcda5ad1588cb68e73f67f
USGS_01434000_gage_height_m_20261005T041500Z,observational,USGS-NWIS,01434000,gage_height_m,2026-10-05T04:15:00Z,0.893064,m,P,225da024e47e80910cb8da2b2d8c47d470b5793419dcda5ad1588cb68e73f67f
USGS_01434000_gage_height_m_20261005T043000Z,observational,USGS-NWIS,01434000,gage_height_m,2026-10-05T04:30:00Z,0.893064,m,P,225da024e47e80910cb8da2b2d8c47d470b5793419dcda5ad1588cb68e73f67f
USGS_01434000_gage_height_m_20261005T044500Z,observational,USGS-NWIS,01434000,gage_height_m,2026-10-05T04:45:00Z,0.893064,m,P,225da024e47e80910cb8da2b2d8c47d470b5793419dcda5ad1588cb68e73f67f
USGS_01434000_gage_height_m_20261005T050000Z,observational,USGS-NWIS,01434000,gage_height_m,2026-10-05T05:00:00Z,0.893064,m,P,225da024e47e80910cb8da2b2d8c47d470b5793419dcda5ad1588cb68e73f67f
USGS_01434000_gage_height_m_20261005T051500Z,observational,USGS-NWIS,01434000,gage_height_m,2026-10-05T05:15:00Z,0.893064,m,P,225da024e47e80910cb8da2b2d8c47d470b5793419dcda5ad1588cb68e73f67f
USGS_01434000_gage_height_m_20261005T053000Z,observational,USGS-NWIS,01434000,gage_height_m,2026-10-05T05:30:00Z,0.893064,m,P,225da024e47e80910cb8da2b2d8c47d470b5793419dcda5ad1588cb68e73f67f
USGS_01434000_gage_height_m_20261005T054500Z,observational,USGS-NWIS,01434000,gage_height_m,2026-10-05T05:45:00Z,0.893064,m,P,225da024e47e80910cb8da2b2d8c47d470b5793419dcda5ad1588cb68e73f67f
USGS_01434000_gage_height_m_20261005T060000Z,observational,USGS-NWIS,01434000,gage_height_m,2026-10-05T06:00:00Z,0.890016,m,P,225da024e47e80910cb8da2b2d8c47d470b5793419dcda5ad1588cb68e73f67f
USGS_01434000_gage_height_m_20261005T061500Z,observational,USGS-NWIS,01434000,gage_height_m,2026-10-05T06:15:00Z,0.890016,m,P,225da024e47e80910cb8da2b2d8c47d470b5793419dcda5ad1588cb68e73f67f
USGS_01434000_gage_height_m_20261005T063000Z,observational,USGS-NWIS,01434000,gage_height_m,2026-10-05T06:30:00Z,0.890016,m,P,225da024e47e80910cb8da2b2d8c47d470b5793419dcda5ad1588cb68e73f67f
USGS_01434000_gage_height_m_20261005T064500Z,observational,USGS-NWIS,01434000,gage_height_m,2026-10-05T06:45:00Z,0.890016,m,P,225da024e47e80910cb8da2b2d8c47d470b5793419dcda5ad1588cb68e73f67f
USGS_01434000_gage_height_m_20261005T070000Z,observational,USGS-NWIS,01434000,gage_height_m,2026-10-05T07:00:00Z,0.890016,m,P,225da024e47e80910cb8da2b2d8c47d470b5793419dcda5ad1588cb68e73f67f
USGS_01434000_gage_height_m_20261005T071500Z,observational,USGS-NWIS,01434000,gage_height_m,2026-10-05T07:15:00Z,0.890016,m,P,225da024e47e80910cb8da2b2d8c47d470b5793419dcda5ad1588cb68e73f67f
USGS_01434000_gage_height_m_20261005T073000Z,observational,USGS-NWIS,01434000,gage_height_m,2026-10-05T07:30:00Z,0.890016,m,P,225da024e47e80910cb8da2b2d8c47d470b5793419dcda5ad1588cb68e73f67f
USGS_01434000_gage_height_m_20261005T074500Z,observational,USGS-NWIS,01434000,gage_height_m,2026-10-05T07:45:00Z,0.890016,m,P,225da024e47e80910cb8da2b2d8c47d470b5793419dcda5ad1588cb68e73f67f
USGS_01434000_gage_height_m_20261005T080000Z,observational,USGS-NWIS,01434000,gage_height_m,2026-10-05T08:00:00Z,0.890016,m,P,225da024e47e80910cb8da2b2d8c47d470b5793419dcda5ad1588cb68e73f67f
USGS_01434000_gage_height_m_20261005T081500Z,observational,USGS-NWIS,01434000,gage_height_m,2026-10-05T08:15:00Z,0.890016,m,P,225da024e47e80910cb8da2b2d8c47d470b5793419dcda5ad1588cb68e73f67f
USGS_01434000_gage_height_m_20261005T083000Z,observational,USGS-NWIS,01434000,gage_height_m,2026-10-05T08:30:00Z,0.890016,m,P,225da024e47e80910cb8da2b2d8c47d470b5793419dcda5ad1588cb68e73f67f
USGS_01434000_gage_height_m_20261005T084500Z,observational,USGS-NWIS,01434000,gage_height_m,2026-10-05T08:45:00Z,0.890016,m,P,225da024e47e80910cb8da2b2d8c47d470b5793419dcda5ad1588cb68e73f67f
USGS_01434000_gage_height_m_20261005T090000Z,observational,USGS-NWIS,01434000,gage_height_m,2026-10-05T09:00:00Z,0.890016,m,P,225da024e47e80910cb8da2b2d8c47d470b5793419dcda5ad1588cb68e73f67f
USGS_01434000_gage_height_m_20261005T091500Z,observational,USGS-NWIS,01434000,gage_height_m,2026-10-05T09:15:00Z,0.886968,m,P,225da024e47e80910cb8da2b2d8c47d470b5793419dcda5ad1588cb68e73f67f
USGS_01434000_gage_height_m_20261005T093000Z,observational,USGS-NWIS,01434000,gage_height_m,2026-10-05T09:30:00Z,0.890016,m,P,225da024e47e80910cb8da2b2d8c47d470b5793419dcda5ad1588cb68e73f67f
USGS_01434000_gage_height_m_20261005T094500Z,observational,USGS-NWIS,01434000,gage_height_m,2026-10-05T09:45:00Z,0.886968,m,P,225da024e47e80910cb8da2b2d8c47d470b5793419dcda5ad1588cb68e73f67f
USGS_01434000_gage_height_m_20261005T100000Z,observational,USGS-NWIS,01434000,gage_height_m,2026-10-05T10:00:00Z,0.886968,m,P,225da024e47e80910cb8da2b2d8c47d470b5793419dcda5ad1588cb68e73f67f
USGS_01434000_gage_height_m_20261005T101500Z,observational,USGS-NWIS,01434000,gage_height_m,2026-10-05T10:15:00Z,0.886968,m,P,225da024e47e80910cb8da2b2d8c47d470b5793419dcda5ad1588cb68e73f67f
USGS_01434000_gage_height_m_20261005T103000Z,observational,USGS-NWIS,01434000,gage_height_m,2026-10-05T10:30:00Z,0.886968,m,P,225da024e47e80910cb8da2b2d8c47d470b5793419dcda5ad1588cb68e73f67f
USGS_01434000_gage_height_m_20261005T104500Z,observational,USGS-NWIS,01434000,gage_height_m,2026-10-05T10:45:00Z,0.886968,m,P,225da024e47e80910cb8da2b2d8c47d470b5793419dcda5ad1588cb68e73f67f
USGS_01434000_gage_height_m_20261005T110000Z,observational,USGS-NWIS,01434000,gage_height_m,2026-10-05T11:00:00Z,0.886968,m,P,225da024e47e80910cb8da2b2d8c47d470b5793419dcda5ad1588cb68e73f67f
USGS_01434000_gage_height_m_20261005T111500Z,observational,USGS-NWIS,01434000,gage_height_m,2026-10-05T11:15:00Z,0.886968,m,P,225da024e47e80910cb8da2b2d8c47d470b5793419dcda5ad1588cb68e73f67f
USGS_01434000_gage_height_m_20261005T113000Z,observational,USGS-NWIS,01434000,gage_height_m,2026-10-05T11:30:00Z,0.886968,m,P,225da024e47e80910cb8da2b2d8c47d470b5793419dcda5ad1588cb68e73f67f
USGS_01434000_gage_height_m_20261005T114500Z,observational,USGS-NWIS,01434000,gage_height_m,2026-10-05T11:45:00Z,0.886968,m,P,225da024e47e80910cb8da2b2d8c47d470b5793419dcda5ad1588cb68e73f67f
USGS_01434000_gage_height_m_20261005T120000Z,observational,USGS-NWIS,01434000,gage_height_m,2026-10-05T12:00:00Z,0.886968,m,P,225da024e47e80910cb8da2b2d8c47d470b5793419dcda5ad1588cb68e73f67f
USGS_01434000_gage_height_m_20261005T121500Z,observational,USGS-NWIS,01434000,gage_height_m,2026-10-05T12:15:00Z,0.88392,m,P,225da024e47e80910cb8da2b2d8c47d470b5793419dcda5ad1588cb68e73f67f
USGS_01434000_gage_height_m_20261005T123000Z,observational,USGS-NWIS,01434000,gage_height_m,2026-10-05T12:30:00Z,0.886968,m,P,225da024e47e80910cb8da2b2d8c47d470b5793419dcda5ad1588cb68e73f67f
USGS_01463500_discharge_cms_20261004T130000Z,observational,USGS-NWIS,01463500,discharge_cms,2026-10-04T13:00:00Z,122.611946,m3/s,P,79f8fd6daa1917cefa130a7723897473b4bbd80f89ed783903e502ed6c2bf596
USGS_01463500_discharge_cms_20261004T131500Z,observational,USGS-NWIS,01463500,discharge_cms,2026-10-04T13:15:00Z,122.611946,m3/s,P,79f8fd6daa1917cefa130a7723897473b4bbd80f89ed783903e502ed6c2bf596
USGS_01463500_discharge_cms_20261004T133000Z,observational,USGS-NWIS,01463500,discharge_cms,2026-10-04T13:30:00Z,122.611946,m3/s,P,79f8fd6daa1917cefa130a7723897473b4bbd80f89ed783903e502ed6c2bf596
USGS_01463500_discharge_cms_20261004T134500Z,observational,USGS-NWIS,01463500,discharge_cms,2026-10-04T13:45:00Z,122.611946,m3/s,P,79f8fd6daa1917cefa130a7723897473b4bbd80f89ed783903e502ed6c2bf596
USGS_01463500_discharge_cms_20261004T140000Z,observational,USGS-NWIS,01463500,discharge_cms,2026-10-04T14:00:00Z,122.611946,m3/s,P,79f8fd6daa1917cefa130a7723897473b4bbd80f89ed783903e502ed6c2bf596
USGS_01463500_discharge_cms_20261004T141500Z,observational,USGS-NWIS,01463500,discharge_cms,2026-10-04T14:15:00Z,122.611946,m3/s,P,79f8fd6daa1917cefa130a7723897473b4bbd80f89ed783903e502ed6c2bf596
USGS_01463500_discharge_cms_20261004T143000Z,observational,USGS-NWIS,01463500,discharge_cms,2026-10-04T14:30:00Z,122.611946,m3/s,P,79f8fd6daa1917cefa130a7723897473b4bbd80f89ed783903e502ed6c2bf596
USGS_01463500_discharge_cms_20261004T144500Z,observational,USGS-NWIS,01463500,discharge_cms,2026-10-04T14:45:00Z,121.479272,m3/s,P,79f8fd6daa1917cefa130a7723897473b4bbd80f89ed783903e502ed6c2bf596
USGS_01463500_discharge_cms_20261004T150000Z,observational,USGS-NWIS,01463500,discharge_cms,2026-10-04T15:00:00Z,121.479272,m3/s,P,79f8fd6daa1917cefa130a7723897473b4bbd80f89ed783903e502ed6c2bf596
USGS_01463500_discharge_cms_20261004T151500Z,observational,USGS-NWIS,01463500,discharge_cms,2026-10-04T15:15:00Z,121.479272,m3/s,P,79f8fd6daa1917cefa130a7723897473b4bbd80f89ed783903e502ed6c2bf596
USGS_01463500_discharge_cms_20261004T153000Z,observational,USGS-NWIS,01463500,discharge_cms,2026-10-04T15:30:00Z,121.479272,m3/s,P,79f8fd6daa1917cefa130a7723897473b4bbd80f89ed783903e502ed6c2bf596
USGS_01463500_discharge_cms_20261004T154500Z,observational,USGS-NWIS,01463500,discharge_cms,2026-10-04T15:45:00Z,121.479272,m3/s,P,79f8fd6daa1917cefa130a7723897473b4bbd80f89ed783903e502ed6c2bf596
USGS_01463500_discharge_cms_20261004T160000Z,observational,USGS-NWIS,01463500,discharge_cms,2026-10-04T16:00:00Z,121.479272,m3/s,P,79f8fd6daa1917cefa130a7723897473b4bbd80f89ed783903e502ed6c2bf596
USGS_01463500_discharge_cms_20261004T161500Z,observational,USGS-NWIS,01463500,discharge_cms,2026-10-04T16:15:00Z,121.479272,m3/s,P,79f8fd6daa1917cefa130a7723897473b4bbd80f89ed783903e502ed6c2bf596
USGS_01463500_discharge_cms_20261004T163000Z,observational,USGS-NWIS,01463500,discharge_cms,2026-10-04T16:30:00Z,121.479272,m3/s,P,79f8fd6daa1917cefa130a7723897473b4bbd80f89ed783903e502ed6c2bf596
USGS_01463500_discharge_cms_20261004T164500Z,observational,USGS-NWIS,01463500,discharge_cms,2026-10-04T16:45:00Z,121.479272,m3/s,P,79f8fd6daa1917cefa130a7723897473b4bbd80f89ed783903e502ed6c2bf596
USGS_01463500_discharge_cms_20261004T170000Z,observational,USGS-NWIS,01463500,discharge_cms,2026-10-04T17:00:00Z,120.346598,m3/s,P,79f8fd6daa1917cefa130a7723897473b4bbd80f89ed783903e502ed6c2bf596
USGS_01463500_discharge_cms_20261004T171500Z,observational,USGS-NWIS,01463500,discharge_cms,2026-10-04T17:15:00Z,120.346598,m3/s,P,79f8fd6daa1917cefa130a7723897473b4bbd80f89ed783903e502ed6c2bf596
USGS_01463500_discharge_cms_20261004T173000Z,observational,USGS-NWIS,01463500,discharge_cms,2026-10-04T17:30:00Z,120.346598,m3/s,P,79f8fd6daa1917cefa130a7723897473b4bbd80f89ed783903e502ed6c2bf596
USGS_01463500_discharge_cms_20261004T174500Z,observational,USGS-NWIS,01463500,discharge_cms,2026-10-04T17:45:00Z,120.346598,m3/s,P,79f8fd6daa1917cefa130a7723897473b4bbd80f89ed783903e502ed6c2bf596
USGS_01463500_discharge_cms_20261004T180000Z,observational,USGS-NWIS,01463500,discharge_cms,2026-10-04T18:00:00Z,120.346598,m3/s,P,79f8fd6daa1917cefa130a7723897473b4bbd80f89ed783903e502ed6c2bf596
USGS_01463500_discharge_cms_20261004T181500Z,observational,USGS-NWIS,01463500,discharge_cms,2026-10-04T18:15:00Z,120.346598,m3/s,P,79f8fd6daa1917cefa130a7723897473b4bbd80f89ed783903e502ed6c2bf596
USGS_01463500_discharge_cms_20261004T183000Z,observational,USGS-NWIS,01463500,discharge_cms,2026-10-04T18:30:00Z,120.346598,m3/s,P,79f8fd6daa1917cefa130a7723897473b4bbd80f89ed783903e502ed6c2bf596
USGS_01463500_discharge_cms_20261004T184500Z,observational,USGS-NWIS,01463500,discharge_cms,2026-10-04T18:45:00Z,120.346598,m3/s,P,79f8fd6daa1917cefa130a7723897473b4bbd80f89ed783903e502ed6c2bf596
USGS_01463500_discharge_cms_20261004T190000Z,observational,USGS-NWIS,01463500,discharge_cms,2026-10-04T19:00:00Z,119.497093,m3/s,P,79f8fd6daa1917cefa130a7723897473b4bbd80f89ed783903e502ed6c2bf596
USGS_01463500_discharge_cms_20261004T191500Z,observational,USGS-NWIS,01463500,discharge_cms,2026-10-04T19:15:00Z,119.497093,m3/s,P,79f8fd6daa1917cefa130a7723897473b4bbd80f89ed783903e502ed6c2bf596
USGS_01463500_discharge_cms_20261004T193000Z,observational,USGS-NWIS,01463500,discharge_cms,2026-10-04T19:30:00Z,119.497093,m3/s,P,79f8fd6daa1917cefa130a7723897473b4bbd80f89ed783903e502ed6c2bf596
USGS_01463500_discharge_cms_20261004T194500Z,observational,USGS-NWIS,01463500,discharge_cms,2026-10-04T19:45:00Z,119.497093,m3/s,P,79f8fd6daa1917cefa130a7723897473b4bbd80f89ed783903e502ed6c2bf596
USGS_01463500_discharge_cms_20261004T200000Z,observational,USGS-NWIS,01463500,discharge_cms,2026-10-04T20:00:00Z,119.497093,m3/s,P,79f8fd6daa1917cefa130a7723897473b4bbd80f89ed783903e502ed6c2bf596
USGS_01463500_discharge_cms_20261004T201500Z,observational,USGS-NWIS,01463500,discharge_cms,2026-10-04T20:15:00Z,119.497093,m3/s,P,79f8fd6daa1917cefa130a7723897473b4bbd80f89ed783903e502ed6c2bf596
USGS_01463500_discharge_cms_20261004T203000Z,observational,USGS-NWIS,01463500,discharge_cms,2026-10-04T20:30:00Z,119.497093,m3/s,P,79f8fd6daa1917cefa130a7723897473b4bbd80f89ed783903e502ed6c2bf596
USGS_01463500_discharge_cms_20261004T204500Z,observational,USGS-NWIS,01463500,discharge_cms,2026-10-04T20:45:00Z,118.364419,m3/s,P,79f8fd6daa1917cefa130a7723897473b4bbd80f89ed783903e502ed6c2bf596
USGS_01463500_discharge_cms_20261004T210000Z,observational,USGS-NWIS,01463500,discharge_cms,2026-10-04T21:00:00Z,118.364419,m3/s,P,79f8fd6daa1917cefa130a7723897473b4bbd80f89ed783903e502ed6c2bf596
USGS_01463500_discharge_cms_20261004T211500Z,observational,USGS-NWIS,01463500,discharge_cms,2026-10-04T21:15:00Z,118.364419,m3/s,P,79f8fd6daa1917cefa130a7723897473b4bbd80f89ed783903e502ed6c2bf596
USGS_01463500_discharge_cms_20261004T213000Z,observational,USGS-NWIS,01463500,discharge_cms,2026-10-04T21:30:00Z,118.364419,m3/s,P,79f8fd6daa1917cefa130a7723897473b4bbd80f89ed783903e502ed6c2bf596
USGS_01463500_discharge_cms_20261004T214500Z,observational,USGS-NWIS,01463500,discharge_cms,2026-10-04T21:45:00Z,118.364419,m3/s,P,79f8fd6daa1917cefa130a7723897473b4bbd80f89ed783903e502ed6c2bf596
USGS_01463500_discharge_cms_20261004T220000Z,observational,USGS-NWIS,01463500,discharge_cms,2026-10-04T22:00:00Z,118.364419,m3/s,P,79f8fd6daa1917cefa130a7723897473b4bbd80f89ed783903e502ed6c2bf596
USGS_01463500_discharge_cms_20261004T221500Z,observational,USGS-NWIS,01463500,discharge_cms,2026-10-04T22:15:00Z,118.364419,m3/s,P,79f8fd6daa1917cefa130a7723897473b4bbd80f89ed783903e502ed6c2bf596
USGS_01463500_discharge_cms_20261004T223000Z,observational,USGS-NWIS,01463500,discharge_cms,2026-10-04T22:30:00Z,117.514913,m3/s,P,79f8fd6daa1917cefa130a7723897473b4bbd80f89ed783903e502ed6c2bf596
USGS_01463500_discharge_cms_20261004T224500Z,observational,USGS-NWIS,01463500,discharge_cms,2026-10-04T22:45:00Z,117.514913,m3/s,P,79f8fd6daa1917cefa130a7723897473b4bbd80f89ed783903e502ed6c2bf596
USGS_01463500_discharge_cms_20261004T230000Z,observational,USGS-NWIS,01463500,discharge_cms,2026-10-04T23:00:00Z,117.514913,m3/s,P,79f8fd6daa1917cefa130a7723897473b4bbd80f89ed783903e502ed6c2bf596
USGS_01463500_discharge_cms_20261004T231500Z,observational,USGS-NWIS,01463500,discharge_cms,2026-10-04T23:15:00Z,117.514913,m3/s,P,79f8fd6daa1917cefa130a7723897473b4bbd80f89ed783903e502ed6c2bf596
USGS_01463500_discharge_cms_20261004T233000Z,observational,USGS-NWIS,01463500,discharge_cms,2026-10-04T23:30:00Z,117.514913,m3/s,P,79f8fd6daa1917cefa130a7723897473b4bbd80f89ed783903e502ed6c2bf596
USGS_01463500_discharge_cms_20261004T234500Z,observational,USGS-NWIS,01463500,discharge_cms,2026-10-04T23:45:00Z,117.514913,m3/s,P,79f8fd6daa1917cefa130a7723897473b4bbd80f89ed783903e502ed6c2bf596
USGS_01463500_discharge_cms_20261005T000000Z,observational,USGS-NWIS,01463500,discharge_cms,2026-10-05T00:00:00Z,117.514913,m3/s,P,79f8fd6daa1917cefa130a7723897473b4bbd80f89ed783903e502ed6c2bf596
USGS_01463500_discharge_cms_20261005T001500Z,observational,USGS-NWIS,01463500,discharge_cms,2026-10-05T00:15:00Z,117.514913,m3/s,P,79f8fd6daa1917cefa130a7723897473b4bbd80f89ed783903e502ed6c2bf596
USGS_01463500_discharge_cms_20261005T003000Z,observational,USGS-NWIS,01463500,discharge_cms,2026-10-05T00:30:00Z,117.514913,m3/s,P,79f8fd6daa1917cefa130a7723897473b4bbd80f89ed783903e502ed6c2bf596
USGS_01463500_discharge_cms_20261005T004500Z,observational,USGS-NWIS,01463500,discharge_cms,2026-10-05T00:45:00Z,117.514913,m3/s,P,79f8fd6daa1917cefa130a7723897473b4bbd80f89ed783903e502ed6c2bf596
USGS_01463500_discharge_cms_20261005T010000Z,observational,USGS-NWIS,01463500,discharge_cms,2026-10-05T01:00:00Z,117.514913,m3/s,P,79f8fd6daa1917cefa130a7723897473b4bbd80f89ed783903e502ed6c2bf596
USGS_01463500_discharge_cms_20261005T011500Z,observational,USGS-NWIS,01463500,discharge_cms,2026-10-05T01:15:00Z,117.514913,m3/s,P,79f8fd6daa1917cefa130a7723897473b4bbd80f89ed783903e502ed6c2bf596
USGS_01463500_discharge_cms_20261005T013000Z,observational,USGS-NWIS,01463500,discharge_cms,2026-10-05T01:30:00Z,117.514913,m3/s,P,79f8fd6daa1917cefa130a7723897473b4bbd80f89ed783903e502ed6c2bf596
USGS_01463500_discharge_cms_20261005T014500Z,observational,USGS-NWIS,01463500,discharge_cms,2026-10-05T01:45:00Z,118.364419,m3/s,P,79f8fd6daa1917cefa130a7723897473b4bbd80f89ed783903e502ed6c2bf596
USGS_01463500_discharge_cms_20261005T020000Z,observational,USGS-NWIS,01463500,discharge_cms,2026-10-05T02:00:00Z,118.364419,m3/s,P,79f8fd6daa1917cefa130a7723897473b4bbd80f89ed783903e502ed6c2bf596
USGS_01463500_discharge_cms_20261005T021500Z,observational,USGS-NWIS,01463500,discharge_cms,2026-10-05T02:15:00Z,118.364419,m3/s,P,79f8fd6daa1917cefa130a7723897473b4bbd80f89ed783903e502ed6c2bf596
USGS_01463500_discharge_cms_20261005T023000Z,observational,USGS-NWIS,01463500,discharge_cms,2026-10-05T02:30:00Z,119.497093,m3/s,P,79f8fd6daa1917cefa130a7723897473b4bbd80f89ed783903e502ed6c2bf596
USGS_01463500_discharge_cms_20261005T024500Z,observational,USGS-NWIS,01463500,discharge_cms,2026-10-05T02:45:00Z,119.497093,m3/s,P,79f8fd6daa1917cefa130a7723897473b4bbd80f89ed783903e502ed6c2bf596
USGS_01463500_discharge_cms_20261005T030000Z,observational,USGS-NWIS,01463500,discharge_cms,2026-10-05T03:00:00Z,118.364419,m3/s,P,79f8fd6daa1917cefa130a7723897473b4bbd80f89ed783903e502ed6c2bf596
USGS_01463500_discharge_cms_20261005T031500Z,observational,USGS-NWIS,01463500,discharge_cms,2026-10-05T03:15:00Z,117.514913,m3/s,P,79f8fd6daa1917cefa130a7723897473b4bbd80f89ed783903e502ed6c2bf596
USGS_01463500_discharge_cms_20261005T033000Z,observational,USGS-NWIS,01463500,discharge_cms,2026-10-05T03:30:00Z,117.514913,m3/s,P,79f8fd6daa1917cefa130a7723897473b4bbd80f89ed783903e502ed6c2bf596
USGS_01463500_discharge_cms_20261005T034500Z,observational,USGS-NWIS,01463500,discharge_cms,2026-10-05T03:45:00Z,116.382239,m3/s,P,79f8fd6daa1917cefa130a7723897473b4bbd80f89ed783903e502ed6c2bf596
USGS_01463500_discharge_cms_20261005T040000Z,observational,USGS-NWIS,01463500,discharge_cms,2026-10-05T04:00:00Z,116.382239,m3/s,P,79f8fd6daa1917cefa130a7723897473b4bbd80f89ed783903e502ed6c2bf596
USGS_01463500_discharge_cms_20261005T041500Z,observational,USGS-NWIS,01463500,discharge_cms,2026-10-05T04:15:00Z,115.249566,m3/s,P,79f8fd6daa1917cefa130a7723897473b4bbd80f89ed783903e502ed6c2bf596
USGS_01463500_discharge_cms_20261005T043000Z,observational,USGS-NWIS,01463500,discharge_cms,2026-10-05T04:30:00Z,115.249566,m3/s,P,79f8fd6daa1917cefa130a7723897473b4bbd80f89ed783903e502ed6c2bf596
USGS_01463500_discharge_cms_20261005T044500Z,observational,USGS-NWIS,01463500,discharge_cms,2026-10-05T04:45:00Z,115.249566,m3/s,P,79f8fd6daa1917cefa130a7723897473b4bbd80f89ed783903e502ed6c2bf596
USGS_01463500_discharge_cms_20261005T050000Z,observational,USGS-NWIS,01463500,discharge_cms,2026-10-05T05:00:00Z,114.40006,m3/s,P,79f8fd6daa1917cefa130a7723897473b4bbd80f89ed783903e502ed6c2bf596
USGS_01463500_discharge_cms_20261005T051500Z,observational,USGS-NWIS,01463500,discharge_cms,2026-10-05T05:15:00Z,114.40006,m3/s,P,79f8fd6daa1917cefa130a7723897473b4bbd80f89ed783903e502ed6c2bf596
USGS_01463500_discharge_cms_20261005T053000Z,observational,USGS-NWIS,01463500,discharge_cms,2026-10-05T05:30:00Z,114.40006,m3/s,P,79f8fd6daa1917cefa130a7723897473b4bbd80f89ed783903e502ed6c2bf596
USGS_01463500_discharge_cms_20261005T054500Z,observational,USGS-NWIS,01463500,discharge_cms,2026-10-05T05:45:00Z,114.40006,m3/s,P,79f8fd6daa1917cefa130a7723897473b4bbd80f89ed783903e502ed6c2bf596
USGS_01463500_discharge_cms_20261005T060000Z,observational,USGS-NWIS,01463500,discharge_cms,2026-10-05T06:00:00Z,114.40006,m3/s,P,79f8fd6daa1917cefa130a7723897473b4bbd80f89ed783903e502ed6c2bf596
USGS_01463500_discharge_cms_20261005T061500Z,observational,USGS-NWIS,01463500,discharge_cms,2026-10-05T06:15:00Z,114.40006,m3/s,P,79f8fd6daa1917cefa130a7723897473b4bbd80f89ed783903e502ed6c2bf596
USGS_01463500_discharge_cms_20261005T063000Z,observational,USGS-NWIS,01463500,discharge_cms,2026-10-05T06:30:00Z,114.40006,m3/s,P,79f8fd6daa1917cefa130a7723897473b4bbd80f89ed783903e502ed6c2bf596
USGS_01463500_discharge_cms_20261005T064500Z,observational,USGS-NWIS,01463500,discharge_cms,2026-10-05T06:45:00Z,114.40006,m3/s,P,79f8fd6daa1917cefa130a7723897473b4bbd80f89ed783903e502ed6c2bf596
USGS_01463500_discharge_cms_20261005T070000Z,observational,USGS-NWIS,01463500,discharge_cms,2026-10-05T07:00:00Z,114.40006,m3/s,P,79f8fd6daa1917cefa130a7723897473b4bbd80f89ed783903e502ed6c2bf596
USGS_01463500_discharge_cms_20261005T071500Z,observational,USGS-NWIS,01463500,discharge_cms,2026-10-05T07:15:00Z,114.40006,m3/s,P,79f8fd6daa1917cefa130a7723897473b4bbd80f89ed783903e502ed6c2bf596
USGS_01463500_discharge_cms_20261005T073000Z,observational,USGS-NWIS,01463500,discharge_cms,2026-10-05T07:30:00Z,114.40006,m3/s,P,79f8fd6daa1917cefa130a7723897473b4bbd80f89ed783903e502ed6c2bf596
USGS_01463500_discharge_cms_20261005T074500Z,observational,USGS-NWIS,01463500,discharge_cms,2026-10-05T07:45:00Z,114.40006,m3/s,P,79f8fd6daa1917cefa130a7723897473b4bbd80f89ed783903e502ed6c2bf596
USGS_01463500_discharge_cms_20261005T080000Z,observational,USGS-NWIS,01463500,discharge_cms,2026-10-05T08:00:00Z,113.267386,m3/s,P,79f8fd6daa1917cefa130a7723897473b4bbd80f89ed783903e502ed6c2bf596
USGS_01463500_discharge_cms_20261005T081500Z,observational,USGS-NWIS,01463500,discharge_cms,2026-10-05T08:15:00Z,113.267386,m3/s,P,79f8fd6daa1917cefa130a7723897473b4bbd80f89ed783903e502ed6c2bf596
USGS_01463500_discharge_cms_20261005T083000Z,observational,USGS-NWIS,01463500,discharge_cms,2026-10-05T08:30:00Z,113.267386,m3/s,P,79f8fd6daa1917cefa130a7723897473b4bbd80f89ed783903e502ed6c2bf596
USGS_01463500_discharge_cms_20261005T084500Z,observational,USGS-NWIS,01463500,discharge_cms,2026-10-05T08:45:00Z,113.267386,m3/s,P,79f8fd6daa1917cefa130a7723897473b4bbd80f89ed783903e502ed6c2bf596
USGS_01463500_discharge_cms_20261005T090000Z,observational,USGS-NWIS,01463500,discharge_cms,2026-10-05T09:00:00Z,113.267386,m3/s,P,79f8fd6daa1917cefa130a7723897473b4bbd80f89ed783903e502ed6c2bf596
USGS_01463500_discharge_cms_20261005T091500Z,observational,USGS-NWIS,01463500,discharge_cms,2026-10-05T09:15:00Z,113.267386,m3/s,P,79f8fd6daa1917cefa130a7723897473b4bbd80f89ed783903e502ed6c2bf596
USGS_01463500_discharge_cms_20261005T093000Z,observational,USGS-NWIS,01463500,discharge_cms,2026-10-05T09:30:00Z,113.267386,m3/s,P,79f8fd6daa1917cefa130a7723897473b4bbd80f89ed783903e502ed6c2bf596
USGS_01463500_discharge_cms_20261005T094500Z,observational,USGS-NWIS,01463500,discharge_cms,2026-10-05T09:45:00Z,113.267386,m3/s,P,79f8fd6daa1917cefa130a7723897473b4bbd80f89ed783903e502ed6c2bf596
USGS_01463500_discharge_cms_20261005T100000Z,observational,USGS-NWIS,01463500,discharge_cms,2026-10-05T10:00:00Z,112.417881,m3/s,P,79f8fd6daa1917cefa130a7723897473b4bbd80f89ed783903e502ed6c2bf596
USGS_01463500_discharge_cms_20261005T101500Z,observational,USGS-NWIS,01463500,discharge_cms,2026-10-05T10:15:00Z,112.417881,m3/s,P,79f8fd6daa1917cefa130a7723897473b4bbd80f89ed783903e502ed6c2bf596
USGS_01463500_discharge_cms_20261005T103000Z,observational,USGS-NWIS,01463500,discharge_cms,2026-10-05T10:30:00Z,112.417881,m3/s,P,79f8fd6daa1917cefa130a7723897473b4bbd80f89ed783903e502ed6c2bf596
USGS_01463500_discharge_cms_20261005T104500Z,observational,USGS-NWIS,01463500,discharge_cms,2026-10-05T10:45:00Z,112.417881,m3/s,P,79f8fd6daa1917cefa130a7723897473b4bbd80f89ed783903e502ed6c2bf596
USGS_01463500_discharge_cms_20261005T110000Z,observational,USGS-NWIS,01463500,discharge_cms,2026-10-05T11:00:00Z,112.417881,m3/s,P,79f8fd6daa1917cefa130a7723897473b4bbd80f89ed783903e502ed6c2bf596
USGS_01463500_discharge_cms_20261005T111500Z,observational,USGS-NWIS,01463500,discharge_cms,2026-10-05T11:15:00Z,112.417881,m3/s,P,79f8fd6daa1917cefa130a7723897473b4bbd80f89ed783903e502ed6c2bf596
USGS_01463500_discharge_cms_20261005T113000Z,observational,USGS-NWIS,01463500,discharge_cms,2026-10-05T11:30:00Z,112.417881,m3/s,P,79f8fd6daa1917cefa130a7723897473b4bbd80f89ed783903e502ed6c2bf596
USGS_01463500_discharge_cms_20261005T114500Z,observational,USGS-NWIS,01463500,discharge_cms,2026-10-05T11:45:00Z,111.285207,m3/s,P,79f8fd6daa1917cefa130a7723897473b4bbd80f89ed783903e502ed6c2bf596
USGS_01463500_discharge_cms_20261005T120000Z,observational,USGS-NWIS,01463500,discharge_cms,2026-10-05T12:00:00Z,111.285207,m3/s,P,79f8fd6daa1917cefa130a7723897473b4bbd80f89ed783903e502ed6c2bf596
USGS_01463500_discharge_cms_20261005T121500Z,observational,USGS-NWIS,01463500,discharge_cms,2026-10-05T12:15:00Z,111.285207,m3/s,P,79f8fd6daa1917cefa130a7723897473b4bbd80f89ed783903e502ed6c2bf596
NOAA_NWPS_01463500_flood_stage_action,observational,NOAA-NWPS,01463500,flood_stage_action_m,2026-01-01T00:00:00Z,5.1816,m,OFFICIAL_NWS_STAGE,d9f46d6e1cc9f73064e202140525bc5db5964ceb4ec552f40747367df31968da
NOAA_NWPS_01463500_flood_stage_major,observational,NOAA-NWPS,01463500,flood_stage_major_m,2026-01-01T00:00:00Z,7.62,m,OFFICIAL_NWS_STAGE,d9f46d6e1cc9f73064e202140525bc5db5964ceb4ec552f40747367df31968da
NOAA_NWPS_01463500_flood_stage_minor,observational,NOAA-NWPS,01463500,flood_stage_minor_m,2026-01-01T00:00:00Z,6.096,m,OFFICIAL_NWS_STAGE,d9f46d6e1cc9f73064e202140525bc5db5964ceb4ec552f40747367df31968da
NOAA_NWPS_01463500_flood_stage_moderate,observational,NOAA-NWPS,01463500,flood_stage_moderate_m,2026-01-01T00:00:00Z,7.0104,m,OFFICIAL_NWS_STAGE,d9f46d6e1cc9f73064e202140525bc5db5964ceb4ec552f40747367df31968da
USGS_01463500_gage_height_m_20261004T130000Z,observational,USGS-NWIS,01463500,gage_height_m,2026-10-04T13:00:00Z,2.679192,m,P,79f8fd6daa1917cefa130a7723897473b4bbd80f89ed783903e502ed6c2bf596
USGS_01463500_gage_height_m_20261004T131500Z,observational,USGS-NWIS,01463500,gage_height_m,2026-10-04T13:15:00Z,2.679192,m,P,79f8fd6daa1917cefa130a7723897473b4bbd80f89ed783903e502ed6c2bf596
USGS_01463500_gage_height_m_20261004T133000Z,observational,USGS-NWIS,01463500,gage_height_m,2026-10-04T13:30:00Z,2.679192,m,P,79f8fd6daa1917cefa130a7723897473b4bbd80f89ed783903e502ed6c2bf596
USGS_01463500_gage_height_m_20261004T134500Z,observational,USGS-NWIS,01463500,gage_height_m,2026-10-04T13:45:00Z,2.679192,m,P,79f8fd6daa1917cefa130a7723897473b4bbd80f89ed783903e502ed6c2bf596
USGS_01463500_gage_height_m_20261004T140000Z,observational,USGS-NWIS,01463500,gage_height_m,2026-10-04T14:00:00Z,2.679192,m,P,79f8fd6daa1917cefa130a7723897473b4bbd80f89ed783903e502ed6c2bf596
USGS_01463500_gage_height_m_20261004T141500Z,observational,USGS-NWIS,01463500,gage_height_m,2026-10-04T14:15:00Z,2.679192,m,P,79f8fd6daa1917cefa130a7723897473b4bbd80f89ed783903e502ed6c2bf596
USGS_01463500_gage_height_m_20261004T143000Z,observational,USGS-NWIS,01463500,gage_height_m,2026-10-04T14:30:00Z,2.679192,m,P,79f8fd6daa1917cefa130a7723897473b4bbd80f89ed783903e502ed6c2bf596
USGS_01463500_gage_height_m_20261004T144500Z,observational,USGS-NWIS,01463500,gage_height_m,2026-10-04T14:45:00Z,2.676144,m,P,79f8fd6daa1917cefa130a7723897473b4bbd80f89ed783903e502ed6c2bf596
USGS_01463500_gage_height_m_20261004T150000Z,observational,USGS-NWIS,01463500,gage_height_m,2026-10-04T15:00:00Z,2.676144,m,P,79f8fd6daa1917cefa130a7723897473b4bbd80f89ed783903e502ed6c2bf596
USGS_01463500_gage_height_m_20261004T151500Z,observational,USGS-NWIS,01463500,gage_height_m,2026-10-04T15:15:00Z,2.676144,m,P,79f8fd6daa1917cefa130a7723897473b4bbd80f89ed783903e502ed6c2bf596
USGS_01463500_gage_height_m_20261004T153000Z,observational,USGS-NWIS,01463500,gage_height_m,2026-10-04T15:30:00Z,2.676144,m,P,79f8fd6daa1917cefa130a7723897473b4bbd80f89ed783903e502ed6c2bf596
USGS_01463500_gage_height_m_20261004T154500Z,observational,USGS-NWIS,01463500,gage_height_m,2026-10-04T15:45:00Z,2.676144,m,P,79f8fd6daa1917cefa130a7723897473b4bbd80f89ed783903e502ed6c2bf596
USGS_01463500_gage_height_m_20261004T160000Z,observational,USGS-NWIS,01463500,gage_height_m,2026-10-04T16:00:00Z,2.676144,m,P,79f8fd6daa1917cefa130a7723897473b4bbd80f89ed783903e502ed6c2bf596
USGS_01463500_gage_height_m_20261004T161500Z,observational,USGS-NWIS,01463500,gage_height_m,2026-10-04T16:15:00Z,2.676144,m,P,79f8fd6daa1917cefa130a7723897473b4bbd80f89ed783903e502ed6c2bf596
USGS_01463500_gage_height_m_20261004T163000Z,observational,USGS-NWIS,01463500,gage_height_m,2026-10-04T16:30:00Z,2.676144,m,P,79f8fd6daa1917cefa130a7723897473b4bbd80f89ed783903e502ed6c2bf596
USGS_01463500_gage_height_m_20261004T164500Z,observational,USGS-NWIS,01463500,gage_height_m,2026-10-04T16:45:00Z,2.676144,m,P,79f8fd6daa1917cefa130a7723897473b4bbd80f89ed783903e502ed6c2bf596
USGS_01463500_gage_height_m_20261004T170000Z,observational,USGS-NWIS,01463500,gage_height_m,2026-10-04T17:00:00Z,2.673096,m,P,79f8fd6daa1917cefa130a7723897473b4bbd80f89ed783903e502ed6c2bf596
USGS_01463500_gage_height_m_20261004T171500Z,observational,USGS-NWIS,01463500,gage_height_m,2026-10-04T17:15:00Z,2.673096,m,P,79f8fd6daa1917cefa130a7723897473b4bbd80f89ed783903e502ed6c2bf596
USGS_01463500_gage_height_m_20261004T173000Z,observational,USGS-NWIS,01463500,gage_height_m,2026-10-04T17:30:00Z,2.673096,m,P,79f8fd6daa1917cefa130a7723897473b4bbd80f89ed783903e502ed6c2bf596
USGS_01463500_gage_height_m_20261004T174500Z,observational,USGS-NWIS,01463500,gage_height_m,2026-10-04T17:45:00Z,2.673096,m,P,79f8fd6daa1917cefa130a7723897473b4bbd80f89ed783903e502ed6c2bf596
USGS_01463500_gage_height_m_20261004T180000Z,observational,USGS-NWIS,01463500,gage_height_m,2026-10-04T18:00:00Z,2.673096,m,P,79f8fd6daa1917cefa130a7723897473b4bbd80f89ed783903e502ed6c2bf596
USGS_01463500_gage_height_m_20261004T181500Z,observational,USGS-NWIS,01463500,gage_height_m,2026-10-04T18:15:00Z,2.673096,m,P,79f8fd6daa1917cefa130a7723897473b4bbd80f89ed783903e502ed6c2bf596
USGS_01463500_gage_height_m_20261004T183000Z,observational,USGS-NWIS,01463500,gage_height_m,2026-10-04T18:30:00Z,2.673096,m,P,79f8fd6daa1917cefa130a7723897473b4bbd80f89ed783903e502ed6c2bf596
USGS_01463500_gage_height_m_20261004T184500Z,observational,USGS-NWIS,01463500,gage_height_m,2026-10-04T18:45:00Z,2.673096,m,P,79f8fd6daa1917cefa130a7723897473b4bbd80f89ed783903e502ed6c2bf596
USGS_01463500_gage_height_m_20261004T190000Z,observational,USGS-NWIS,01463500,gage_height_m,2026-10-04T19:00:00Z,2.670048,m,P,79f8fd6daa1917cefa130a7723897473b4bbd80f89ed783903e502ed6c2bf596
USGS_01463500_gage_height_m_20261004T191500Z,observational,USGS-NWIS,01463500,gage_height_m,2026-10-04T19:15:00Z,2.670048,m,P,79f8fd6daa1917cefa130a7723897473b4bbd80f89ed783903e502ed6c2bf596
USGS_01463500_gage_height_m_20261004T193000Z,observational,USGS-NWIS,01463500,gage_height_m,2026-10-04T19:30:00Z,2.670048,m,P,79f8fd6daa1917cefa130a7723897473b4bbd80f89ed783903e502ed6c2bf596
USGS_01463500_gage_height_m_20261004T194500Z,observational,USGS-NWIS,01463500,gage_height_m,2026-10-04T19:45:00Z,2.670048,m,P,79f8fd6daa1917cefa130a7723897473b4bbd80f89ed783903e502ed6c2bf596
USGS_01463500_gage_height_m_20261004T200000Z,observational,USGS-NWIS,01463500,gage_height_m,2026-10-04T20:00:00Z,2.670048,m,P,79f8fd6daa1917cefa130a7723897473b4bbd80f89ed783903e502ed6c2bf596
USGS_01463500_gage_height_m_20261004T201500Z,observational,USGS-NWIS,01463500,gage_height_m,2026-10-04T20:15:00Z,2.670048,m,P,79f8fd6daa1917cefa130a7723897473b4bbd80f89ed783903e502ed6c2bf596
USGS_01463500_gage_height_m_20261004T203000Z,observational,USGS-NWIS,01463500,gage_height_m,2026-10-04T20:30:00Z,2.670048,m,P,79f8fd6daa1917cefa130a7723897473b4bbd80f89ed783903e502ed6c2bf596
USGS_01463500_gage_height_m_20261004T204500Z,observational,USGS-NWIS,01463500,gage_height_m,2026-10-04T20:45:00Z,2.667,m,P,79f8fd6daa1917cefa130a7723897473b4bbd80f89ed783903e502ed6c2bf596
USGS_01463500_gage_height_m_20261004T210000Z,observational,USGS-NWIS,01463500,gage_height_m,2026-10-04T21:00:00Z,2.667,m,P,79f8fd6daa1917cefa130a7723897473b4bbd80f89ed783903e502ed6c2bf596
USGS_01463500_gage_height_m_20261004T211500Z,observational,USGS-NWIS,01463500,gage_height_m,2026-10-04T21:15:00Z,2.667,m,P,79f8fd6daa1917cefa130a7723897473b4bbd80f89ed783903e502ed6c2bf596
USGS_01463500_gage_height_m_20261004T213000Z,observational,USGS-NWIS,01463500,gage_height_m,2026-10-04T21:30:00Z,2.667,m,P,79f8fd6daa1917cefa130a7723897473b4bbd80f89ed783903e502ed6c2bf596
USGS_01463500_gage_height_m_20261004T214500Z,observational,USGS-NWIS,01463500,gage_height_m,2026-10-04T21:45:00Z,2.667,m,P,79f8fd6daa1917cefa130a7723897473b4bbd80f89ed783903e502ed6c2bf596
USGS_01463500_gage_height_m_20261004T220000Z,observational,USGS-NWIS,01463500,gage_height_m,2026-10-04T22:00:00Z,2.667,m,P,79f8fd6daa1917cefa130a7723897473b4bbd80f89ed783903e502ed6c2bf596
USGS_01463500_gage_height_m_20261004T221500Z,observational,USGS-NWIS,01463500,gage_height_m,2026-10-04T22:15:00Z,2.667,m,P,79f8fd6daa1917cefa130a7723897473b4bbd80f89ed783903e502ed6c2bf596
USGS_01463500_gage_height_m_20261004T223000Z,observational,USGS-NWIS,01463500,gage_height_m,2026-10-04T22:30:00Z,2.663952,m,P,79f8fd6daa1917cefa130a7723897473b4bbd80f89ed783903e502ed6c2bf596
USGS_01463500_gage_height_m_20261004T224500Z,observational,USGS-NWIS,01463500,gage_height_m,2026-10-04T22:45:00Z,2.663952,m,P,79f8fd6daa1917cefa130a7723897473b4bbd80f89ed783903e502ed6c2bf596
USGS_01463500_gage_height_m_20261004T230000Z,observational,USGS-NWIS,01463500,gage_height_m,2026-10-04T23:00:00Z,2.663952,m,P,79f8fd6daa1917cefa130a7723897473b4bbd80f89ed783903e502ed6c2bf596
USGS_01463500_gage_height_m_20261004T231500Z,observational,USGS-NWIS,01463500,gage_height_m,2026-10-04T23:15:00Z,2.663952,m,P,79f8fd6daa1917cefa130a7723897473b4bbd80f89ed783903e502ed6c2bf596
USGS_01463500_gage_height_m_20261004T233000Z,observational,USGS-NWIS,01463500,gage_height_m,2026-10-04T23:30:00Z,2.663952,m,P,79f8fd6daa1917cefa130a7723897473b4bbd80f89ed783903e502ed6c2bf596
USGS_01463500_gage_height_m_20261004T234500Z,observational,USGS-NWIS,01463500,gage_height_m,2026-10-04T23:45:00Z,2.663952,m,P,79f8fd6daa1917cefa130a7723897473b4bbd80f89ed783903e502ed6c2bf596
USGS_01463500_gage_height_m_20261005T000000Z,observational,USGS-NWIS,01463500,gage_height_m,2026-10-05T00:00:00Z,2.663952,m,P,79f8fd6daa1917cefa130a7723897473b4bbd80f89ed783903e502ed6c2bf596
USGS_01463500_gage_height_m_20261005T001500Z,observational,USGS-NWIS,01463500,gage_height_m,2026-10-05T00:15:00Z,2.663952,m,P,79f8fd6daa1917cefa130a7723897473b4bbd80f89ed783903e502ed6c2bf596
USGS_01463500_gage_height_m_20261005T003000Z,observational,USGS-NWIS,01463500,gage_height_m,2026-10-05T00:30:00Z,2.663952,m,P,79f8fd6daa1917cefa130a7723897473b4bbd80f89ed783903e502ed6c2bf596
USGS_01463500_gage_height_m_20261005T004500Z,observational,USGS-NWIS,01463500,gage_height_m,2026-10-05T00:45:00Z,2.663952,m,P,79f8fd6daa1917cefa130a7723897473b4bbd80f89ed783903e502ed6c2bf596
USGS_01463500_gage_height_m_20261005T010000Z,observational,USGS-NWIS,01463500,gage_height_m,2026-10-05T01:00:00Z,2.663952,m,P,79f8fd6daa1917cefa130a7723897473b4bbd80f89ed783903e502ed6c2bf596
USGS_01463500_gage_height_m_20261005T011500Z,observational,USGS-NWIS,01463500,gage_height_m,2026-10-05T01:15:00Z,2.663952,m,P,79f8fd6daa1917cefa130a7723897473b4bbd80f89ed783903e502ed6c2bf596
USGS_01463500_gage_height_m_20261005T013000Z,observational,USGS-NWIS,01463500,gage_height_m,2026-10-05T01:30:00Z,2.663952,m,P,79f8fd6daa1917cefa130a7723897473b4bbd80f89ed783903e502ed6c2bf596
USGS_01463500_gage_height_m_20261005T014500Z,observational,USGS-NWIS,01463500,gage_height_m,2026-10-05T01:45:00Z,2.667,m,P,79f8fd6daa1917cefa130a7723897473b4bbd80f89ed783903e502ed6c2bf596
USGS_01463500_gage_height_m_20261005T020000Z,observational,USGS-NWIS,01463500,gage_height_m,2026-10-05T02:00:00Z,2.667,m,P,79f8fd6daa1917cefa130a7723897473b4bbd80f89ed783903e502ed6c2bf596
USGS_01463500_gage_height_m_20261005T021500Z,observational,USGS-NWIS,01463500,gage_height_m,2026-10-05T02:15:00Z,2.667,m,P,79f8fd6daa1917cefa130a7723897473b4bbd80f89ed783903e502ed6c2bf596
USGS_01463500_gage_height_m_20261005T023000Z,observational,USGS-NWIS,01463500,gage_height_m,2026-10-05T02:30:00Z,2.670048,m,P,79f8fd6daa1917cefa130a7723897473b4bbd80f89ed783903e502ed6c2bf596
USGS_01463500_gage_height_m_20261005T024500Z,observational,USGS-NWIS,01463500,gage_height_m,2026-10-05T02:45:00Z,2.670048,m,P,79f8fd6daa1917cefa130a7723897473b4bbd80f89ed783903e502ed6c2bf596
USGS_01463500_gage_height_m_20261005T030000Z,observational,USGS-NWIS,01463500,gage_height_m,2026-10-05T03:00:00Z,2.667,m,P,79f8fd6daa1917cefa130a7723897473b4bbd80f89ed783903e502ed6c2bf596
USGS_01463500_gage_height_m_20261005T031500Z,observational,USGS-NWIS,01463500,gage_height_m,2026-10-05T03:15:00Z,2.663952,m,P,79f8fd6daa1917cefa130a7723897473b4bbd80f89ed783903e502ed6c2bf596
USGS_01463500_gage_height_m_20261005T033000Z,observational,USGS-NWIS,01463500,gage_height_m,2026-10-05T03:30:00Z,2.663952,m,P,79f8fd6daa1917cefa130a7723897473b4bbd80f89ed783903e502ed6c2bf596
USGS_01463500_gage_height_m_20261005T034500Z,observational,USGS-NWIS,01463500,gage_height_m,2026-10-05T03:45:00Z,2.660904,m,P,79f8fd6daa1917cefa130a7723897473b4bbd80f89ed783903e502ed6c2bf596
USGS_01463500_gage_height_m_20261005T040000Z,observational,USGS-NWIS,01463500,gage_height_m,2026-10-05T04:00:00Z,2.660904,m,P,79f8fd6daa1917cefa130a7723897473b4bbd80f89ed783903e502ed6c2bf596
USGS_01463500_gage_height_m_20261005T041500Z,observational,USGS-NWIS,01463500,gage_height_m,2026-10-05T04:15:00Z,2.657856,m,P,79f8fd6daa1917cefa130a7723897473b4bbd80f89ed783903e502ed6c2bf596
USGS_01463500_gage_height_m_20261005T043000Z,observational,USGS-NWIS,01463500,gage_height_m,2026-10-05T04:30:00Z,2.657856,m,P,79f8fd6daa1917cefa130a7723897473b4bbd80f89ed783903e502ed6c2bf596
USGS_01463500_gage_height_m_20261005T044500Z,observational,USGS-NWIS,01463500,gage_height_m,2026-10-05T04:45:00Z,2.657856,m,P,79f8fd6daa1917cefa130a7723897473b4bbd80f89ed783903e502ed6c2bf596
USGS_01463500_gage_height_m_20261005T050000Z,observational,USGS-NWIS,01463500,gage_height_m,2026-10-05T05:00:00Z,2.654808,m,P,79f8fd6daa1917cefa130a7723897473b4bbd80f89ed783903e502ed6c2bf596
USGS_01463500_gage_height_m_20261005T051500Z,observational,USGS-NWIS,01463500,gage_height_m,2026-10-05T05:15:00Z,2.654808,m,P,79f8fd6daa1917cefa130a7723897473b4bbd80f89ed783903e502ed6c2bf596
USGS_01463500_gage_height_m_20261005T053000Z,observational,USGS-NWIS,01463500,gage_height_m,2026-10-05T05:30:00Z,2.654808,m,P,79f8fd6daa1917cefa130a7723897473b4bbd80f89ed783903e502ed6c2bf596
USGS_01463500_gage_height_m_20261005T054500Z,observational,USGS-NWIS,01463500,gage_height_m,2026-10-05T05:45:00Z,2.654808,m,P,79f8fd6daa1917cefa130a7723897473b4bbd80f89ed783903e502ed6c2bf596
USGS_01463500_gage_height_m_20261005T060000Z,observational,USGS-NWIS,01463500,gage_height_m,2026-10-05T06:00:00Z,2.654808,m,P,79f8fd6daa1917cefa130a7723897473b4bbd80f89ed783903e502ed6c2bf596
USGS_01463500_gage_height_m_20261005T061500Z,observational,USGS-NWIS,01463500,gage_height_m,2026-10-05T06:15:00Z,2.654808,m,P,79f8fd6daa1917cefa130a7723897473b4bbd80f89ed783903e502ed6c2bf596
USGS_01463500_gage_height_m_20261005T063000Z,observational,USGS-NWIS,01463500,gage_height_m,2026-10-05T06:30:00Z,2.654808,m,P,79f8fd6daa1917cefa130a7723897473b4bbd80f89ed783903e502ed6c2bf596
USGS_01463500_gage_height_m_20261005T064500Z,observational,USGS-NWIS,01463500,gage_height_m,2026-10-05T06:45:00Z,2.654808,m,P,79f8fd6daa1917cefa130a7723897473b4bbd80f89ed783903e502ed6c2bf596
USGS_01463500_gage_height_m_20261005T070000Z,observational,USGS-NWIS,01463500,gage_height_m,2026-10-05T07:00:00Z,2.654808,m,P,79f8fd6daa1917cefa130a7723897473b4bbd80f89ed783903e502ed6c2bf596
USGS_01463500_gage_height_m_20261005T071500Z,observational,USGS-NWIS,01463500,gage_height_m,2026-10-05T07:15:00Z,2.654808,m,P,79f8fd6daa1917cefa130a7723897473b4bbd80f89ed783903e502ed6c2bf596
USGS_01463500_gage_height_m_20261005T073000Z,observational,USGS-NWIS,01463500,gage_height_m,2026-10-05T07:30:00Z,2.654808,m,P,79f8fd6daa1917cefa130a7723897473b4bbd80f89ed783903e502ed6c2bf596
USGS_01463500_gage_height_m_20261005T074500Z,observational,USGS-NWIS,01463500,gage_height_m,2026-10-05T07:45:00Z,2.654808,m,P,79f8fd6daa1917cefa130a7723897473b4bbd80f89ed783903e502ed6c2bf596
USGS_01463500_gage_height_m_20261005T080000Z,observational,USGS-NWIS,01463500,gage_height_m,2026-10-05T08:00:00Z,2.65176,m,P,79f8fd6daa1917cefa130a7723897473b4bbd80f89ed783903e502ed6c2bf596
USGS_01463500_gage_height_m_20261005T081500Z,observational,USGS-NWIS,01463500,gage_height_m,2026-10-05T08:15:00Z,2.65176,m,P,79f8fd6daa1917cefa130a7723897473b4bbd80f89ed783903e502ed6c2bf596
USGS_01463500_gage_height_m_20261005T083000Z,observational,USGS-NWIS,01463500,gage_height_m,2026-10-05T08:30:00Z,2.65176,m,P,79f8fd6daa1917cefa130a7723897473b4bbd80f89ed783903e502ed6c2bf596
USGS_01463500_gage_height_m_20261005T084500Z,observational,USGS-NWIS,01463500,gage_height_m,2026-10-05T08:45:00Z,2.65176,m,P,79f8fd6daa1917cefa130a7723897473b4bbd80f89ed783903e502ed6c2bf596
USGS_01463500_gage_height_m_20261005T090000Z,observational,USGS-NWIS,01463500,gage_height_m,2026-10-05T09:00:00Z,2.65176,m,P,79f8fd6daa1917cefa130a7723897473b4bbd80f89ed783903e502ed6c2bf596
USGS_01463500_gage_height_m_20261005T091500Z,observational,USGS-NWIS,01463500,gage_height_m,2026-10-05T09:15:00Z,2.65176,m,P,79f8fd6daa1917cefa130a7723897473b4bbd80f89ed783903e502ed6c2bf596
USGS_01463500_gage_height_m_20261005T093000Z,observational,USGS-NWIS,01463500,gage_height_m,2026-10-05T09:30:00Z,2.65176,m,P,79f8fd6daa1917cefa130a7723897473b4bbd80f89ed783903e502ed6c2bf596
USGS_01463500_gage_height_m_20261005T094500Z,observational,USGS-NWIS,01463500,gage_height_m,2026-10-05T09:45:00Z,2.65176,m,P,79f8fd6daa1917cefa130a7723897473b4bbd80f89ed783903e502ed6c2bf596
USGS_01463500_gage_height_m_20261005T100000Z,observational,USGS-NWIS,01463500,gage_height_m,2026-10-05T10:00:00Z,2.648712,m,P,79f8fd6daa1917cefa130a7723897473b4bbd80f89ed783903e502ed6c2bf596
USGS_01463500_gage_height_m_20261005T101500Z,observational,USGS-NWIS,01463500,gage_height_m,2026-10-05T10:15:00Z,2.648712,m,P,79f8fd6daa1917cefa130a7723897473b4bbd80f89ed783903e502ed6c2bf596
USGS_01463500_gage_height_m_20261005T103000Z,observational,USGS-NWIS,01463500,gage_height_m,2026-10-05T10:30:00Z,2.648712,m,P,79f8fd6daa1917cefa130a7723897473b4bbd80f89ed783903e502ed6c2bf596
USGS_01463500_gage_height_m_20261005T104500Z,observational,USGS-NWIS,01463500,gage_height_m,2026-10-05T10:45:00Z,2.648712,m,P,79f8fd6daa1917cefa130a7723897473b4bbd80f89ed783903e502ed6c2bf596
USGS_01463500_gage_height_m_20261005T110000Z,observational,USGS-NWIS,01463500,gage_height_m,2026-10-05T11:00:00Z,2.648712,m,P,79f8fd6daa1917cefa130a7723897473b4bbd80f89ed783903e502ed6c2bf596
USGS_01463500_gage_height_m_20261005T111500Z,observational,USGS-NWIS,01463500,gage_height_m,2026-10-05T11:15:00Z,2.648712,m,P,79f8fd6daa1917cefa130a7723897473b4bbd80f89ed783903e502ed6c2bf596
USGS_01463500_gage_height_m_20261005T113000Z,observational,USGS-NWIS,01463500,gage_height_m,2026-10-05T11:30:00Z,2.648712,m,P,79f8fd6daa1917cefa130a7723897473b4bbd80f89ed783903e502ed6c2bf596
USGS_01463500_gage_height_m_20261005T114500Z,observational,USGS-NWIS,01463500,gage_height_m,2026-10-05T11:45:00Z,2.645664,m,P,79f8fd6daa1917cefa130a7723897473b4bbd80f89ed783903e502ed6c2bf596
USGS_01463500_gage_height_m_20261005T120000Z,observational,USGS-NWIS,01463500,gage_height_m,2026-10-05T12:00:00Z,2.645664,m,P,79f8fd6daa1917cefa130a7723897473b4bbd80f89ed783903e502ed6c2bf596
USGS_01463500_gage_height_m_20261005T121500Z,observational,USGS-NWIS,01463500,gage_height_m,2026-10-05T12:15:00Z,2.645664,m,P,79f8fd6daa1917cefa130a7723897473b4bbd80f89ed783903e502ed6c2bf596
DAYMET_01463500_precipitation_mm_day_20220101,observational,NASA-Daymet,01463500,precipitation_mm_day,2022-01-01T00:00:00Z,24.52,mm/day,MODEL_REANALYSIS,f200d2492975b638e844ae39349ea02c3603258c767806d853a21f418abee2b1
DAYMET_01463500_precipitation_mm_day_20220102,observational,NASA-Daymet,01463500,precipitation_mm_day,2022-01-02T00:00:00Z,0.0,mm/day,MODEL_REANALYSIS,f200d2492975b638e844ae39349ea02c3603258c767806d853a21f418abee2b1
DAYMET_01463500_precipitation_mm_day_20220103,observational,NASA-Daymet,01463500,precipitation_mm_day,2022-01-03T00:00:00Z,0.0,mm/day,MODEL_REANALYSIS,f200d2492975b638e844ae39349ea02c3603258c767806d853a21f418abee2b1
DAYMET_01463500_precipitation_mm_day_20220104,observational,NASA-Daymet,01463500,precipitation_mm_day,2022-01-04T00:00:00Z,0.72,mm/day,MODEL_REANALYSIS,f200d2492975b638e844ae39349ea02c3603258c767806d853a21f418abee2b1
DAYMET_01463500_precipitation_mm_day_20220105,observational,NASA-Daymet,01463500,precipitation_mm_day,2022-01-05T00:00:00Z,0.32,mm/day,MODEL_REANALYSIS,f200d2492975b638e844ae39349ea02c3603258c767806d853a21f418abee2b1
DAYMET_01463500_snow_water_equivalent_kg_m2_20220101,observational,NASA-Daymet,01463500,snow_water_equivalent_kg_m2,2022-01-01T00:00:00Z,0.0,kg/m2,MODEL_REANALYSIS,f200d2492975b638e844ae39349ea02c3603258c767806d853a21f418abee2b1
DAYMET_01463500_snow_water_equivalent_kg_m2_20220102,observational,NASA-Daymet,01463500,snow_water_equivalent_kg_m2,2022-01-02T00:00:00Z,0.0,kg/m2,MODEL_REANALYSIS,f200d2492975b638e844ae39349ea02c3603258c767806d853a21f418abee2b1
DAYMET_01463500_snow_water_equivalent_kg_m2_20220103,observational,NASA-Daymet,01463500,snow_water_equivalent_kg_m2,2022-01-03T00:00:00Z,0.0,kg/m2,MODEL_REANALYSIS,f200d2492975b638e844ae39349ea02c3603258c767806d853a21f418abee2b1
DAYMET_01463500_snow_water_equivalent_kg_m2_20220104,observational,NASA-Daymet,01463500,snow_water_equivalent_kg_m2,2022-01-04T00:00:00Z,0.72,kg/m2,MODEL_REANALYSIS,f200d2492975b638e844ae39349ea02c3603258c767806d853a21f418abee2b1
DAYMET_01463500_snow_water_equivalent_kg_m2_20220105,observational,NASA-Daymet,01463500,snow_water_equivalent_kg_m2,2022-01-05T00:00:00Z,1.03,kg/m2,MODEL_REANALYSIS,f200d2492975b638e844ae39349ea02c3603258c767806d853a21f418abee2b1
DAYMET_01463500_temperature_max_c_20220101,observational,NASA-Daymet,01463500,temperature_max_c,2022-01-01T00:00:00Z,12.97,degC,MODEL_REANALYSIS,f200d2492975b638e844ae39349ea02c3603258c767806d853a21f418abee2b1
DAYMET_01463500_temperature_max_c_20220102,observational,NASA-Daymet,01463500,temperature_max_c,2022-01-02T00:00:00Z,15.9,degC,MODEL_REANALYSIS,f200d2492975b638e844ae39349ea02c3603258c767806d853a21f418abee2b1
DAYMET_01463500_temperature_max_c_20220103,observational,NASA-Daymet,01463500,temperature_max_c,2022-01-03T00:00:00Z,1.2,degC,MODEL_REANALYSIS,f200d2492975b638e844ae39349ea02c3603258c767806d853a21f418abee2b1
DAYMET_01463500_temperature_max_c_20220104,observational,NASA-Daymet,01463500,temperature_max_c,2022-01-04T00:00:00Z,2.12,degC,MODEL_REANALYSIS,f200d2492975b638e844ae39349ea02c3603258c767806d853a21f418abee2b1
DAYMET_01463500_temperature_max_c_20220105,observational,NASA-Daymet,01463500,temperature_max_c,2022-01-05T00:00:00Z,7.78,degC,MODEL_REANALYSIS,f200d2492975b638e844ae39349ea02c3603258c767806d853a21f418abee2b1
DAYMET_01463500_temperature_min_c_20220101,observational,NASA-Daymet,01463500,temperature_min_c,2022-01-01T00:00:00Z,8.68,degC,MODEL_REANALYSIS,f200d2492975b638e844ae39349ea02c3603258c767806d853a21f418abee2b1
DAYMET_01463500_temperature_min_c_20220102,observational,NASA-Daymet,01463500,temperature_min_c,2022-01-02T00:00:00Z,5.93,degC,MODEL_REANALYSIS,f200d2492975b638e844ae39349ea02c3603258c767806d853a21f418abee2b1
DAYMET_01463500_temperature_min_c_20220103,observational,NASA-Daymet,01463500,temperature_min_c,2022-01-03T00:00:00Z,-2.86,degC,MODEL_REANALYSIS,f200d2492975b638e844ae39349ea02c3603258c767806d853a21f418abee2b1
DAYMET_01463500_temperature_min_c_20220104,observational,NASA-Daymet,01463500,temperature_min_c,2022-01-04T00:00:00Z,-7.81,degC,MODEL_REANALYSIS,f200d2492975b638e844ae39349ea02c3603258c767806d853a21f418abee2b1
DAYMET_01463500_temperature_min_c_20220105,observational,NASA-Daymet,01463500,temperature_min_c,2022-01-05T00:00:00Z,-6.64,degC,MODEL_REANALYSIS,f200d2492975b638e844ae39349ea02c3603258c767806d853a21f418abee2b1
USGS_01646500_discharge_cms_20261004T125500Z,observational,USGS-NWIS,01646500,discharge_cms,2026-10-04T12:55:00Z,61.164389,m3/s,P,99c1f02c8b15d23791723ed3e3f5126eaec66831d13a387282e84b84236de9dc
USGS_01646500_discharge_cms_20261004T130000Z,observational,USGS-NWIS,01646500,discharge_cms,2026-10-04T13:00:00Z,61.164389,m3/s,P,99c1f02c8b15d23791723ed3e3f5126eaec66831d13a387282e84b84236de9dc
USGS_01646500_discharge_cms_20261004T130500Z,observational,USGS-NWIS,01646500,discharge_cms,2026-10-04T13:05:00Z,61.164389,m3/s,P,99c1f02c8b15d23791723ed3e3f5126eaec66831d13a387282e84b84236de9dc
USGS_01646500_discharge_cms_20261004T131000Z,observational,USGS-NWIS,01646500,discharge_cms,2026-10-04T13:10:00Z,61.164389,m3/s,P,99c1f02c8b15d23791723ed3e3f5126eaec66831d13a387282e84b84236de9dc
USGS_01646500_discharge_cms_20261004T131500Z,observational,USGS-NWIS,01646500,discharge_cms,2026-10-04T13:15:00Z,61.164389,m3/s,P,99c1f02c8b15d23791723ed3e3f5126eaec66831d13a387282e84b84236de9dc
USGS_01646500_discharge_cms_20261004T132000Z,observational,USGS-NWIS,01646500,discharge_cms,2026-10-04T13:20:00Z,61.164389,m3/s,P,99c1f02c8b15d23791723ed3e3f5126eaec66831d13a387282e84b84236de9dc
USGS_01646500_discharge_cms_20261004T132500Z,observational,USGS-NWIS,01646500,discharge_cms,2026-10-04T13:25:00Z,61.164389,m3/s,P,99c1f02c8b15d23791723ed3e3f5126eaec66831d13a387282e84b84236de9dc
USGS_01646500_discharge_cms_20261004T133000Z,observational,USGS-NWIS,01646500,discharge_cms,2026-10-04T13:30:00Z,62.580231,m3/s,P,99c1f02c8b15d23791723ed3e3f5126eaec66831d13a387282e84b84236de9dc
USGS_01646500_discharge_cms_20261004T133500Z,observational,USGS-NWIS,01646500,discharge_cms,2026-10-04T13:35:00Z,61.164389,m3/s,P,99c1f02c8b15d23791723ed3e3f5126eaec66831d13a387282e84b84236de9dc
USGS_01646500_discharge_cms_20261004T134000Z,observational,USGS-NWIS,01646500,discharge_cms,2026-10-04T13:40:00Z,61.164389,m3/s,P,99c1f02c8b15d23791723ed3e3f5126eaec66831d13a387282e84b84236de9dc
USGS_01646500_discharge_cms_20261004T134500Z,observational,USGS-NWIS,01646500,discharge_cms,2026-10-04T13:45:00Z,61.164389,m3/s,P,99c1f02c8b15d23791723ed3e3f5126eaec66831d13a387282e84b84236de9dc
USGS_01646500_discharge_cms_20261004T135000Z,observational,USGS-NWIS,01646500,discharge_cms,2026-10-04T13:50:00Z,61.164389,m3/s,P,99c1f02c8b15d23791723ed3e3f5126eaec66831d13a387282e84b84236de9dc
USGS_01646500_discharge_cms_20261004T135500Z,observational,USGS-NWIS,01646500,discharge_cms,2026-10-04T13:55:00Z,61.164389,m3/s,P,99c1f02c8b15d23791723ed3e3f5126eaec66831d13a387282e84b84236de9dc
USGS_01646500_discharge_cms_20261004T140000Z,observational,USGS-NWIS,01646500,discharge_cms,2026-10-04T14:00:00Z,62.580231,m3/s,P,99c1f02c8b15d23791723ed3e3f5126eaec66831d13a387282e84b84236de9dc
USGS_01646500_discharge_cms_20261004T140500Z,observational,USGS-NWIS,01646500,discharge_cms,2026-10-04T14:05:00Z,61.164389,m3/s,P,99c1f02c8b15d23791723ed3e3f5126eaec66831d13a387282e84b84236de9dc
USGS_01646500_discharge_cms_20261004T141000Z,observational,USGS-NWIS,01646500,discharge_cms,2026-10-04T14:10:00Z,61.164389,m3/s,P,99c1f02c8b15d23791723ed3e3f5126eaec66831d13a387282e84b84236de9dc
USGS_01646500_discharge_cms_20261004T141500Z,observational,USGS-NWIS,01646500,discharge_cms,2026-10-04T14:15:00Z,62.580231,m3/s,P,99c1f02c8b15d23791723ed3e3f5126eaec66831d13a387282e84b84236de9dc
USGS_01646500_discharge_cms_20261004T142000Z,observational,USGS-NWIS,01646500,discharge_cms,2026-10-04T14:20:00Z,62.580231,m3/s,P,99c1f02c8b15d23791723ed3e3f5126eaec66831d13a387282e84b84236de9dc
USGS_01646500_discharge_cms_20261004T142500Z,observational,USGS-NWIS,01646500,discharge_cms,2026-10-04T14:25:00Z,62.580231,m3/s,P,99c1f02c8b15d23791723ed3e3f5126eaec66831d13a387282e84b84236de9dc
USGS_01646500_discharge_cms_20261004T143000Z,observational,USGS-NWIS,01646500,discharge_cms,2026-10-04T14:30:00Z,62.580231,m3/s,P,99c1f02c8b15d23791723ed3e3f5126eaec66831d13a387282e84b84236de9dc
USGS_01646500_discharge_cms_20261004T143500Z,observational,USGS-NWIS,01646500,discharge_cms,2026-10-04T14:35:00Z,62.580231,m3/s,P,99c1f02c8b15d23791723ed3e3f5126eaec66831d13a387282e84b84236de9dc
USGS_01646500_discharge_cms_20261004T144000Z,observational,USGS-NWIS,01646500,discharge_cms,2026-10-04T14:40:00Z,62.580231,m3/s,P,99c1f02c8b15d23791723ed3e3f5126eaec66831d13a387282e84b84236de9dc
USGS_01646500_discharge_cms_20261004T144500Z,observational,USGS-NWIS,01646500,discharge_cms,2026-10-04T14:45:00Z,62.580231,m3/s,P,99c1f02c8b15d23791723ed3e3f5126eaec66831d13a387282e84b84236de9dc
USGS_01646500_discharge_cms_20261004T145000Z,observational,USGS-NWIS,01646500,discharge_cms,2026-10-04T14:50:00Z,62.580231,m3/s,P,99c1f02c8b15d23791723ed3e3f5126eaec66831d13a387282e84b84236de9dc
USGS_01646500_discharge_cms_20261004T145500Z,observational,USGS-NWIS,01646500,discharge_cms,2026-10-04T14:55:00Z,62.580231,m3/s,P,99c1f02c8b15d23791723ed3e3f5126eaec66831d13a387282e84b84236de9dc
USGS_01646500_discharge_cms_20261004T150000Z,observational,USGS-NWIS,01646500,discharge_cms,2026-10-04T15:00:00Z,62.580231,m3/s,P,99c1f02c8b15d23791723ed3e3f5126eaec66831d13a387282e84b84236de9dc
USGS_01646500_discharge_cms_20261004T150500Z,observational,USGS-NWIS,01646500,discharge_cms,2026-10-04T15:05:00Z,61.164389,m3/s,P,99c1f02c8b15d23791723ed3e3f5126eaec66831d13a387282e84b84236de9dc
USGS_01646500_discharge_cms_20261004T151000Z,observational,USGS-NWIS,01646500,discharge_cms,2026-10-04T15:10:00Z,62.580231,m3/s,P,99c1f02c8b15d23791723ed3e3f5126eaec66831d13a387282e84b84236de9dc
USGS_01646500_discharge_cms_20261004T151500Z,observational,USGS-NWIS,01646500,discharge_cms,2026-10-04T15:15:00Z,62.580231,m3/s,P,99c1f02c8b15d23791723ed3e3f5126eaec66831d13a387282e84b84236de9dc
USGS_01646500_discharge_cms_20261004T152000Z,observational,USGS-NWIS,01646500,discharge_cms,2026-10-04T15:20:00Z,62.580231,m3/s,P,99c1f02c8b15d23791723ed3e3f5126eaec66831d13a387282e84b84236de9dc
USGS_01646500_discharge_cms_20261004T152500Z,observational,USGS-NWIS,01646500,discharge_cms,2026-10-04T15:25:00Z,62.580231,m3/s,P,99c1f02c8b15d23791723ed3e3f5126eaec66831d13a387282e84b84236de9dc
USGS_01646500_discharge_cms_20261004T153000Z,observational,USGS-NWIS,01646500,discharge_cms,2026-10-04T15:30:00Z,62.580231,m3/s,P,99c1f02c8b15d23791723ed3e3f5126eaec66831d13a387282e84b84236de9dc
USGS_01646500_discharge_cms_20261004T153500Z,observational,USGS-NWIS,01646500,discharge_cms,2026-10-04T15:35:00Z,62.580231,m3/s,P,99c1f02c8b15d23791723ed3e3f5126eaec66831d13a387282e84b84236de9dc
USGS_01646500_discharge_cms_20261004T154000Z,observational,USGS-NWIS,01646500,discharge_cms,2026-10-04T15:40:00Z,62.580231,m3/s,P,99c1f02c8b15d23791723ed3e3f5126eaec66831d13a387282e84b84236de9dc
USGS_01646500_discharge_cms_20261004T154500Z,observational,USGS-NWIS,01646500,discharge_cms,2026-10-04T15:45:00Z,62.580231,m3/s,P,99c1f02c8b15d23791723ed3e3f5126eaec66831d13a387282e84b84236de9dc
USGS_01646500_discharge_cms_20261004T155000Z,observational,USGS-NWIS,01646500,discharge_cms,2026-10-04T15:50:00Z,62.580231,m3/s,P,99c1f02c8b15d23791723ed3e3f5126eaec66831d13a387282e84b84236de9dc
USGS_01646500_discharge_cms_20261004T155500Z,observational,USGS-NWIS,01646500,discharge_cms,2026-10-04T15:55:00Z,62.580231,m3/s,P,99c1f02c8b15d23791723ed3e3f5126eaec66831d13a387282e84b84236de9dc
USGS_01646500_discharge_cms_20261004T160000Z,observational,USGS-NWIS,01646500,discharge_cms,2026-10-04T16:00:00Z,62.580231,m3/s,P,99c1f02c8b15d23791723ed3e3f5126eaec66831d13a387282e84b84236de9dc
USGS_01646500_discharge_cms_20261004T160500Z,observational,USGS-NWIS,01646500,discharge_cms,2026-10-04T16:05:00Z,62.580231,m3/s,P,99c1f02c8b15d23791723ed3e3f5126eaec66831d13a387282e84b84236de9dc
USGS_01646500_discharge_cms_20261004T161000Z,observational,USGS-NWIS,01646500,discharge_cms,2026-10-04T16:10:00Z,62.580231,m3/s,P,99c1f02c8b15d23791723ed3e3f5126eaec66831d13a387282e84b84236de9dc
USGS_01646500_discharge_cms_20261004T161500Z,observational,USGS-NWIS,01646500,discharge_cms,2026-10-04T16:15:00Z,62.580231,m3/s,P,99c1f02c8b15d23791723ed3e3f5126eaec66831d13a387282e84b84236de9dc
USGS_01646500_discharge_cms_20261004T162000Z,observational,USGS-NWIS,01646500,discharge_cms,2026-10-04T16:20:00Z,62.580231,m3/s,P,99c1f02c8b15d23791723ed3e3f5126eaec66831d13a387282e84b84236de9dc
USGS_01646500_discharge_cms_20261004T162500Z,observational,USGS-NWIS,01646500,discharge_cms,2026-10-04T16:25:00Z,62.580231,m3/s,P,99c1f02c8b15d23791723ed3e3f5126eaec66831d13a387282e84b84236de9dc
USGS_01646500_discharge_cms_20261004T163000Z,observational,USGS-NWIS,01646500,discharge_cms,2026-10-04T16:30:00Z,62.580231,m3/s,P,99c1f02c8b15d23791723ed3e3f5126eaec66831d13a387282e84b84236de9dc
USGS_01646500_discharge_cms_20261004T163500Z,observational,USGS-NWIS,01646500,discharge_cms,2026-10-04T16:35:00Z,62.580231,m3/s,P,99c1f02c8b15d23791723ed3e3f5126eaec66831d13a387282e84b84236de9dc
USGS_01646500_discharge_cms_20261004T164000Z,observational,USGS-NWIS,01646500,discharge_cms,2026-10-04T16:40:00Z,62.580231,m3/s,P,99c1f02c8b15d23791723ed3e3f5126eaec66831d13a387282e84b84236de9dc
USGS_01646500_discharge_cms_20261004T164500Z,observational,USGS-NWIS,01646500,discharge_cms,2026-10-04T16:45:00Z,62.580231,m3/s,P,99c1f02c8b15d23791723ed3e3f5126eaec66831d13a387282e84b84236de9dc
USGS_01646500_discharge_cms_20261004T165000Z,observational,USGS-NWIS,01646500,discharge_cms,2026-10-04T16:50:00Z,62.580231,m3/s,P,99c1f02c8b15d23791723ed3e3f5126eaec66831d13a387282e84b84236de9dc
USGS_01646500_discharge_cms_20261004T165500Z,observational,USGS-NWIS,01646500,discharge_cms,2026-10-04T16:55:00Z,62.580231,m3/s,P,99c1f02c8b15d23791723ed3e3f5126eaec66831d13a387282e84b84236de9dc
USGS_01646500_discharge_cms_20261004T170000Z,observational,USGS-NWIS,01646500,discharge_cms,2026-10-04T17:00:00Z,62.580231,m3/s,P,99c1f02c8b15d23791723ed3e3f5126eaec66831d13a387282e84b84236de9dc
USGS_01646500_discharge_cms_20261004T170500Z,observational,USGS-NWIS,01646500,discharge_cms,2026-10-04T17:05:00Z,62.580231,m3/s,P,99c1f02c8b15d23791723ed3e3f5126eaec66831d13a387282e84b84236de9dc
USGS_01646500_discharge_cms_20261004T171000Z,observational,USGS-NWIS,01646500,discharge_cms,2026-10-04T17:10:00Z,62.580231,m3/s,P,99c1f02c8b15d23791723ed3e3f5126eaec66831d13a387282e84b84236de9dc
USGS_01646500_discharge_cms_20261004T171500Z,observational,USGS-NWIS,01646500,discharge_cms,2026-10-04T17:15:00Z,62.580231,m3/s,P,99c1f02c8b15d23791723ed3e3f5126eaec66831d13a387282e84b84236de9dc
USGS_01646500_discharge_cms_20261004T172000Z,observational,USGS-NWIS,01646500,discharge_cms,2026-10-04T17:20:00Z,62.580231,m3/s,P,99c1f02c8b15d23791723ed3e3f5126eaec66831d13a387282e84b84236de9dc
USGS_01646500_discharge_cms_20261004T172500Z,observational,USGS-NWIS,01646500,discharge_cms,2026-10-04T17:25:00Z,62.580231,m3/s,P,99c1f02c8b15d23791723ed3e3f5126eaec66831d13a387282e84b84236de9dc
USGS_01646500_discharge_cms_20261004T173000Z,observational,USGS-NWIS,01646500,discharge_cms,2026-10-04T17:30:00Z,62.580231,m3/s,P,99c1f02c8b15d23791723ed3e3f5126eaec66831d13a387282e84b84236de9dc
USGS_01646500_discharge_cms_20261004T173500Z,observational,USGS-NWIS,01646500,discharge_cms,2026-10-04T17:35:00Z,62.580231,m3/s,P,99c1f02c8b15d23791723ed3e3f5126eaec66831d13a387282e84b84236de9dc
USGS_01646500_discharge_cms_20261004T174000Z,observational,USGS-NWIS,01646500,discharge_cms,2026-10-04T17:40:00Z,61.164389,m3/s,P,99c1f02c8b15d23791723ed3e3f5126eaec66831d13a387282e84b84236de9dc
USGS_01646500_discharge_cms_20261004T174500Z,observational,USGS-NWIS,01646500,discharge_cms,2026-10-04T17:45:00Z,62.580231,m3/s,P,99c1f02c8b15d23791723ed3e3f5126eaec66831d13a387282e84b84236de9dc
USGS_01646500_discharge_cms_20261004T175000Z,observational,USGS-NWIS,01646500,discharge_cms,2026-10-04T17:50:00Z,62.580231,m3/s,P,99c1f02c8b15d23791723ed3e3f5126eaec66831d13a387282e84b84236de9dc
USGS_01646500_discharge_cms_20261004T175500Z,observational,USGS-NWIS,01646500,discharge_cms,2026-10-04T17:55:00Z,62.580231,m3/s,P,99c1f02c8b15d23791723ed3e3f5126eaec66831d13a387282e84b84236de9dc
USGS_01646500_discharge_cms_20261004T180000Z,observational,USGS-NWIS,01646500,discharge_cms,2026-10-04T18:00:00Z,62.580231,m3/s,P,99c1f02c8b15d23791723ed3e3f5126eaec66831d13a387282e84b84236de9dc
USGS_01646500_discharge_cms_20261004T180500Z,observational,USGS-NWIS,01646500,discharge_cms,2026-10-04T18:05:00Z,62.580231,m3/s,P,99c1f02c8b15d23791723ed3e3f5126eaec66831d13a387282e84b84236de9dc
USGS_01646500_discharge_cms_20261004T181000Z,observational,USGS-NWIS,01646500,discharge_cms,2026-10-04T18:10:00Z,62.580231,m3/s,P,99c1f02c8b15d23791723ed3e3f5126eaec66831d13a387282e84b84236de9dc
USGS_01646500_discharge_cms_20261004T181500Z,observational,USGS-NWIS,01646500,discharge_cms,2026-10-04T18:15:00Z,62.580231,m3/s,P,99c1f02c8b15d23791723ed3e3f5126eaec66831d13a387282e84b84236de9dc
USGS_01646500_discharge_cms_20261004T182000Z,observational,USGS-NWIS,01646500,discharge_cms,2026-10-04T18:20:00Z,62.580231,m3/s,P,99c1f02c8b15d23791723ed3e3f5126eaec66831d13a387282e84b84236de9dc
USGS_01646500_discharge_cms_20261004T182500Z,observational,USGS-NWIS,01646500,discharge_cms,2026-10-04T18:25:00Z,61.164389,m3/s,P,99c1f02c8b15d23791723ed3e3f5126eaec66831d13a387282e84b84236de9dc
USGS_01646500_discharge_cms_20261004T183000Z,observational,USGS-NWIS,01646500,discharge_cms,2026-10-04T18:30:00Z,62.580231,m3/s,P,99c1f02c8b15d23791723ed3e3f5126eaec66831d13a387282e84b84236de9dc
USGS_01646500_discharge_cms_20261004T183500Z,observational,USGS-NWIS,01646500,discharge_cms,2026-10-04T18:35:00Z,61.164389,m3/s,P,99c1f02c8b15d23791723ed3e3f5126eaec66831d13a387282e84b84236de9dc
USGS_01646500_discharge_cms_20261004T184000Z,observational,USGS-NWIS,01646500,discharge_cms,2026-10-04T18:40:00Z,62.580231,m3/s,P,99c1f02c8b15d23791723ed3e3f5126eaec66831d13a387282e84b84236de9dc
USGS_01646500_discharge_cms_20261004T184500Z,observational,USGS-NWIS,01646500,discharge_cms,2026-10-04T18:45:00Z,61.164389,m3/s,P,99c1f02c8b15d23791723ed3e3f5126eaec66831d13a387282e84b84236de9dc
USGS_01646500_discharge_cms_20261004T185000Z,observational,USGS-NWIS,01646500,discharge_cms,2026-10-04T18:50:00Z,62.580231,m3/s,P,99c1f02c8b15d23791723ed3e3f5126eaec66831d13a387282e84b84236de9dc
USGS_01646500_discharge_cms_20261004T185500Z,observational,USGS-NWIS,01646500,discharge_cms,2026-10-04T18:55:00Z,62.580231,m3/s,P,99c1f02c8b15d23791723ed3e3f5126eaec66831d13a387282e84b84236de9dc
USGS_01646500_discharge_cms_20261004T190000Z,observational,USGS-NWIS,01646500,discharge_cms,2026-10-04T19:00:00Z,62.580231,m3/s,P,99c1f02c8b15d23791723ed3e3f5126eaec66831d13a387282e84b84236de9dc
USGS_01646500_discharge_cms_20261004T190500Z,observational,USGS-NWIS,01646500,discharge_cms,2026-10-04T19:05:00Z,62.580231,m3/s,P,99c1f02c8b15d23791723ed3e3f5126eaec66831d13a387282e84b84236de9dc
USGS_01646500_discharge_cms_20261004T191000Z,observational,USGS-NWIS,01646500,discharge_cms,2026-10-04T19:10:00Z,61.164389,m3/s,P,99c1f02c8b15d23791723ed3e3f5126eaec66831d13a387282e84b84236de9dc
USGS_01646500_discharge_cms_20261004T191500Z,observational,USGS-NWIS,01646500,discharge_cms,2026-10-04T19:15:00Z,62.580231,m3/s,P,99c1f02c8b15d23791723ed3e3f5126eaec66831d13a387282e84b84236de9dc
USGS_01646500_discharge_cms_20261004T192000Z,observational,USGS-NWIS,01646500,discharge_cms,2026-10-04T19:20:00Z,61.164389,m3/s,P,99c1f02c8b15d23791723ed3e3f5126eaec66831d13a387282e84b84236de9dc
USGS_01646500_discharge_cms_20261004T192500Z,observational,USGS-NWIS,01646500,discharge_cms,2026-10-04T19:25:00Z,62.580231,m3/s,P,99c1f02c8b15d23791723ed3e3f5126eaec66831d13a387282e84b84236de9dc
USGS_01646500_discharge_cms_20261004T193000Z,observational,USGS-NWIS,01646500,discharge_cms,2026-10-04T19:30:00Z,62.580231,m3/s,P,99c1f02c8b15d23791723ed3e3f5126eaec66831d13a387282e84b84236de9dc
USGS_01646500_discharge_cms_20261004T193500Z,observational,USGS-NWIS,01646500,discharge_cms,2026-10-04T19:35:00Z,61.164389,m3/s,P,99c1f02c8b15d23791723ed3e3f5126eaec66831d13a387282e84b84236de9dc
USGS_01646500_discharge_cms_20261004T194000Z,observational,USGS-NWIS,01646500,discharge_cms,2026-10-04T19:40:00Z,61.164389,m3/s,P,99c1f02c8b15d23791723ed3e3f5126eaec66831d13a387282e84b84236de9dc
USGS_01646500_discharge_cms_20261004T194500Z,observational,USGS-NWIS,01646500,discharge_cms,2026-10-04T19:45:00Z,61.164389,m3/s,P,99c1f02c8b15d23791723ed3e3f5126eaec66831d13a387282e84b84236de9dc
USGS_01646500_discharge_cms_20261004T195000Z,observational,USGS-NWIS,01646500,discharge_cms,2026-10-04T19:50:00Z,61.164389,m3/s,P,99c1f02c8b15d23791723ed3e3f5126eaec66831d13a387282e84b84236de9dc
USGS_01646500_discharge_cms_20261004T195500Z,observational,USGS-NWIS,01646500,discharge_cms,2026-10-04T19:55:00Z,61.164389,m3/s,P,99c1f02c8b15d23791723ed3e3f5126eaec66831d13a387282e84b84236de9dc
USGS_01646500_discharge_cms_20261004T200000Z,observational,USGS-NWIS,01646500,discharge_cms,2026-10-04T20:00:00Z,62.580231,m3/s,P,99c1f02c8b15d23791723ed3e3f5126eaec66831d13a387282e84b84236de9dc
USGS_01646500_discharge_cms_20261004T200500Z,observational,USGS-NWIS,01646500,discharge_cms,2026-10-04T20:05:00Z,61.164389,m3/s,P,99c1f02c8b15d23791723ed3e3f5126eaec66831d13a387282e84b84236de9dc
USGS_01646500_discharge_cms_20261004T201000Z,observational,USGS-NWIS,01646500,discharge_cms,2026-10-04T20:10:00Z,61.164389,m3/s,P,99c1f02c8b15d23791723ed3e3f5126eaec66831d13a387282e84b84236de9dc
USGS_01646500_discharge_cms_20261004T201500Z,observational,USGS-NWIS,01646500,discharge_cms,2026-10-04T20:15:00Z,61.164389,m3/s,P,99c1f02c8b15d23791723ed3e3f5126eaec66831d13a387282e84b84236de9dc
USGS_01646500_discharge_cms_20261004T202000Z,observational,USGS-NWIS,01646500,discharge_cms,2026-10-04T20:20:00Z,61.164389,m3/s,P,99c1f02c8b15d23791723ed3e3f5126eaec66831d13a387282e84b84236de9dc
USGS_01646500_discharge_cms_20261004T202500Z,observational,USGS-NWIS,01646500,discharge_cms,2026-10-04T20:25:00Z,61.164389,m3/s,P,99c1f02c8b15d23791723ed3e3f5126eaec66831d13a387282e84b84236de9dc
USGS_01646500_discharge_cms_20261004T203000Z,observational,USGS-NWIS,01646500,discharge_cms,2026-10-04T20:30:00Z,61.164389,m3/s,P,99c1f02c8b15d23791723ed3e3f5126eaec66831d13a387282e84b84236de9dc
USGS_01646500_discharge_cms_20261004T203500Z,observational,USGS-NWIS,01646500,discharge_cms,2026-10-04T20:35:00Z,61.164389,m3/s,P,99c1f02c8b15d23791723ed3e3f5126eaec66831d13a387282e84b84236de9dc
USGS_01646500_discharge_cms_20261004T204000Z,observational,USGS-NWIS,01646500,discharge_cms,2026-10-04T20:40:00Z,61.164389,m3/s,P,99c1f02c8b15d23791723ed3e3f5126eaec66831d13a387282e84b84236de9dc
USGS_01646500_discharge_cms_20261004T204500Z,observational,USGS-NWIS,01646500,discharge_cms,2026-10-04T20:45:00Z,61.164389,m3/s,P,99c1f02c8b15d23791723ed3e3f5126eaec66831d13a387282e84b84236de9dc
USGS_01646500_discharge_cms_20261004T205000Z,observational,USGS-NWIS,01646500,discharge_cms,2026-10-04T20:50:00Z,60.031715,m3/s,P,99c1f02c8b15d23791723ed3e3f5126eaec66831d13a387282e84b84236de9dc
USGS_01646500_discharge_cms_20261004T205500Z,observational,USGS-NWIS,01646500,discharge_cms,2026-10-04T20:55:00Z,61.164389,m3/s,P,99c1f02c8b15d23791723ed3e3f5126eaec66831d13a387282e84b84236de9dc
USGS_01646500_discharge_cms_20261004T210000Z,observational,USGS-NWIS,01646500,discharge_cms,2026-10-04T21:00:00Z,61.164389,m3/s,P,99c1f02c8b15d23791723ed3e3f5126eaec66831d13a387282e84b84236de9dc
USGS_01646500_discharge_cms_20261004T210500Z,observational,USGS-NWIS,01646500,discharge_cms,2026-10-04T21:05:00Z,61.164389,m3/s,P,99c1f02c8b15d23791723ed3e3f5126eaec66831d13a387282e84b84236de9dc
USGS_01646500_discharge_cms_20261004T211000Z,observational,USGS-NWIS,01646500,discharge_cms,2026-10-04T21:10:00Z,61.164389,m3/s,P,99c1f02c8b15d23791723ed3e3f5126eaec66831d13a387282e84b84236de9dc
USGS_01646500_discharge_cms_20261004T211500Z,observational,USGS-NWIS,01646500,discharge_cms,2026-10-04T21:15:00Z,60.031715,m3/s,P,99c1f02c8b15d23791723ed3e3f5126eaec66831d13a387282e84b84236de9dc
USGS_01646500_discharge_cms_20261004T212000Z,observational,USGS-NWIS,01646500,discharge_cms,2026-10-04T21:20:00Z,61.164389,m3/s,P,99c1f02c8b15d23791723ed3e3f5126eaec66831d13a387282e84b84236de9dc
USGS_01646500_discharge_cms_20261004T212500Z,observational,USGS-NWIS,01646500,discharge_cms,2026-10-04T21:25:00Z,60.031715,m3/s,P,99c1f02c8b15d23791723ed3e3f5126eaec66831d13a387282e84b84236de9dc
USGS_01646500_discharge_cms_20261004T213000Z,observational,USGS-NWIS,01646500,discharge_cms,2026-10-04T21:30:00Z,61.164389,m3/s,P,99c1f02c8b15d23791723ed3e3f5126eaec66831d13a387282e84b84236de9dc
USGS_01646500_discharge_cms_20261004T213500Z,observational,USGS-NWIS,01646500,discharge_cms,2026-10-04T21:35:00Z,61.164389,m3/s,P,99c1f02c8b15d23791723ed3e3f5126eaec66831d13a387282e84b84236de9dc
USGS_01646500_discharge_cms_20261004T214000Z,observational,USGS-NWIS,01646500,discharge_cms,2026-10-04T21:40:00Z,60.031715,m3/s,P,99c1f02c8b15d23791723ed3e3f5126eaec66831d13a387282e84b84236de9dc
USGS_01646500_discharge_cms_20261004T214500Z,observational,USGS-NWIS,01646500,discharge_cms,2026-10-04T21:45:00Z,60.031715,m3/s,P,99c1f02c8b15d23791723ed3e3f5126eaec66831d13a387282e84b84236de9dc
USGS_01646500_discharge_cms_20261004T215000Z,observational,USGS-NWIS,01646500,discharge_cms,2026-10-04T21:50:00Z,61.164389,m3/s,P,99c1f02c8b15d23791723ed3e3f5126eaec66831d13a387282e84b84236de9dc
USGS_01646500_discharge_cms_20261004T215500Z,observational,USGS-NWIS,01646500,discharge_cms,2026-10-04T21:55:00Z,60.031715,m3/s,P,99c1f02c8b15d23791723ed3e3f5126eaec66831d13a387282e84b84236de9dc
USGS_01646500_discharge_cms_20261004T220000Z,observational,USGS-NWIS,01646500,discharge_cms,2026-10-04T22:00:00Z,60.031715,m3/s,P,99c1f02c8b15d23791723ed3e3f5126eaec66831d13a387282e84b84236de9dc
USGS_01646500_discharge_cms_20261004T220500Z,observational,USGS-NWIS,01646500,discharge_cms,2026-10-04T22:05:00Z,60.031715,m3/s,P,99c1f02c8b15d23791723ed3e3f5126eaec66831d13a387282e84b84236de9dc
USGS_01646500_discharge_cms_20261004T221000Z,observational,USGS-NWIS,01646500,discharge_cms,2026-10-04T22:10:00Z,60.031715,m3/s,P,99c1f02c8b15d23791723ed3e3f5126eaec66831d13a387282e84b84236de9dc
USGS_01646500_discharge_cms_20261004T221500Z,observational,USGS-NWIS,01646500,discharge_cms,2026-10-04T22:15:00Z,60.031715,m3/s,P,99c1f02c8b15d23791723ed3e3f5126eaec66831d13a387282e84b84236de9dc
USGS_01646500_discharge_cms_20261004T222000Z,observational,USGS-NWIS,01646500,discharge_cms,2026-10-04T22:20:00Z,60.031715,m3/s,P,99c1f02c8b15d23791723ed3e3f5126eaec66831d13a387282e84b84236de9dc
USGS_01646500_discharge_cms_20261004T222500Z,observational,USGS-NWIS,01646500,discharge_cms,2026-10-04T22:25:00Z,60.031715,m3/s,P,99c1f02c8b15d23791723ed3e3f5126eaec66831d13a387282e84b84236de9dc
USGS_01646500_discharge_cms_20261004T223000Z,observational,USGS-NWIS,01646500,discharge_cms,2026-10-04T22:30:00Z,60.031715,m3/s,P,99c1f02c8b15d23791723ed3e3f5126eaec66831d13a387282e84b84236de9dc
USGS_01646500_discharge_cms_20261004T223500Z,observational,USGS-NWIS,01646500,discharge_cms,2026-10-04T22:35:00Z,60.031715,m3/s,P,99c1f02c8b15d23791723ed3e3f5126eaec66831d13a387282e84b84236de9dc
USGS_01646500_discharge_cms_20261004T224000Z,observational,USGS-NWIS,01646500,discharge_cms,2026-10-04T22:40:00Z,60.031715,m3/s,P,99c1f02c8b15d23791723ed3e3f5126eaec66831d13a387282e84b84236de9dc
USGS_01646500_discharge_cms_20261004T224500Z,observational,USGS-NWIS,01646500,discharge_cms,2026-10-04T22:45:00Z,60.031715,m3/s,P,99c1f02c8b15d23791723ed3e3f5126eaec66831d13a387282e84b84236de9dc
USGS_01646500_discharge_cms_20261004T225000Z,observational,USGS-NWIS,01646500,discharge_cms,2026-10-04T22:50:00Z,60.031715,m3/s,P,99c1f02c8b15d23791723ed3e3f5126eaec66831d13a387282e84b84236de9dc
USGS_01646500_discharge_cms_20261004T225500Z,observational,USGS-NWIS,01646500,discharge_cms,2026-10-04T22:55:00Z,60.031715,m3/s,P,99c1f02c8b15d23791723ed3e3f5126eaec66831d13a387282e84b84236de9dc
USGS_01646500_discharge_cms_20261004T230000Z,observational,USGS-NWIS,01646500,discharge_cms,2026-10-04T23:00:00Z,58.615872,m3/s,P,99c1f02c8b15d23791723ed3e3f5126eaec66831d13a387282e84b84236de9dc
USGS_01646500_discharge_cms_20261004T230500Z,observational,USGS-NWIS,01646500,discharge_cms,2026-10-04T23:05:00Z,58.615872,m3/s,P,99c1f02c8b15d23791723ed3e3f5126eaec66831d13a387282e84b84236de9dc
USGS_01646500_discharge_cms_20261004T231000Z,observational,USGS-NWIS,01646500,discharge_cms,2026-10-04T23:10:00Z,58.615872,m3/s,P,99c1f02c8b15d23791723ed3e3f5126eaec66831d13a387282e84b84236de9dc
USGS_01646500_discharge_cms_20261004T231500Z,observational,USGS-NWIS,01646500,discharge_cms,2026-10-04T23:15:00Z,58.615872,m3/s,P,99c1f02c8b15d23791723ed3e3f5126eaec66831d13a387282e84b84236de9dc
USGS_01646500_discharge_cms_20261004T232000Z,observational,USGS-NWIS,01646500,discharge_cms,2026-10-04T23:20:00Z,58.615872,m3/s,P,99c1f02c8b15d23791723ed3e3f5126eaec66831d13a387282e84b84236de9dc
USGS_01646500_discharge_cms_20261004T232500Z,observational,USGS-NWIS,01646500,discharge_cms,2026-10-04T23:25:00Z,58.615872,m3/s,P,99c1f02c8b15d23791723ed3e3f5126eaec66831d13a387282e84b84236de9dc
USGS_01646500_discharge_cms_20261004T233000Z,observational,USGS-NWIS,01646500,discharge_cms,2026-10-04T23:30:00Z,58.615872,m3/s,P,99c1f02c8b15d23791723ed3e3f5126eaec66831d13a387282e84b84236de9dc
USGS_01646500_discharge_cms_20261004T233500Z,observational,USGS-NWIS,01646500,discharge_cms,2026-10-04T23:35:00Z,58.615872,m3/s,P,99c1f02c8b15d23791723ed3e3f5126eaec66831d13a387282e84b84236de9dc
USGS_01646500_discharge_cms_20261004T234000Z,observational,USGS-NWIS,01646500,discharge_cms,2026-10-04T23:40:00Z,58.615872,m3/s,P,99c1f02c8b15d23791723ed3e3f5126eaec66831d13a387282e84b84236de9dc
USGS_01646500_discharge_cms_20261004T234500Z,observational,USGS-NWIS,01646500,discharge_cms,2026-10-04T23:45:00Z,57.483199,m3/s,P,99c1f02c8b15d23791723ed3e3f5126eaec66831d13a387282e84b84236de9dc
USGS_01646500_discharge_cms_20261004T235000Z,observational,USGS-NWIS,01646500,discharge_cms,2026-10-04T23:50:00Z,58.615872,m3/s,P,99c1f02c8b15d23791723ed3e3f5126eaec66831d13a387282e84b84236de9dc
USGS_01646500_discharge_cms_20261004T235500Z,observational,USGS-NWIS,01646500,discharge_cms,2026-10-04T23:55:00Z,57.483199,m3/s,P,99c1f02c8b15d23791723ed3e3f5126eaec66831d13a387282e84b84236de9dc
USGS_01646500_discharge_cms_20261005T000000Z,observational,USGS-NWIS,01646500,discharge_cms,2026-10-05T00:00:00Z,57.483199,m3/s,P,99c1f02c8b15d23791723ed3e3f5126eaec66831d13a387282e84b84236de9dc
USGS_01646500_discharge_cms_20261005T000500Z,observational,USGS-NWIS,01646500,discharge_cms,2026-10-05T00:05:00Z,57.483199,m3/s,P,99c1f02c8b15d23791723ed3e3f5126eaec66831d13a387282e84b84236de9dc
USGS_01646500_discharge_cms_20261005T001000Z,observational,USGS-NWIS,01646500,discharge_cms,2026-10-05T00:10:00Z,57.483199,m3/s,P,99c1f02c8b15d23791723ed3e3f5126eaec66831d13a387282e84b84236de9dc
USGS_01646500_discharge_cms_20261005T001500Z,observational,USGS-NWIS,01646500,discharge_cms,2026-10-05T00:15:00Z,57.483199,m3/s,P,99c1f02c8b15d23791723ed3e3f5126eaec66831d13a387282e84b84236de9dc
USGS_01646500_discharge_cms_20261005T002000Z,observational,USGS-NWIS,01646500,discharge_cms,2026-10-05T00:20:00Z,57.483199,m3/s,P,99c1f02c8b15d23791723ed3e3f5126eaec66831d13a387282e84b84236de9dc
USGS_01646500_discharge_cms_20261005T002500Z,observational,USGS-NWIS,01646500,discharge_cms,2026-10-05T00:25:00Z,57.483199,m3/s,P,99c1f02c8b15d23791723ed3e3f5126eaec66831d13a387282e84b84236de9dc
USGS_01646500_discharge_cms_20261005T003000Z,observational,USGS-NWIS,01646500,discharge_cms,2026-10-05T00:30:00Z,57.483199,m3/s,P,99c1f02c8b15d23791723ed3e3f5126eaec66831d13a387282e84b84236de9dc
USGS_01646500_discharge_cms_20261005T003500Z,observational,USGS-NWIS,01646500,discharge_cms,2026-10-05T00:35:00Z,57.483199,m3/s,P,99c1f02c8b15d23791723ed3e3f5126eaec66831d13a387282e84b84236de9dc
USGS_01646500_discharge_cms_20261005T004000Z,observational,USGS-NWIS,01646500,discharge_cms,2026-10-05T00:40:00Z,56.067356,m3/s,P,99c1f02c8b15d23791723ed3e3f5126eaec66831d13a387282e84b84236de9dc
USGS_01646500_discharge_cms_20261005T004500Z,observational,USGS-NWIS,01646500,discharge_cms,2026-10-05T00:45:00Z,57.483199,m3/s,P,99c1f02c8b15d23791723ed3e3f5126eaec66831d13a387282e84b84236de9dc
USGS_01646500_discharge_cms_20261005T005000Z,observational,USGS-NWIS,01646500,discharge_cms,2026-10-05T00:50:00Z,57.483199,m3/s,P,99c1f02c8b15d23791723ed3e3f5126eaec66831d13a387282e84b84236de9dc
USGS_01646500_discharge_cms_20261005T005500Z,observational,USGS-NWIS,01646500,discharge_cms,2026-10-05T00:55:00Z,56.067356,m3/s,P,99c1f02c8b15d23791723ed3e3f5126eaec66831d13a387282e84b84236de9dc
USGS_01646500_discharge_cms_20261005T010000Z,observational,USGS-NWIS,01646500,discharge_cms,2026-10-05T01:00:00Z,57.483199,m3/s,P,99c1f02c8b15d23791723ed3e3f5126eaec66831d13a387282e84b84236de9dc
USGS_01646500_discharge_cms_20261005T010500Z,observational,USGS-NWIS,01646500,discharge_cms,2026-10-05T01:05:00Z,56.067356,m3/s,P,99c1f02c8b15d23791723ed3e3f5126eaec66831d13a387282e84b84236de9dc
USGS_01646500_discharge_cms_20261005T011000Z,observational,USGS-NWIS,01646500,discharge_cms,2026-10-05T01:10:00Z,56.067356,m3/s,P,99c1f02c8b15d23791723ed3e3f5126eaec66831d13a387282e84b84236de9dc
USGS_01646500_discharge_cms_20261005T011500Z,observational,USGS-NWIS,01646500,discharge_cms,2026-10-05T01:15:00Z,57.483199,m3/s,P,99c1f02c8b15d23791723ed3e3f5126eaec66831d13a387282e84b84236de9dc
USGS_01646500_discharge_cms_20261005T012000Z,observational,USGS-NWIS,01646500,discharge_cms,2026-10-05T01:20:00Z,56.067356,m3/s,P,99c1f02c8b15d23791723ed3e3f5126eaec66831d13a387282e84b84236de9dc
USGS_01646500_discharge_cms_20261005T012500Z,observational,USGS-NWIS,01646500,discharge_cms,2026-10-05T01:25:00Z,56.067356,m3/s,P,99c1f02c8b15d23791723ed3e3f5126eaec66831d13a387282e84b84236de9dc
USGS_01646500_discharge_cms_20261005T013000Z,observational,USGS-NWIS,01646500,discharge_cms,2026-10-05T01:30:00Z,56.067356,m3/s,P,99c1f02c8b15d23791723ed3e3f5126eaec66831d13a387282e84b84236de9dc
USGS_01646500_discharge_cms_20261005T013500Z,observational,USGS-NWIS,01646500,discharge_cms,2026-10-05T01:35:00Z,56.067356,m3/s,P,99c1f02c8b15d23791723ed3e3f5126eaec66831d13a387282e84b84236de9dc
USGS_01646500_discharge_cms_20261005T014000Z,observational,USGS-NWIS,01646500,discharge_cms,2026-10-05T01:40:00Z,56.067356,m3/s,P,99c1f02c8b15d23791723ed3e3f5126eaec66831d13a387282e84b84236de9dc
USGS_01646500_discharge_cms_20261005T014500Z,observational,USGS-NWIS,01646500,discharge_cms,2026-10-05T01:45:00Z,56.067356,m3/s,P,99c1f02c8b15d23791723ed3e3f5126eaec66831d13a387282e84b84236de9dc
USGS_01646500_discharge_cms_20261005T015000Z,observational,USGS-NWIS,01646500,discharge_cms,2026-10-05T01:50:00Z,56.067356,m3/s,P,99c1f02c8b15d23791723ed3e3f5126eaec66831d13a387282e84b84236de9dc
USGS_01646500_discharge_cms_20261005T015500Z,observational,USGS-NWIS,01646500,discharge_cms,2026-10-05T01:55:00Z,54.934682,m3/s,P,99c1f02c8b15d23791723ed3e3f5126eaec66831d13a387282e84b84236de9dc
USGS_01646500_discharge_cms_20261005T020000Z,observational,USGS-NWIS,01646500,discharge_cms,2026-10-05T02:00:00Z,56.067356,m3/s,P,99c1f02c8b15d23791723ed3e3f5126eaec66831d13a387282e84b84236de9dc
USGS_01646500_discharge_cms_20261005T020500Z,observational,USGS-NWIS,01646500,discharge_cms,2026-10-05T02:05:00Z,56.067356,m3/s,P,99c1f02c8b15d23791723ed3e3f5126eaec66831d13a387282e84b84236de9dc
USGS_01646500_discharge_cms_20261005T021000Z,observational,USGS-NWIS,01646500,discharge_cms,2026-10-05T02:10:00Z,54.934682,m3/s,P,99c1f02c8b15d23791723ed3e3f5126eaec66831d13a387282e84b84236de9dc
USGS_01646500_discharge_cms_20261005T021500Z,observational,USGS-NWIS,01646500,discharge_cms,2026-10-05T02:15:00Z,54.934682,m3/s,P,99c1f02c8b15d23791723ed3e3f5126eaec66831d13a387282e84b84236de9dc
USGS_01646500_discharge_cms_20261005T022000Z,observational,USGS-NWIS,01646500,discharge_cms,2026-10-05T02:20:00Z,56.067356,m3/s,P,99c1f02c8b15d23791723ed3e3f5126eaec66831d13a387282e84b84236de9dc
USGS_01646500_discharge_cms_20261005T022500Z,observational,USGS-NWIS,01646500,discharge_cms,2026-10-05T02:25:00Z,54.934682,m3/s,P,99c1f02c8b15d23791723ed3e3f5126eaec66831d13a387282e84b84236de9dc
USGS_01646500_discharge_cms_20261005T023000Z,observational,USGS-NWIS,01646500,discharge_cms,2026-10-05T02:30:00Z,56.067356,m3/s,P,99c1f02c8b15d23791723ed3e3f5126eaec66831d13a387282e84b84236de9dc
USGS_01646500_discharge_cms_20261005T023500Z,observational,USGS-NWIS,01646500,discharge_cms,2026-10-05T02:35:00Z,54.934682,m3/s,P,99c1f02c8b15d23791723ed3e3f5126eaec66831d13a387282e84b84236de9dc
USGS_01646500_discharge_cms_20261005T024000Z,observational,USGS-NWIS,01646500,discharge_cms,2026-10-05T02:40:00Z,54.934682,m3/s,P,99c1f02c8b15d23791723ed3e3f5126eaec66831d13a387282e84b84236de9dc
USGS_01646500_discharge_cms_20261005T024500Z,observational,USGS-NWIS,01646500,discharge_cms,2026-10-05T02:45:00Z,54.934682,m3/s,P,99c1f02c8b15d23791723ed3e3f5126eaec66831d13a387282e84b84236de9dc
USGS_01646500_discharge_cms_20261005T025000Z,observational,USGS-NWIS,01646500,discharge_cms,2026-10-05T02:50:00Z,54.934682,m3/s,P,99c1f02c8b15d23791723ed3e3f5126eaec66831d13a387282e84b84236de9dc
USGS_01646500_discharge_cms_20261005T025500Z,observational,USGS-NWIS,01646500,discharge_cms,2026-10-05T02:55:00Z,54.934682,m3/s,P,99c1f02c8b15d23791723ed3e3f5126eaec66831d13a387282e84b84236de9dc
USGS_01646500_discharge_cms_20261005T030000Z,observational,USGS-NWIS,01646500,discharge_cms,2026-10-05T03:00:00Z,54.934682,m3/s,P,99c1f02c8b15d23791723ed3e3f5126eaec66831d13a387282e84b84236de9dc
USGS_01646500_discharge_cms_20261005T030500Z,observational,USGS-NWIS,01646500,discharge_cms,2026-10-05T03:05:00Z,54.934682,m3/s,P,99c1f02c8b15d23791723ed3e3f5126eaec66831d13a387282e84b84236de9dc
USGS_01646500_discharge_cms_20261005T031000Z,observational,USGS-NWIS,01646500,discharge_cms,2026-10-05T03:10:00Z,53.51884,m3/s,P,99c1f02c8b15d23791723ed3e3f5126eaec66831d13a387282e84b84236de9dc
USGS_01646500_discharge_cms_20261005T031500Z,observational,USGS-NWIS,01646500,discharge_cms,2026-10-05T03:15:00Z,54.934682,m3/s,P,99c1f02c8b15d23791723ed3e3f5126eaec66831d13a387282e84b84236de9dc
USGS_01646500_discharge_cms_20261005T032000Z,observational,USGS-NWIS,01646500,discharge_cms,2026-10-05T03:20:00Z,54.934682,m3/s,P,99c1f02c8b15d23791723ed3e3f5126eaec66831d13a387282e84b84236de9dc
USGS_01646500_discharge_cms_20261005T032500Z,observational,USGS-NWIS,01646500,discharge_cms,2026-10-05T03:25:00Z,53.51884,m3/s,P,99c1f02c8b15d23791723ed3e3f5126eaec66831d13a387282e84b84236de9dc
USGS_01646500_discharge_cms_20261005T033000Z,observational,USGS-NWIS,01646500,discharge_cms,2026-10-05T03:30:00Z,53.51884,m3/s,P,99c1f02c8b15d23791723ed3e3f5126eaec66831d13a387282e84b84236de9dc
USGS_01646500_discharge_cms_20261005T033500Z,observational,USGS-NWIS,01646500,discharge_cms,2026-10-05T03:35:00Z,54.934682,m3/s,P,99c1f02c8b15d23791723ed3e3f5126eaec66831d13a387282e84b84236de9dc
USGS_01646500_discharge_cms_20261005T034000Z,observational,USGS-NWIS,01646500,discharge_cms,2026-10-05T03:40:00Z,53.51884,m3/s,P,99c1f02c8b15d23791723ed3e3f5126eaec66831d13a387282e84b84236de9dc
USGS_01646500_discharge_cms_20261005T034500Z,observational,USGS-NWIS,01646500,discharge_cms,2026-10-05T03:45:00Z,53.51884,m3/s,P,99c1f02c8b15d23791723ed3e3f5126eaec66831d13a387282e84b84236de9dc
USGS_01646500_discharge_cms_20261005T035000Z,observational,USGS-NWIS,01646500,discharge_cms,2026-10-05T03:50:00Z,53.51884,m3/s,P,99c1f02c8b15d23791723ed3e3f5126eaec66831d13a387282e84b84236de9dc
USGS_01646500_discharge_cms_20261005T035500Z,observational,USGS-NWIS,01646500,discharge_cms,2026-10-05T03:55:00Z,54.934682,m3/s,P,99c1f02c8b15d23791723ed3e3f5126eaec66831d13a387282e84b84236de9dc
USGS_01646500_discharge_cms_20261005T040000Z,observational,USGS-NWIS,01646500,discharge_cms,2026-10-05T04:00:00Z,54.934682,m3/s,P,99c1f02c8b15d23791723ed3e3f5126eaec66831d13a387282e84b84236de9dc
USGS_01646500_discharge_cms_20261005T040500Z,observational,USGS-NWIS,01646500,discharge_cms,2026-10-05T04:05:00Z,53.51884,m3/s,P,99c1f02c8b15d23791723ed3e3f5126eaec66831d13a387282e84b84236de9dc
USGS_01646500_discharge_cms_20261005T041000Z,observational,USGS-NWIS,01646500,discharge_cms,2026-10-05T04:10:00Z,53.51884,m3/s,P,99c1f02c8b15d23791723ed3e3f5126eaec66831d13a387282e84b84236de9dc
USGS_01646500_discharge_cms_20261005T041500Z,observational,USGS-NWIS,01646500,discharge_cms,2026-10-05T04:15:00Z,53.51884,m3/s,P,99c1f02c8b15d23791723ed3e3f5126eaec66831d13a387282e84b84236de9dc
USGS_01646500_discharge_cms_20261005T042000Z,observational,USGS-NWIS,01646500,discharge_cms,2026-10-05T04:20:00Z,53.51884,m3/s,P,99c1f02c8b15d23791723ed3e3f5126eaec66831d13a387282e84b84236de9dc
USGS_01646500_discharge_cms_20261005T042500Z,observational,USGS-NWIS,01646500,discharge_cms,2026-10-05T04:25:00Z,53.51884,m3/s,P,99c1f02c8b15d23791723ed3e3f5126eaec66831d13a387282e84b84236de9dc
USGS_01646500_discharge_cms_20261005T043000Z,observational,USGS-NWIS,01646500,discharge_cms,2026-10-05T04:30:00Z,53.51884,m3/s,P,99c1f02c8b15d23791723ed3e3f5126eaec66831d13a387282e84b84236de9dc
USGS_01646500_discharge_cms_20261005T043500Z,observational,USGS-NWIS,01646500,discharge_cms,2026-10-05T04:35:00Z,52.386166,m3/s,P,99c1f02c8b15d23791723ed3e3f5126eaec66831d13a387282e84b84236de9dc
USGS_01646500_discharge_cms_20261005T044000Z,observational,USGS-NWIS,01646500,discharge_cms,2026-10-05T04:40:00Z,52.386166,m3/s,P,99c1f02c8b15d23791723ed3e3f5126eaec66831d13a387282e84b84236de9dc
USGS_01646500_discharge_cms_20261005T044500Z,observational,USGS-NWIS,01646500,discharge_cms,2026-10-05T04:45:00Z,53.51884,m3/s,P,99c1f02c8b15d23791723ed3e3f5126eaec66831d13a387282e84b84236de9dc
USGS_01646500_discharge_cms_20261005T045000Z,observational,USGS-NWIS,01646500,discharge_cms,2026-10-05T04:50:00Z,52.386166,m3/s,P,99c1f02c8b15d23791723ed3e3f5126eaec66831d13a387282e84b84236de9dc
USGS_01646500_discharge_cms_20261005T045500Z,observational,USGS-NWIS,01646500,discharge_cms,2026-10-05T04:55:00Z,53.51884,m3/s,P,99c1f02c8b15d23791723ed3e3f5126eaec66831d13a387282e84b84236de9dc
USGS_01646500_discharge_cms_20261005T050000Z,observational,USGS-NWIS,01646500,discharge_cms,2026-10-05T05:00:00Z,53.51884,m3/s,P,99c1f02c8b15d23791723ed3e3f5126eaec66831d13a387282e84b84236de9dc
USGS_01646500_discharge_cms_20261005T050500Z,observational,USGS-NWIS,01646500,discharge_cms,2026-10-05T05:05:00Z,53.51884,m3/s,P,99c1f02c8b15d23791723ed3e3f5126eaec66831d13a387282e84b84236de9dc
USGS_01646500_discharge_cms_20261005T051000Z,observational,USGS-NWIS,01646500,discharge_cms,2026-10-05T05:10:00Z,53.51884,m3/s,P,99c1f02c8b15d23791723ed3e3f5126eaec66831d13a387282e84b84236de9dc
USGS_01646500_discharge_cms_20261005T051500Z,observational,USGS-NWIS,01646500,discharge_cms,2026-10-05T05:15:00Z,53.51884,m3/s,P,99c1f02c8b15d23791723ed3e3f5126eaec66831d13a387282e84b84236de9dc
USGS_01646500_discharge_cms_20261005T052000Z,observational,USGS-NWIS,01646500,discharge_cms,2026-10-05T05:20:00Z,53.51884,m3/s,P,99c1f02c8b15d23791723ed3e3f5126eaec66831d13a387282e84b84236de9dc
USGS_01646500_discharge_cms_20261005T052500Z,observational,USGS-NWIS,01646500,discharge_cms,2026-10-05T05:25:00Z,52.386166,m3/s,P,99c1f02c8b15d23791723ed3e3f5126eaec66831d13a387282e84b84236de9dc
USGS_01646500_discharge_cms_20261005T053000Z,observational,USGS-NWIS,01646500,discharge_cms,2026-10-05T05:30:00Z,53.51884,m3/s,P,99c1f02c8b15d23791723ed3e3f5126eaec66831d13a387282e84b84236de9dc
USGS_01646500_discharge_cms_20261005T053500Z,observational,USGS-NWIS,01646500,discharge_cms,2026-10-05T05:35:00Z,52.386166,m3/s,P,99c1f02c8b15d23791723ed3e3f5126eaec66831d13a387282e84b84236de9dc
USGS_01646500_discharge_cms_20261005T054000Z,observational,USGS-NWIS,01646500,discharge_cms,2026-10-05T05:40:00Z,52.386166,m3/s,P,99c1f02c8b15d23791723ed3e3f5126eaec66831d13a387282e84b84236de9dc
USGS_01646500_discharge_cms_20261005T054500Z,observational,USGS-NWIS,01646500,discharge_cms,2026-10-05T05:45:00Z,52.386166,m3/s,P,99c1f02c8b15d23791723ed3e3f5126eaec66831d13a387282e84b84236de9dc
USGS_01646500_discharge_cms_20261005T055000Z,observational,USGS-NWIS,01646500,discharge_cms,2026-10-05T05:50:00Z,53.51884,m3/s,P,99c1f02c8b15d23791723ed3e3f5126eaec66831d13a387282e84b84236de9dc
USGS_01646500_discharge_cms_20261005T055500Z,observational,USGS-NWIS,01646500,discharge_cms,2026-10-05T05:55:00Z,52.386166,m3/s,P,99c1f02c8b15d23791723ed3e3f5126eaec66831d13a387282e84b84236de9dc
USGS_01646500_discharge_cms_20261005T060000Z,observational,USGS-NWIS,01646500,discharge_cms,2026-10-05T06:00:00Z,52.386166,m3/s,P,99c1f02c8b15d23791723ed3e3f5126eaec66831d13a387282e84b84236de9dc
USGS_01646500_discharge_cms_20261005T060500Z,observational,USGS-NWIS,01646500,discharge_cms,2026-10-05T06:05:00Z,53.51884,m3/s,P,99c1f02c8b15d23791723ed3e3f5126eaec66831d13a387282e84b84236de9dc
USGS_01646500_discharge_cms_20261005T061000Z,observational,USGS-NWIS,01646500,discharge_cms,2026-10-05T06:10:00Z,52.386166,m3/s,P,99c1f02c8b15d23791723ed3e3f5126eaec66831d13a387282e84b84236de9dc
USGS_01646500_discharge_cms_20261005T061500Z,observational,USGS-NWIS,01646500,discharge_cms,2026-10-05T06:15:00Z,52.386166,m3/s,P,99c1f02c8b15d23791723ed3e3f5126eaec66831d13a387282e84b84236de9dc
USGS_01646500_discharge_cms_20261005T062000Z,observational,USGS-NWIS,01646500,discharge_cms,2026-10-05T06:20:00Z,52.386166,m3/s,P,99c1f02c8b15d23791723ed3e3f5126eaec66831d13a387282e84b84236de9dc
USGS_01646500_discharge_cms_20261005T062500Z,observational,USGS-NWIS,01646500,discharge_cms,2026-10-05T06:25:00Z,52.386166,m3/s,P,99c1f02c8b15d23791723ed3e3f5126eaec66831d13a387282e84b84236de9dc
USGS_01646500_discharge_cms_20261005T063000Z,observational,USGS-NWIS,01646500,discharge_cms,2026-10-05T06:30:00Z,52.386166,m3/s,P,99c1f02c8b15d23791723ed3e3f5126eaec66831d13a387282e84b84236de9dc
USGS_01646500_discharge_cms_20261005T063500Z,observational,USGS-NWIS,01646500,discharge_cms,2026-10-05T06:35:00Z,52.386166,m3/s,P,99c1f02c8b15d23791723ed3e3f5126eaec66831d13a387282e84b84236de9dc
USGS_01646500_discharge_cms_20261005T064000Z,observational,USGS-NWIS,01646500,discharge_cms,2026-10-05T06:40:00Z,52.386166,m3/s,P,99c1f02c8b15d23791723ed3e3f5126eaec66831d13a387282e84b84236de9dc
USGS_01646500_discharge_cms_20261005T064500Z,observational,USGS-NWIS,01646500,discharge_cms,2026-10-05T06:45:00Z,52.386166,m3/s,P,99c1f02c8b15d23791723ed3e3f5126eaec66831d13a387282e84b84236de9dc
USGS_01646500_discharge_cms_20261005T065000Z,observational,USGS-NWIS,01646500,discharge_cms,2026-10-05T06:50:00Z,52.386166,m3/s,P,99c1f02c8b15d23791723ed3e3f5126eaec66831d13a387282e84b84236de9dc
USGS_01646500_discharge_cms_20261005T065500Z,observational,USGS-NWIS,01646500,discharge_cms,2026-10-05T06:55:00Z,52.386166,m3/s,P,99c1f02c8b15d23791723ed3e3f5126eaec66831d13a387282e84b84236de9dc
USGS_01646500_discharge_cms_20261005T070000Z,observational,USGS-NWIS,01646500,discharge_cms,2026-10-05T07:00:00Z,51.253492,m3/s,P,99c1f02c8b15d23791723ed3e3f5126eaec66831d13a387282e84b84236de9dc
USGS_01646500_discharge_cms_20261005T070500Z,observational,USGS-NWIS,01646500,discharge_cms,2026-10-05T07:05:00Z,52.386166,m3/s,P,99c1f02c8b15d23791723ed3e3f5126eaec66831d13a387282e84b84236de9dc
USGS_01646500_discharge_cms_20261005T071000Z,observational,USGS-NWIS,01646500,discharge_cms,2026-10-05T07:10:00Z,52.386166,m3/s,P,99c1f02c8b15d23791723ed3e3f5126eaec66831d13a387282e84b84236de9dc
USGS_01646500_discharge_cms_20261005T071500Z,observational,USGS-NWIS,01646500,discharge_cms,2026-10-05T07:15:00Z,52.386166,m3/s,P,99c1f02c8b15d23791723ed3e3f5126eaec66831d13a387282e84b84236de9dc
USGS_01646500_discharge_cms_20261005T072000Z,observational,USGS-NWIS,01646500,discharge_cms,2026-10-05T07:20:00Z,52.386166,m3/s,P,99c1f02c8b15d23791723ed3e3f5126eaec66831d13a387282e84b84236de9dc
USGS_01646500_discharge_cms_20261005T072500Z,observational,USGS-NWIS,01646500,discharge_cms,2026-10-05T07:25:00Z,52.386166,m3/s,P,99c1f02c8b15d23791723ed3e3f5126eaec66831d13a387282e84b84236de9dc
USGS_01646500_discharge_cms_20261005T073000Z,observational,USGS-NWIS,01646500,discharge_cms,2026-10-05T07:30:00Z,52.386166,m3/s,P,99c1f02c8b15d23791723ed3e3f5126eaec66831d13a387282e84b84236de9dc
USGS_01646500_discharge_cms_20261005T073500Z,observational,USGS-NWIS,01646500,discharge_cms,2026-10-05T07:35:00Z,52.386166,m3/s,P,99c1f02c8b15d23791723ed3e3f5126eaec66831d13a387282e84b84236de9dc
USGS_01646500_discharge_cms_20261005T074000Z,observational,USGS-NWIS,01646500,discharge_cms,2026-10-05T07:40:00Z,52.386166,m3/s,P,99c1f02c8b15d23791723ed3e3f5126eaec66831d13a387282e84b84236de9dc
USGS_01646500_discharge_cms_20261005T074500Z,observational,USGS-NWIS,01646500,discharge_cms,2026-10-05T07:45:00Z,51.253492,m3/s,P,99c1f02c8b15d23791723ed3e3f5126eaec66831d13a387282e84b84236de9dc
USGS_01646500_discharge_cms_20261005T075000Z,observational,USGS-NWIS,01646500,discharge_cms,2026-10-05T07:50:00Z,52.386166,m3/s,P,99c1f02c8b15d23791723ed3e3f5126eaec66831d13a387282e84b84236de9dc
USGS_01646500_discharge_cms_20261005T075500Z,observational,USGS-NWIS,01646500,discharge_cms,2026-10-05T07:55:00Z,52.386166,m3/s,P,99c1f02c8b15d23791723ed3e3f5126eaec66831d13a387282e84b84236de9dc
USGS_01646500_discharge_cms_20261005T080000Z,observational,USGS-NWIS,01646500,discharge_cms,2026-10-05T08:00:00Z,51.253492,m3/s,P,99c1f02c8b15d23791723ed3e3f5126eaec66831d13a387282e84b84236de9dc
USGS_01646500_discharge_cms_20261005T080500Z,observational,USGS-NWIS,01646500,discharge_cms,2026-10-05T08:05:00Z,51.253492,m3/s,P,99c1f02c8b15d23791723ed3e3f5126eaec66831d13a387282e84b84236de9dc
USGS_01646500_discharge_cms_20261005T081000Z,observational,USGS-NWIS,01646500,discharge_cms,2026-10-05T08:10:00Z,51.253492,m3/s,P,99c1f02c8b15d23791723ed3e3f5126eaec66831d13a387282e84b84236de9dc
USGS_01646500_discharge_cms_20261005T081500Z,observational,USGS-NWIS,01646500,discharge_cms,2026-10-05T08:15:00Z,51.253492,m3/s,P,99c1f02c8b15d23791723ed3e3f5126eaec66831d13a387282e84b84236de9dc
USGS_01646500_discharge_cms_20261005T082000Z,observational,USGS-NWIS,01646500,discharge_cms,2026-10-05T08:20:00Z,52.386166,m3/s,P,99c1f02c8b15d23791723ed3e3f5126eaec66831d13a387282e84b84236de9dc
USGS_01646500_discharge_cms_20261005T082500Z,observational,USGS-NWIS,01646500,discharge_cms,2026-10-05T08:25:00Z,52.386166,m3/s,P,99c1f02c8b15d23791723ed3e3f5126eaec66831d13a387282e84b84236de9dc
USGS_01646500_discharge_cms_20261005T083000Z,observational,USGS-NWIS,01646500,discharge_cms,2026-10-05T08:30:00Z,51.253492,m3/s,P,99c1f02c8b15d23791723ed3e3f5126eaec66831d13a387282e84b84236de9dc
USGS_01646500_discharge_cms_20261005T083500Z,observational,USGS-NWIS,01646500,discharge_cms,2026-10-05T08:35:00Z,51.253492,m3/s,P,99c1f02c8b15d23791723ed3e3f5126eaec66831d13a387282e84b84236de9dc
USGS_01646500_discharge_cms_20261005T084000Z,observational,USGS-NWIS,01646500,discharge_cms,2026-10-05T08:40:00Z,51.253492,m3/s,P,99c1f02c8b15d23791723ed3e3f5126eaec66831d13a387282e84b84236de9dc
USGS_01646500_discharge_cms_20261005T084500Z,observational,USGS-NWIS,01646500,discharge_cms,2026-10-05T08:45:00Z,51.253492,m3/s,P,99c1f02c8b15d23791723ed3e3f5126eaec66831d13a387282e84b84236de9dc
USGS_01646500_discharge_cms_20261005T085000Z,observational,USGS-NWIS,01646500,discharge_cms,2026-10-05T08:50:00Z,51.253492,m3/s,P,99c1f02c8b15d23791723ed3e3f5126eaec66831d13a387282e84b84236de9dc
USGS_01646500_discharge_cms_20261005T085500Z,observational,USGS-NWIS,01646500,discharge_cms,2026-10-05T08:55:00Z,51.253492,m3/s,P,99c1f02c8b15d23791723ed3e3f5126eaec66831d13a387282e84b84236de9dc
USGS_01646500_discharge_cms_20261005T090000Z,observational,USGS-NWIS,01646500,discharge_cms,2026-10-05T09:00:00Z,52.386166,m3/s,P,99c1f02c8b15d23791723ed3e3f5126eaec66831d13a387282e84b84236de9dc
USGS_01646500_discharge_cms_20261005T090500Z,observational,USGS-NWIS,01646500,discharge_cms,2026-10-05T09:05:00Z,51.253492,m3/s,P,99c1f02c8b15d23791723ed3e3f5126eaec66831d13a387282e84b84236de9dc
USGS_01646500_discharge_cms_20261005T091000Z,observational,USGS-NWIS,01646500,discharge_cms,2026-10-05T09:10:00Z,51.253492,m3/s,P,99c1f02c8b15d23791723ed3e3f5126eaec66831d13a387282e84b84236de9dc
USGS_01646500_discharge_cms_20261005T091500Z,observational,USGS-NWIS,01646500,discharge_cms,2026-10-05T09:15:00Z,51.253492,m3/s,P,99c1f02c8b15d23791723ed3e3f5126eaec66831d13a387282e84b84236de9dc
USGS_01646500_discharge_cms_20261005T092000Z,observational,USGS-NWIS,01646500,discharge_cms,2026-10-05T09:20:00Z,51.253492,m3/s,P,99c1f02c8b15d23791723ed3e3f5126eaec66831d13a387282e84b84236de9dc
USGS_01646500_discharge_cms_20261005T092500Z,observational,USGS-NWIS,01646500,discharge_cms,2026-10-05T09:25:00Z,52.386166,m3/s,P,99c1f02c8b15d23791723ed3e3f5126eaec66831d13a387282e84b84236de9dc
USGS_01646500_discharge_cms_20261005T093000Z,observational,USGS-NWIS,01646500,discharge_cms,2026-10-05T09:30:00Z,51.253492,m3/s,P,99c1f02c8b15d23791723ed3e3f5126eaec66831d13a387282e84b84236de9dc
USGS_01646500_discharge_cms_20261005T093500Z,observational,USGS-NWIS,01646500,discharge_cms,2026-10-05T09:35:00Z,51.253492,m3/s,P,99c1f02c8b15d23791723ed3e3f5126eaec66831d13a387282e84b84236de9dc
USGS_01646500_discharge_cms_20261005T094000Z,observational,USGS-NWIS,01646500,discharge_cms,2026-10-05T09:40:00Z,51.253492,m3/s,P,99c1f02c8b15d23791723ed3e3f5126eaec66831d13a387282e84b84236de9dc
USGS_01646500_discharge_cms_20261005T094500Z,observational,USGS-NWIS,01646500,discharge_cms,2026-10-05T09:45:00Z,51.253492,m3/s,P,99c1f02c8b15d23791723ed3e3f5126eaec66831d13a387282e84b84236de9dc
USGS_01646500_discharge_cms_20261005T095000Z,observational,USGS-NWIS,01646500,discharge_cms,2026-10-05T09:50:00Z,51.253492,m3/s,P,99c1f02c8b15d23791723ed3e3f5126eaec66831d13a387282e84b84236de9dc
USGS_01646500_discharge_cms_20261005T095500Z,observational,USGS-NWIS,01646500,discharge_cms,2026-10-05T09:55:00Z,51.253492,m3/s,P,99c1f02c8b15d23791723ed3e3f5126eaec66831d13a387282e84b84236de9dc
USGS_01646500_discharge_cms_20261005T100000Z,observational,USGS-NWIS,01646500,discharge_cms,2026-10-05T10:00:00Z,51.253492,m3/s,P,99c1f02c8b15d23791723ed3e3f5126eaec66831d13a387282e84b84236de9dc
USGS_01646500_discharge_cms_20261005T100500Z,observational,USGS-NWIS,01646500,discharge_cms,2026-10-05T10:05:00Z,51.253492,m3/s,P,99c1f02c8b15d23791723ed3e3f5126eaec66831d13a387282e84b84236de9dc
USGS_01646500_discharge_cms_20261005T101000Z,observational,USGS-NWIS,01646500,discharge_cms,2026-10-05T10:10:00Z,51.253492,m3/s,P,99c1f02c8b15d23791723ed3e3f5126eaec66831d13a387282e84b84236de9dc
USGS_01646500_discharge_cms_20261005T101500Z,observational,USGS-NWIS,01646500,discharge_cms,2026-10-05T10:15:00Z,50.120818,m3/s,P,99c1f02c8b15d23791723ed3e3f5126eaec66831d13a387282e84b84236de9dc
USGS_01646500_discharge_cms_20261005T102000Z,observational,USGS-NWIS,01646500,discharge_cms,2026-10-05T10:20:00Z,51.253492,m3/s,P,99c1f02c8b15d23791723ed3e3f5126eaec66831d13a387282e84b84236de9dc
USGS_01646500_discharge_cms_20261005T102500Z,observational,USGS-NWIS,01646500,discharge_cms,2026-10-05T10:25:00Z,51.253492,m3/s,P,99c1f02c8b15d23791723ed3e3f5126eaec66831d13a387282e84b84236de9dc
USGS_01646500_discharge_cms_20261005T103000Z,observational,USGS-NWIS,01646500,discharge_cms,2026-10-05T10:30:00Z,51.253492,m3/s,P,99c1f02c8b15d23791723ed3e3f5126eaec66831d13a387282e84b84236de9dc
USGS_01646500_discharge_cms_20261005T103500Z,observational,USGS-NWIS,01646500,discharge_cms,2026-10-05T10:35:00Z,51.253492,m3/s,P,99c1f02c8b15d23791723ed3e3f5126eaec66831d13a387282e84b84236de9dc
USGS_01646500_discharge_cms_20261005T104000Z,observational,USGS-NWIS,01646500,discharge_cms,2026-10-05T10:40:00Z,51.253492,m3/s,P,99c1f02c8b15d23791723ed3e3f5126eaec66831d13a387282e84b84236de9dc
USGS_01646500_discharge_cms_20261005T104500Z,observational,USGS-NWIS,01646500,discharge_cms,2026-10-05T10:45:00Z,51.253492,m3/s,P,99c1f02c8b15d23791723ed3e3f5126eaec66831d13a387282e84b84236de9dc
USGS_01646500_discharge_cms_20261005T105000Z,observational,USGS-NWIS,01646500,discharge_cms,2026-10-05T10:50:00Z,51.253492,m3/s,P,99c1f02c8b15d23791723ed3e3f5126eaec66831d13a387282e84b84236de9dc
USGS_01646500_discharge_cms_20261005T105500Z,observational,USGS-NWIS,01646500,discharge_cms,2026-10-05T10:55:00Z,51.253492,m3/s,P,99c1f02c8b15d23791723ed3e3f5126eaec66831d13a387282e84b84236de9dc
USGS_01646500_discharge_cms_20261005T110000Z,observational,USGS-NWIS,01646500,discharge_cms,2026-10-05T11:00:00Z,51.253492,m3/s,P,99c1f02c8b15d23791723ed3e3f5126eaec66831d13a387282e84b84236de9dc
USGS_01646500_discharge_cms_20261005T110500Z,observational,USGS-NWIS,01646500,discharge_cms,2026-10-05T11:05:00Z,51.253492,m3/s,P,99c1f02c8b15d23791723ed3e3f5126eaec66831d13a387282e84b84236de9dc
USGS_01646500_discharge_cms_20261005T111000Z,observational,USGS-NWIS,01646500,discharge_cms,2026-10-05T11:10:00Z,51.253492,m3/s,P,99c1f02c8b15d23791723ed3e3f5126eaec66831d13a387282e84b84236de9dc
USGS_01646500_discharge_cms_20261005T111500Z,observational,USGS-NWIS,01646500,discharge_cms,2026-10-05T11:15:00Z,50.120818,m3/s,P,99c1f02c8b15d23791723ed3e3f5126eaec66831d13a387282e84b84236de9dc
USGS_01646500_discharge_cms_20261005T112000Z,observational,USGS-NWIS,01646500,discharge_cms,2026-10-05T11:20:00Z,51.253492,m3/s,P,99c1f02c8b15d23791723ed3e3f5126eaec66831d13a387282e84b84236de9dc
USGS_01646500_discharge_cms_20261005T112500Z,observational,USGS-NWIS,01646500,discharge_cms,2026-10-05T11:25:00Z,51.253492,m3/s,P,99c1f02c8b15d23791723ed3e3f5126eaec66831d13a387282e84b84236de9dc
USGS_01646500_discharge_cms_20261005T113000Z,observational,USGS-NWIS,01646500,discharge_cms,2026-10-05T11:30:00Z,51.253492,m3/s,P,99c1f02c8b15d23791723ed3e3f5126eaec66831d13a387282e84b84236de9dc
USGS_01646500_discharge_cms_20261005T113500Z,observational,USGS-NWIS,01646500,discharge_cms,2026-10-05T11:35:00Z,51.253492,m3/s,P,99c1f02c8b15d23791723ed3e3f5126eaec66831d13a387282e84b84236de9dc
USGS_01646500_discharge_cms_20261005T114000Z,observational,USGS-NWIS,01646500,discharge_cms,2026-10-05T11:40:00Z,51.253492,m3/s,P,99c1f02c8b15d23791723ed3e3f5126eaec66831d13a387282e84b84236de9dc
USGS_01646500_discharge_cms_20261005T114500Z,observational,USGS-NWIS,01646500,discharge_cms,2026-10-05T11:45:00Z,51.253492,m3/s,P,99c1f02c8b15d23791723ed3e3f5126eaec66831d13a387282e84b84236de9dc
USGS_01646500_discharge_cms_20261005T115000Z,observational,USGS-NWIS,01646500,discharge_cms,2026-10-05T11:50:00Z,51.253492,m3/s,P,99c1f02c8b15d23791723ed3e3f5126eaec66831d13a387282e84b84236de9dc
NOAA_NWPS_01646500_flood_stage_action,observational,NOAA-NWPS,01646500,flood_stage_action_m,2026-01-01T00:00:00Z,1.524,m,OFFICIAL_NWS_STAGE,31a7199d9e382eb84659819854b16cca30024b27fbe2732e2482f2c883f4feb3
NOAA_NWPS_01646500_flood_stage_major,observational,NOAA-NWPS,01646500,flood_stage_major_m,2026-01-01T00:00:00Z,4.2672,m,OFFICIAL_NWS_STAGE,31a7199d9e382eb84659819854b16cca30024b27fbe2732e2482f2c883f4feb3
NOAA_NWPS_01646500_flood_stage_minor,observational,NOAA-NWPS,01646500,flood_stage_minor_m,2026-01-01T00:00:00Z,3.048,m,OFFICIAL_NWS_STAGE,31a7199d9e382eb84659819854b16cca30024b27fbe2732e2482f2c883f4feb3
NOAA_NWPS_01646500_flood_stage_moderate,observational,NOAA-NWPS,01646500,flood_stage_moderate_m,2026-01-01T00:00:00Z,3.6576,m,OFFICIAL_NWS_STAGE,31a7199d9e382eb84659819854b16cca30024b27fbe2732e2482f2c883f4feb3
USGS_01646500_gage_height_m_20261004T125500Z,observational,USGS-NWIS,01646500,gage_height_m,2026-10-04T12:55:00Z,0.871728,m,P,99c1f02c8b15d23791723ed3e3f5126eaec66831d13a387282e84b84236de9dc
USGS_01646500_gage_height_m_20261004T130000Z,observational,USGS-NWIS,01646500,gage_height_m,2026-10-04T13:00:00Z,0.871728,m,P,99c1f02c8b15d23791723ed3e3f5126eaec66831d13a387282e84b84236de9dc
USGS_01646500_gage_height_m_20261004T130500Z,observational,USGS-NWIS,01646500,gage_height_m,2026-10-04T13:05:00Z,0.871728,m,P,99c1f02c8b15d23791723ed3e3f5126eaec66831d13a387282e84b84236de9dc
USGS_01646500_gage_height_m_20261004T131000Z,observational,USGS-NWIS,01646500,gage_height_m,2026-10-04T13:10:00Z,0.871728,m,P,99c1f02c8b15d23791723ed3e3f5126eaec66831d13a387282e84b84236de9dc
USGS_01646500_gage_height_m_20261004T131500Z,observational,USGS-NWIS,01646500,gage_height_m,2026-10-04T13:15:00Z,0.871728,m,P,99c1f02c8b15d23791723ed3e3f5126eaec66831d13a387282e84b84236de9dc
USGS_01646500_gage_height_m_20261004T132000Z,observational,USGS-NWIS,01646500,gage_height_m,2026-10-04T13:20:00Z,0.871728,m,P,99c1f02c8b15d23791723ed3e3f5126eaec66831d13a387282e84b84236de9dc
USGS_01646500_gage_height_m_20261004T132500Z,observational,USGS-NWIS,01646500,gage_height_m,2026-10-04T13:25:00Z,0.871728,m,P,99c1f02c8b15d23791723ed3e3f5126eaec66831d13a387282e84b84236de9dc
USGS_01646500_gage_height_m_20261004T133000Z,observational,USGS-NWIS,01646500,gage_height_m,2026-10-04T13:30:00Z,0.874776,m,P,99c1f02c8b15d23791723ed3e3f5126eaec66831d13a387282e84b84236de9dc
USGS_01646500_gage_height_m_20261004T133500Z,observational,USGS-NWIS,01646500,gage_height_m,2026-10-04T13:35:00Z,0.871728,m,P,99c1f02c8b15d23791723ed3e3f5126eaec66831d13a387282e84b84236de9dc
USGS_01646500_gage_height_m_20261004T134000Z,observational,USGS-NWIS,01646500,gage_height_m,2026-10-04T13:40:00Z,0.871728,m,P,99c1f02c8b15d23791723ed3e3f5126eaec66831d13a387282e84b84236de9dc
USGS_01646500_gage_height_m_20261004T134500Z,observational,USGS-NWIS,01646500,gage_height_m,2026-10-04T13:45:00Z,0.871728,m,P,99c1f02c8b15d23791723ed3e3f5126eaec66831d13a387282e84b84236de9dc
USGS_01646500_gage_height_m_20261004T135000Z,observational,USGS-NWIS,01646500,gage_height_m,2026-10-04T13:50:00Z,0.871728,m,P,99c1f02c8b15d23791723ed3e3f5126eaec66831d13a387282e84b84236de9dc
USGS_01646500_gage_height_m_20261004T135500Z,observational,USGS-NWIS,01646500,gage_height_m,2026-10-04T13:55:00Z,0.871728,m,P,99c1f02c8b15d23791723ed3e3f5126eaec66831d13a387282e84b84236de9dc
USGS_01646500_gage_height_m_20261004T140000Z,observational,USGS-NWIS,01646500,gage_height_m,2026-10-04T14:00:00Z,0.874776,m,P,99c1f02c8b15d23791723ed3e3f5126eaec66831d13a387282e84b84236de9dc
USGS_01646500_gage_height_m_20261004T140500Z,observational,USGS-NWIS,01646500,gage_height_m,2026-10-04T14:05:00Z,0.871728,m,P,99c1f02c8b15d23791723ed3e3f5126eaec66831d13a387282e84b84236de9dc
USGS_01646500_gage_height_m_20261004T141000Z,observational,USGS-NWIS,01646500,gage_height_m,2026-10-04T14:10:00Z,0.871728,m,P,99c1f02c8b15d23791723ed3e3f5126eaec66831d13a387282e84b84236de9dc
USGS_01646500_gage_height_m_20261004T141500Z,observational,USGS-NWIS,01646500,gage_height_m,2026-10-04T14:15:00Z,0.874776,m,P,99c1f02c8b15d23791723ed3e3f5126eaec66831d13a387282e84b84236de9dc
USGS_01646500_gage_height_m_20261004T142000Z,observational,USGS-NWIS,01646500,gage_height_m,2026-10-04T14:20:00Z,0.874776,m,P,99c1f02c8b15d23791723ed3e3f5126eaec66831d13a387282e84b84236de9dc
USGS_01646500_gage_height_m_20261004T142500Z,observational,USGS-NWIS,01646500,gage_height_m,2026-10-04T14:25:00Z,0.874776,m,P,99c1f02c8b15d23791723ed3e3f5126eaec66831d13a387282e84b84236de9dc
USGS_01646500_gage_height_m_20261004T143000Z,observational,USGS-NWIS,01646500,gage_height_m,2026-10-04T14:30:00Z,0.874776,m,P,99c1f02c8b15d23791723ed3e3f5126eaec66831d13a387282e84b84236de9dc
USGS_01646500_gage_height_m_20261004T143500Z,observational,USGS-NWIS,01646500,gage_height_m,2026-10-04T14:35:00Z,0.874776,m,P,99c1f02c8b15d23791723ed3e3f5126eaec66831d13a387282e84b84236de9dc
USGS_01646500_gage_height_m_20261004T144000Z,observational,USGS-NWIS,01646500,gage_height_m,2026-10-04T14:40:00Z,0.874776,m,P,99c1f02c8b15d23791723ed3e3f5126eaec66831d13a387282e84b84236de9dc
USGS_01646500_gage_height_m_20261004T144500Z,observational,USGS-NWIS,01646500,gage_height_m,2026-10-04T14:45:00Z,0.874776,m,P,99c1f02c8b15d23791723ed3e3f5126eaec66831d13a387282e84b84236de9dc
USGS_01646500_gage_height_m_20261004T145000Z,observational,USGS-NWIS,01646500,gage_height_m,2026-10-04T14:50:00Z,0.874776,m,P,99c1f02c8b15d23791723ed3e3f5126eaec66831d13a387282e84b84236de9dc
USGS_01646500_gage_height_m_20261004T145500Z,observational,USGS-NWIS,01646500,gage_height_m,2026-10-04T14:55:00Z,0.874776,m,P,99c1f02c8b15d23791723ed3e3f5126eaec66831d13a387282e84b84236de9dc
USGS_01646500_gage_height_m_20261004T150000Z,observational,USGS-NWIS,01646500,gage_height_m,2026-10-04T15:00:00Z,0.874776,m,P,99c1f02c8b15d23791723ed3e3f5126eaec66831d13a387282e84b84236de9dc
USGS_01646500_gage_height_m_20261004T150500Z,observational,USGS-NWIS,01646500,gage_height_m,2026-10-04T15:05:00Z,0.871728,m,P,99c1f02c8b15d23791723ed3e3f5126eaec66831d13a387282e84b84236de9dc
USGS_01646500_gage_height_m_20261004T151000Z,observational,USGS-NWIS,01646500,gage_height_m,2026-10-04T15:10:00Z,0.874776,m,P,99c1f02c8b15d23791723ed3e3f5126eaec66831d13a387282e84b84236de9dc
USGS_01646500_gage_height_m_20261004T151500Z,observational,USGS-NWIS,01646500,gage_height_m,2026-10-04T15:15:00Z,0.874776,m,P,99c1f02c8b15d23791723ed3e3f5126eaec66831d13a387282e84b84236de9dc
USGS_01646500_gage_height_m_20261004T152000Z,observational,USGS-NWIS,01646500,gage_height_m,2026-10-04T15:20:00Z,0.874776,m,P,99c1f02c8b15d23791723ed3e3f5126eaec66831d13a387282e84b84236de9dc
USGS_01646500_gage_height_m_20261004T152500Z,observational,USGS-NWIS,01646500,gage_height_m,2026-10-04T15:25:00Z,0.874776,m,P,99c1f02c8b15d23791723ed3e3f5126eaec66831d13a387282e84b84236de9dc
USGS_01646500_gage_height_m_20261004T153000Z,observational,USGS-NWIS,01646500,gage_height_m,2026-10-04T15:30:00Z,0.874776,m,P,99c1f02c8b15d23791723ed3e3f5126eaec66831d13a387282e84b84236de9dc
USGS_01646500_gage_height_m_20261004T153500Z,observational,USGS-NWIS,01646500,gage_height_m,2026-10-04T15:35:00Z,0.874776,m,P,99c1f02c8b15d23791723ed3e3f5126eaec66831d13a387282e84b84236de9dc
USGS_01646500_gage_height_m_20261004T154000Z,observational,USGS-NWIS,01646500,gage_height_m,2026-10-04T15:40:00Z,0.874776,m,P,99c1f02c8b15d23791723ed3e3f5126eaec66831d13a387282e84b84236de9dc
USGS_01646500_gage_height_m_20261004T154500Z,observational,USGS-NWIS,01646500,gage_height_m,2026-10-04T15:45:00Z,0.874776,m,P,99c1f02c8b15d23791723ed3e3f5126eaec66831d13a387282e84b84236de9dc
USGS_01646500_gage_height_m_20261004T155000Z,observational,USGS-NWIS,01646500,gage_height_m,2026-10-04T15:50:00Z,0.874776,m,P,99c1f02c8b15d23791723ed3e3f5126eaec66831d13a387282e84b84236de9dc
USGS_01646500_gage_height_m_20261004T155500Z,observational,USGS-NWIS,01646500,gage_height_m,2026-10-04T15:55:00Z,0.874776,m,P,99c1f02c8b15d23791723ed3e3f5126eaec66831d13a387282e84b84236de9dc
USGS_01646500_gage_height_m_20261004T160000Z,observational,USGS-NWIS,01646500,gage_height_m,2026-10-04T16:00:00Z,0.874776,m,P,99c1f02c8b15d23791723ed3e3f5126eaec66831d13a387282e84b84236de9dc
USGS_01646500_gage_height_m_20261004T160500Z,observational,USGS-NWIS,01646500,gage_height_m,2026-10-04T16:05:00Z,0.874776,m,P,99c1f02c8b15d23791723ed3e3f5126eaec66831d13a387282e84b84236de9dc
USGS_01646500_gage_height_m_20261004T161000Z,observational,USGS-NWIS,01646500,gage_height_m,2026-10-04T16:10:00Z,0.874776,m,P,99c1f02c8b15d23791723ed3e3f5126eaec66831d13a387282e84b84236de9dc
USGS_01646500_gage_height_m_20261004T161500Z,observational,USGS-NWIS,01646500,gage_height_m,2026-10-04T16:15:00Z,0.874776,m,P,99c1f02c8b15d23791723ed3e3f5126eaec66831d13a387282e84b84236de9dc
USGS_01646500_gage_height_m_20261004T162000Z,observational,USGS-NWIS,01646500,gage_height_m,2026-10-04T16:20:00Z,0.874776,m,P,99c1f02c8b15d23791723ed3e3f5126eaec66831d13a387282e84b84236de9dc
USGS_01646500_gage_height_m_20261004T162500Z,observational,USGS-NWIS,01646500,gage_height_m,2026-10-04T16:25:00Z,0.874776,m,P,99c1f02c8b15d23791723ed3e3f5126eaec66831d13a387282e84b84236de9dc
USGS_01646500_gage_height_m_20261004T163000Z,observational,USGS-NWIS,01646500,gage_height_m,2026-10-04T16:30:00Z,0.874776,m,P,99c1f02c8b15d23791723ed3e3f5126eaec66831d13a387282e84b84236de9dc
USGS_01646500_gage_height_m_20261004T163500Z,observational,USGS-NWIS,01646500,gage_height_m,2026-10-04T16:35:00Z,0.874776,m,P,99c1f02c8b15d23791723ed3e3f5126eaec66831d13a387282e84b84236de9dc
USGS_01646500_gage_height_m_20261004T164000Z,observational,USGS-NWIS,01646500,gage_height_m,2026-10-04T16:40:00Z,0.874776,m,P,99c1f02c8b15d23791723ed3e3f5126eaec66831d13a387282e84b84236de9dc
USGS_01646500_gage_height_m_20261004T164500Z,observational,USGS-NWIS,01646500,gage_height_m,2026-10-04T16:45:00Z,0.874776,m,P,99c1f02c8b15d23791723ed3e3f5126eaec66831d13a387282e84b84236de9dc
USGS_01646500_gage_height_m_20261004T165000Z,observational,USGS-NWIS,01646500,gage_height_m,2026-10-04T16:50:00Z,0.874776,m,P,99c1f02c8b15d23791723ed3e3f5126eaec66831d13a387282e84b84236de9dc
USGS_01646500_gage_height_m_20261004T165500Z,observational,USGS-NWIS,01646500,gage_height_m,2026-10-04T16:55:00Z,0.874776,m,P,99c1f02c8b15d23791723ed3e3f5126eaec66831d13a387282e84b84236de9dc
USGS_01646500_gage_height_m_20261004T170000Z,observational,USGS-NWIS,01646500,gage_height_m,2026-10-04T17:00:00Z,0.874776,m,P,99c1f02c8b15d23791723ed3e3f5126eaec66831d13a387282e84b84236de9dc
USGS_01646500_gage_height_m_20261004T170500Z,observational,USGS-NWIS,01646500,gage_height_m,2026-10-04T17:05:00Z,0.874776,m,P,99c1f02c8b15d23791723ed3e3f5126eaec66831d13a387282e84b84236de9dc
USGS_01646500_gage_height_m_20261004T171000Z,observational,USGS-NWIS,01646500,gage_height_m,2026-10-04T17:10:00Z,0.874776,m,P,99c1f02c8b15d23791723ed3e3f5126eaec66831d13a387282e84b84236de9dc
USGS_01646500_gage_height_m_20261004T171500Z,observational,USGS-NWIS,01646500,gage_height_m,2026-10-04T17:15:00Z,0.874776,m,P,99c1f02c8b15d23791723ed3e3f5126eaec66831d13a387282e84b84236de9dc
USGS_01646500_gage_height_m_20261004T172000Z,observational,USGS-NWIS,01646500,gage_height_m,2026-10-04T17:20:00Z,0.874776,m,P,99c1f02c8b15d23791723ed3e3f5126eaec66831d13a387282e84b84236de9dc
USGS_01646500_gage_height_m_20261004T172500Z,observational,USGS-NWIS,01646500,gage_height_m,2026-10-04T17:25:00Z,0.874776,m,P,99c1f02c8b15d23791723ed3e3f5126eaec66831d13a387282e84b84236de9dc
USGS_01646500_gage_height_m_20261004T173000Z,observational,USGS-NWIS,01646500,gage_height_m,2026-10-04T17:30:00Z,0.874776,m,P,99c1f02c8b15d23791723ed3e3f5126eaec66831d13a387282e84b84236de9dc
USGS_01646500_gage_height_m_20261004T173500Z,observational,USGS-NWIS,01646500,gage_height_m,2026-10-04T17:35:00Z,0.874776,m,P,99c1f02c8b15d23791723ed3e3f5126eaec66831d13a387282e84b84236de9dc
USGS_01646500_gage_height_m_20261004T174000Z,observational,USGS-NWIS,01646500,gage_height_m,2026-10-04T17:40:00Z,0.871728,m,P,99c1f02c8b15d23791723ed3e3f5126eaec66831d13a387282e84b84236de9dc
USGS_01646500_gage_height_m_20261004T174500Z,observational,USGS-NWIS,01646500,gage_height_m,2026-10-04T17:45:00Z,0.874776,m,P,99c1f02c8b15d23791723ed3e3f5126eaec66831d13a387282e84b84236de9dc
USGS_01646500_gage_height_m_20261004T175000Z,observational,USGS-NWIS,01646500,gage_height_m,2026-10-04T17:50:00Z,0.874776,m,P,99c1f02c8b15d23791723ed3e3f5126eaec66831d13a387282e84b84236de9dc
USGS_01646500_gage_height_m_20261004T175500Z,observational,USGS-NWIS,01646500,gage_height_m,2026-10-04T17:55:00Z,0.874776,m,P,99c1f02c8b15d23791723ed3e3f5126eaec66831d13a387282e84b84236de9dc
USGS_01646500_gage_height_m_20261004T180000Z,observational,USGS-NWIS,01646500,gage_height_m,2026-10-04T18:00:00Z,0.874776,m,P,99c1f02c8b15d23791723ed3e3f5126eaec66831d13a387282e84b84236de9dc
USGS_01646500_gage_height_m_20261004T180500Z,observational,USGS-NWIS,01646500,gage_height_m,2026-10-04T18:05:00Z,0.874776,m,P,99c1f02c8b15d23791723ed3e3f5126eaec66831d13a387282e84b84236de9dc
USGS_01646500_gage_height_m_20261004T181000Z,observational,USGS-NWIS,01646500,gage_height_m,2026-10-04T18:10:00Z,0.874776,m,P,99c1f02c8b15d23791723ed3e3f5126eaec66831d13a387282e84b84236de9dc
USGS_01646500_gage_height_m_20261004T181500Z,observational,USGS-NWIS,01646500,gage_height_m,2026-10-04T18:15:00Z,0.874776,m,P,99c1f02c8b15d23791723ed3e3f5126eaec66831d13a387282e84b84236de9dc
USGS_01646500_gage_height_m_20261004T182000Z,observational,USGS-NWIS,01646500,gage_height_m,2026-10-04T18:20:00Z,0.874776,m,P,99c1f02c8b15d23791723ed3e3f5126eaec66831d13a387282e84b84236de9dc
USGS_01646500_gage_height_m_20261004T182500Z,observational,USGS-NWIS,01646500,gage_height_m,2026-10-04T18:25:00Z,0.871728,m,P,99c1f02c8b15d23791723ed3e3f5126eaec66831d13a387282e84b84236de9dc
USGS_01646500_gage_height_m_20261004T183000Z,observational,USGS-NWIS,01646500,gage_height_m,2026-10-04T18:30:00Z,0.874776,m,P,99c1f02c8b15d23791723ed3e3f5126eaec66831d13a387282e84b84236de9dc
USGS_01646500_gage_height_m_20261004T183500Z,observational,USGS-NWIS,01646500,gage_height_m,2026-10-04T18:35:00Z,0.871728,m,P,99c1f02c8b15d23791723ed3e3f5126eaec66831d13a387282e84b84236de9dc
USGS_01646500_gage_height_m_20261004T184000Z,observational,USGS-NWIS,01646500,gage_height_m,2026-10-04T18:40:00Z,0.874776,m,P,99c1f02c8b15d23791723ed3e3f5126eaec66831d13a387282e84b84236de9dc
USGS_01646500_gage_height_m_20261004T184500Z,observational,USGS-NWIS,01646500,gage_height_m,2026-10-04T18:45:00Z,0.871728,m,P,99c1f02c8b15d23791723ed3e3f5126eaec66831d13a387282e84b84236de9dc
USGS_01646500_gage_height_m_20261004T185000Z,observational,USGS-NWIS,01646500,gage_height_m,2026-10-04T18:50:00Z,0.874776,m,P,99c1f02c8b15d23791723ed3e3f5126eaec66831d13a387282e84b84236de9dc
USGS_01646500_gage_height_m_20261004T185500Z,observational,USGS-NWIS,01646500,gage_height_m,2026-10-04T18:55:00Z,0.874776,m,P,99c1f02c8b15d23791723ed3e3f5126eaec66831d13a387282e84b84236de9dc
USGS_01646500_gage_height_m_20261004T190000Z,observational,USGS-NWIS,01646500,gage_height_m,2026-10-04T19:00:00Z,0.874776,m,P,99c1f02c8b15d23791723ed3e3f5126eaec66831d13a387282e84b84236de9dc
USGS_01646500_gage_height_m_20261004T190500Z,observational,USGS-NWIS,01646500,gage_height_m,2026-10-04T19:05:00Z,0.874776,m,P,99c1f02c8b15d23791723ed3e3f5126eaec66831d13a387282e84b84236de9dc
USGS_01646500_gage_height_m_20261004T191000Z,observational,USGS-NWIS,01646500,gage_height_m,2026-10-04T19:10:00Z,0.871728,m,P,99c1f02c8b15d23791723ed3e3f5126eaec66831d13a387282e84b84236de9dc
USGS_01646500_gage_height_m_20261004T191500Z,observational,USGS-NWIS,01646500,gage_height_m,2026-10-04T19:15:00Z,0.874776,m,P,99c1f02c8b15d23791723ed3e3f5126eaec66831d13a387282e84b84236de9dc
USGS_01646500_gage_height_m_20261004T192000Z,observational,USGS-NWIS,01646500,gage_height_m,2026-10-04T19:20:00Z,0.871728,m,P,99c1f02c8b15d23791723ed3e3f5126eaec66831d13a387282e84b84236de9dc
USGS_01646500_gage_height_m_20261004T192500Z,observational,USGS-NWIS,01646500,gage_height_m,2026-10-04T19:25:00Z,0.874776,m,P,99c1f02c8b15d23791723ed3e3f5126eaec66831d13a387282e84b84236de9dc
USGS_01646500_gage_height_m_20261004T193000Z,observational,USGS-NWIS,01646500,gage_height_m,2026-10-04T19:30:00Z,0.874776,m,P,99c1f02c8b15d23791723ed3e3f5126eaec66831d13a387282e84b84236de9dc
USGS_01646500_gage_height_m_20261004T193500Z,observational,USGS-NWIS,01646500,gage_height_m,2026-10-04T19:35:00Z,0.871728,m,P,99c1f02c8b15d23791723ed3e3f5126eaec66831d13a387282e84b84236de9dc
USGS_01646500_gage_height_m_20261004T194000Z,observational,USGS-NWIS,01646500,gage_height_m,2026-10-04T19:40:00Z,0.871728,m,P,99c1f02c8b15d23791723ed3e3f5126eaec66831d13a387282e84b84236de9dc
USGS_01646500_gage_height_m_20261004T194500Z,observational,USGS-NWIS,01646500,gage_height_m,2026-10-04T19:45:00Z,0.871728,m,P,99c1f02c8b15d23791723ed3e3f5126eaec66831d13a387282e84b84236de9dc
USGS_01646500_gage_height_m_20261004T195000Z,observational,USGS-NWIS,01646500,gage_height_m,2026-10-04T19:50:00Z,0.871728,m,P,99c1f02c8b15d23791723ed3e3f5126eaec66831d13a387282e84b84236de9dc
USGS_01646500_gage_height_m_20261004T195500Z,observational,USGS-NWIS,01646500,gage_height_m,2026-10-04T19:55:00Z,0.871728,m,P,99c1f02c8b15d23791723ed3e3f5126eaec66831d13a387282e84b84236de9dc
USGS_01646500_gage_height_m_20261004T200000Z,observational,USGS-NWIS,01646500,gage_height_m,2026-10-04T20:00:00Z,0.874776,m,P,99c1f02c8b15d23791723ed3e3f5126eaec66831d13a387282e84b84236de9dc
USGS_01646500_gage_height_m_20261004T200500Z,observational,USGS-NWIS,01646500,gage_height_m,2026-10-04T20:05:00Z,0.871728,m,P,99c1f02c8b15d23791723ed3e3f5126eaec66831d13a387282e84b84236de9dc
USGS_01646500_gage_height_m_20261004T201000Z,observational,USGS-NWIS,01646500,gage_height_m,2026-10-04T20:10:00Z,0.871728,m,P,99c1f02c8b15d23791723ed3e3f5126eaec66831d13a387282e84b84236de9dc
USGS_01646500_gage_height_m_20261004T201500Z,observational,USGS-NWIS,01646500,gage_height_m,2026-10-04T20:15:00Z,0.871728,m,P,99c1f02c8b15d23791723ed3e3f5126eaec66831d13a387282e84b84236de9dc
USGS_01646500_gage_height_m_20261004T202000Z,observational,USGS-NWIS,01646500,gage_height_m,2026-10-04T20:20:00Z,0.871728,m,P,99c1f02c8b15d23791723ed3e3f5126eaec66831d13a387282e84b84236de9dc
USGS_01646500_gage_height_m_20261004T202500Z,observational,USGS-NWIS,01646500,gage_height_m,2026-10-04T20:25:00Z,0.871728,m,P,99c1f02c8b15d23791723ed3e3f5126eaec66831d13a387282e84b84236de9dc
USGS_01646500_gage_height_m_20261004T203000Z,observational,USGS-NWIS,01646500,gage_height_m,2026-10-04T20:30:00Z,0.871728,m,P,99c1f02c8b15d23791723ed3e3f5126eaec66831d13a387282e84b84236de9dc
USGS_01646500_gage_height_m_20261004T203500Z,observational,USGS-NWIS,01646500,gage_height_m,2026-10-04T20:35:00Z,0.871728,m,P,99c1f02c8b15d23791723ed3e3f5126eaec66831d13a387282e84b84236de9dc
USGS_01646500_gage_height_m_20261004T204000Z,observational,USGS-NWIS,01646500,gage_height_m,2026-10-04T20:40:00Z,0.871728,m,P,99c1f02c8b15d23791723ed3e3f5126eaec66831d13a387282e84b84236de9dc
USGS_01646500_gage_height_m_20261004T204500Z,observational,USGS-NWIS,01646500,gage_height_m,2026-10-04T20:45:00Z,0.871728,m,P,99c1f02c8b15d23791723ed3e3f5126eaec66831d13a387282e84b84236de9dc
USGS_01646500_gage_height_m_20261004T205000Z,observational,USGS-NWIS,01646500,gage_height_m,2026-10-04T20:50:00Z,0.86868,m,P,99c1f02c8b15d23791723ed3e3f5126eaec66831d13a387282e84b84236de9dc
USGS_01646500_gage_height_m_20261004T205500Z,observational,USGS-NWIS,01646500,gage_height_m,2026-10-04T20:55:00Z,0.871728,m,P,99c1f02c8b15d23791723ed3e3f5126eaec66831d13a387282e84b84236de9dc
USGS_01646500_gage_height_m_20261004T210000Z,observational,USGS-NWIS,01646500,gage_height_m,2026-10-04T21:00:00Z,0.871728,m,P,99c1f02c8b15d23791723ed3e3f5126eaec66831d13a387282e84b84236de9dc
USGS_01646500_gage_height_m_20261004T210500Z,observational,USGS-NWIS,01646500,gage_height_m,2026-10-04T21:05:00Z,0.871728,m,P,99c1f02c8b15d23791723ed3e3f5126eaec66831d13a387282e84b84236de9dc
USGS_01646500_gage_height_m_20261004T211000Z,observational,USGS-NWIS,01646500,gage_height_m,2026-10-04T21:10:00Z,0.871728,m,P,99c1f02c8b15d23791723ed3e3f5126eaec66831d13a387282e84b84236de9dc
USGS_01646500_gage_height_m_20261004T211500Z,observational,USGS-NWIS,01646500,gage_height_m,2026-10-04T21:15:00Z,0.86868,m,P,99c1f02c8b15d23791723ed3e3f5126eaec66831d13a387282e84b84236de9dc
USGS_01646500_gage_height_m_20261004T212000Z,observational,USGS-NWIS,01646500,gage_height_m,2026-10-04T21:20:00Z,0.871728,m,P,99c1f02c8b15d23791723ed3e3f5126eaec66831d13a387282e84b84236de9dc
USGS_01646500_gage_height_m_20261004T212500Z,observational,USGS-NWIS,01646500,gage_height_m,2026-10-04T21:25:00Z,0.86868,m,P,99c1f02c8b15d23791723ed3e3f5126eaec66831d13a387282e84b84236de9dc
USGS_01646500_gage_height_m_20261004T213000Z,observational,USGS-NWIS,01646500,gage_height_m,2026-10-04T21:30:00Z,0.871728,m,P,99c1f02c8b15d23791723ed3e3f5126eaec66831d13a387282e84b84236de9dc
USGS_01646500_gage_height_m_20261004T213500Z,observational,USGS-NWIS,01646500,gage_height_m,2026-10-04T21:35:00Z,0.871728,m,P,99c1f02c8b15d23791723ed3e3f5126eaec66831d13a387282e84b84236de9dc
USGS_01646500_gage_height_m_20261004T214000Z,observational,USGS-NWIS,01646500,gage_height_m,2026-10-04T21:40:00Z,0.86868,m,P,99c1f02c8b15d23791723ed3e3f5126eaec66831d13a387282e84b84236de9dc
USGS_01646500_gage_height_m_20261004T214500Z,observational,USGS-NWIS,01646500,gage_height_m,2026-10-04T21:45:00Z,0.86868,m,P,99c1f02c8b15d23791723ed3e3f5126eaec66831d13a387282e84b84236de9dc
USGS_01646500_gage_height_m_20261004T215000Z,observational,USGS-NWIS,01646500,gage_height_m,2026-10-04T21:50:00Z,0.871728,m,P,99c1f02c8b15d23791723ed3e3f5126eaec66831d13a387282e84b84236de9dc
USGS_01646500_gage_height_m_20261004T215500Z,observational,USGS-NWIS,01646500,gage_height_m,2026-10-04T21:55:00Z,0.86868,m,P,99c1f02c8b15d23791723ed3e3f5126eaec66831d13a387282e84b84236de9dc
USGS_01646500_gage_height_m_20261004T220000Z,observational,USGS-NWIS,01646500,gage_height_m,2026-10-04T22:00:00Z,0.86868,m,P,99c1f02c8b15d23791723ed3e3f5126eaec66831d13a387282e84b84236de9dc
USGS_01646500_gage_height_m_20261004T220500Z,observational,USGS-NWIS,01646500,gage_height_m,2026-10-04T22:05:00Z,0.86868,m,P,99c1f02c8b15d23791723ed3e3f5126eaec66831d13a387282e84b84236de9dc
USGS_01646500_gage_height_m_20261004T221000Z,observational,USGS-NWIS,01646500,gage_height_m,2026-10-04T22:10:00Z,0.86868,m,P,99c1f02c8b15d23791723ed3e3f5126eaec66831d13a387282e84b84236de9dc
USGS_01646500_gage_height_m_20261004T221500Z,observational,USGS-NWIS,01646500,gage_height_m,2026-10-04T22:15:00Z,0.86868,m,P,99c1f02c8b15d23791723ed3e3f5126eaec66831d13a387282e84b84236de9dc
USGS_01646500_gage_height_m_20261004T222000Z,observational,USGS-NWIS,01646500,gage_height_m,2026-10-04T22:20:00Z,0.86868,m,P,99c1f02c8b15d23791723ed3e3f5126eaec66831d13a387282e84b84236de9dc
USGS_01646500_gage_height_m_20261004T222500Z,observational,USGS-NWIS,01646500,gage_height_m,2026-10-04T22:25:00Z,0.86868,m,P,99c1f02c8b15d23791723ed3e3f5126eaec66831d13a387282e84b84236de9dc
USGS_01646500_gage_height_m_20261004T223000Z,observational,USGS-NWIS,01646500,gage_height_m,2026-10-04T22:30:00Z,0.86868,m,P,99c1f02c8b15d23791723ed3e3f5126eaec66831d13a387282e84b84236de9dc
USGS_01646500_gage_height_m_20261004T223500Z,observational,USGS-NWIS,01646500,gage_height_m,2026-10-04T22:35:00Z,0.86868,m,P,99c1f02c8b15d23791723ed3e3f5126eaec66831d13a387282e84b84236de9dc
USGS_01646500_gage_height_m_20261004T224000Z,observational,USGS-NWIS,01646500,gage_height_m,2026-10-04T22:40:00Z,0.86868,m,P,99c1f02c8b15d23791723ed3e3f5126eaec66831d13a387282e84b84236de9dc
USGS_01646500_gage_height_m_20261004T224500Z,observational,USGS-NWIS,01646500,gage_height_m,2026-10-04T22:45:00Z,0.86868,m,P,99c1f02c8b15d23791723ed3e3f5126eaec66831d13a387282e84b84236de9dc
USGS_01646500_gage_height_m_20261004T225000Z,observational,USGS-NWIS,01646500,gage_height_m,2026-10-04T22:50:00Z,0.86868,m,P,99c1f02c8b15d23791723ed3e3f5126eaec66831d13a387282e84b84236de9dc
USGS_01646500_gage_height_m_20261004T225500Z,observational,USGS-NWIS,01646500,gage_height_m,2026-10-04T22:55:00Z,0.86868,m,P,99c1f02c8b15d23791723ed3e3f5126eaec66831d13a387282e84b84236de9dc
USGS_01646500_gage_height_m_20261004T230000Z,observational,USGS-NWIS,01646500,gage_height_m,2026-10-04T23:00:00Z,0.865632,m,P,99c1f02c8b15d23791723ed3e3f5126eaec66831d13a387282e84b84236de9dc
USGS_01646500_gage_height_m_20261004T230500Z,observational,USGS-NWIS,01646500,gage_height_m,2026-10-04T23:05:00Z,0.865632,m,P,99c1f02c8b15d23791723ed3e3f5126eaec66831d13a387282e84b84236de9dc
USGS_01646500_gage_height_m_20261004T231000Z,observational,USGS-NWIS,01646500,gage_height_m,2026-10-04T23:10:00Z,0.865632,m,P,99c1f02c8b15d23791723ed3e3f5126eaec66831d13a387282e84b84236de9dc
USGS_01646500_gage_height_m_20261004T231500Z,observational,USGS-NWIS,01646500,gage_height_m,2026-10-04T23:15:00Z,0.865632,m,P,99c1f02c8b15d23791723ed3e3f5126eaec66831d13a387282e84b84236de9dc
USGS_01646500_gage_height_m_20261004T232000Z,observational,USGS-NWIS,01646500,gage_height_m,2026-10-04T23:20:00Z,0.865632,m,P,99c1f02c8b15d23791723ed3e3f5126eaec66831d13a387282e84b84236de9dc
USGS_01646500_gage_height_m_20261004T232500Z,observational,USGS-NWIS,01646500,gage_height_m,2026-10-04T23:25:00Z,0.865632,m,P,99c1f02c8b15d23791723ed3e3f5126eaec66831d13a387282e84b84236de9dc
USGS_01646500_gage_height_m_20261004T233000Z,observational,USGS-NWIS,01646500,gage_height_m,2026-10-04T23:30:00Z,0.865632,m,P,99c1f02c8b15d23791723ed3e3f5126eaec66831d13a387282e84b84236de9dc
USGS_01646500_gage_height_m_20261004T233500Z,observational,USGS-NWIS,01646500,gage_height_m,2026-10-04T23:35:00Z,0.865632,m,P,99c1f02c8b15d23791723ed3e3f5126eaec66831d13a387282e84b84236de9dc
USGS_01646500_gage_height_m_20261004T234000Z,observational,USGS-NWIS,01646500,gage_height_m,2026-10-04T23:40:00Z,0.865632,m,P,99c1f02c8b15d23791723ed3e3f5126eaec66831d13a387282e84b84236de9dc
USGS_01646500_gage_height_m_20261004T234500Z,observational,USGS-NWIS,01646500,gage_height_m,2026-10-04T23:45:00Z,0.862584,m,P,99c1f02c8b15d23791723ed3e3f5126eaec66831d13a387282e84b84236de9dc
USGS_01646500_gage_height_m_20261004T235000Z,observational,USGS-NWIS,01646500,gage_height_m,2026-10-04T23:50:00Z,0.865632,m,P,99c1f02c8b15d23791723ed3e3f5126eaec66831d13a387282e84b84236de9dc
USGS_01646500_gage_height_m_20261004T235500Z,observational,USGS-NWIS,01646500,gage_height_m,2026-10-04T23:55:00Z,0.862584,m,P,99c1f02c8b15d23791723ed3e3f5126eaec66831d13a387282e84b84236de9dc
USGS_01646500_gage_height_m_20261005T000000Z,observational,USGS-NWIS,01646500,gage_height_m,2026-10-05T00:00:00Z,0.862584,m,P,99c1f02c8b15d23791723ed3e3f5126eaec66831d13a387282e84b84236de9dc
USGS_01646500_gage_height_m_20261005T000500Z,observational,USGS-NWIS,01646500,gage_height_m,2026-10-05T00:05:00Z,0.862584,m,P,99c1f02c8b15d23791723ed3e3f5126eaec66831d13a387282e84b84236de9dc
USGS_01646500_gage_height_m_20261005T001000Z,observational,USGS-NWIS,01646500,gage_height_m,2026-10-05T00:10:00Z,0.862584,m,P,99c1f02c8b15d23791723ed3e3f5126eaec66831d13a387282e84b84236de9dc
USGS_01646500_gage_height_m_20261005T001500Z,observational,USGS-NWIS,01646500,gage_height_m,2026-10-05T00:15:00Z,0.862584,m,P,99c1f02c8b15d23791723ed3e3f5126eaec66831d13a387282e84b84236de9dc
USGS_01646500_gage_height_m_20261005T002000Z,observational,USGS-NWIS,01646500,gage_height_m,2026-10-05T00:20:00Z,0.862584,m,P,99c1f02c8b15d23791723ed3e3f5126eaec66831d13a387282e84b84236de9dc
USGS_01646500_gage_height_m_20261005T002500Z,observational,USGS-NWIS,01646500,gage_height_m,2026-10-05T00:25:00Z,0.862584,m,P,99c1f02c8b15d23791723ed3e3f5126eaec66831d13a387282e84b84236de9dc
USGS_01646500_gage_height_m_20261005T003000Z,observational,USGS-NWIS,01646500,gage_height_m,2026-10-05T00:30:00Z,0.862584,m,P,99c1f02c8b15d23791723ed3e3f5126eaec66831d13a387282e84b84236de9dc
USGS_01646500_gage_height_m_20261005T003500Z,observational,USGS-NWIS,01646500,gage_height_m,2026-10-05T00:35:00Z,0.862584,m,P,99c1f02c8b15d23791723ed3e3f5126eaec66831d13a387282e84b84236de9dc
USGS_01646500_gage_height_m_20261005T004000Z,observational,USGS-NWIS,01646500,gage_height_m,2026-10-05T00:40:00Z,0.859536,m,P,99c1f02c8b15d23791723ed3e3f5126eaec66831d13a387282e84b84236de9dc
USGS_01646500_gage_height_m_20261005T004500Z,observational,USGS-NWIS,01646500,gage_height_m,2026-10-05T00:45:00Z,0.862584,m,P,99c1f02c8b15d23791723ed3e3f5126eaec66831d13a387282e84b84236de9dc
USGS_01646500_gage_height_m_20261005T005000Z,observational,USGS-NWIS,01646500,gage_height_m,2026-10-05T00:50:00Z,0.862584,m,P,99c1f02c8b15d23791723ed3e3f5126eaec66831d13a387282e84b84236de9dc
USGS_01646500_gage_height_m_20261005T005500Z,observational,USGS-NWIS,01646500,gage_height_m,2026-10-05T00:55:00Z,0.859536,m,P,99c1f02c8b15d23791723ed3e3f5126eaec66831d13a387282e84b84236de9dc
USGS_01646500_gage_height_m_20261005T010000Z,observational,USGS-NWIS,01646500,gage_height_m,2026-10-05T01:00:00Z,0.862584,m,P,99c1f02c8b15d23791723ed3e3f5126eaec66831d13a387282e84b84236de9dc
USGS_01646500_gage_height_m_20261005T010500Z,observational,USGS-NWIS,01646500,gage_height_m,2026-10-05T01:05:00Z,0.859536,m,P,99c1f02c8b15d23791723ed3e3f5126eaec66831d13a387282e84b84236de9dc
USGS_01646500_gage_height_m_20261005T011000Z,observational,USGS-NWIS,01646500,gage_height_m,2026-10-05T01:10:00Z,0.859536,m,P,99c1f02c8b15d23791723ed3e3f5126eaec66831d13a387282e84b84236de9dc
USGS_01646500_gage_height_m_20261005T011500Z,observational,USGS-NWIS,01646500,gage_height_m,2026-10-05T01:15:00Z,0.862584,m,P,99c1f02c8b15d23791723ed3e3f5126eaec66831d13a387282e84b84236de9dc
USGS_01646500_gage_height_m_20261005T012000Z,observational,USGS-NWIS,01646500,gage_height_m,2026-10-05T01:20:00Z,0.859536,m,P,99c1f02c8b15d23791723ed3e3f5126eaec66831d13a387282e84b84236de9dc
USGS_01646500_gage_height_m_20261005T012500Z,observational,USGS-NWIS,01646500,gage_height_m,2026-10-05T01:25:00Z,0.859536,m,P,99c1f02c8b15d23791723ed3e3f5126eaec66831d13a387282e84b84236de9dc
USGS_01646500_gage_height_m_20261005T013000Z,observational,USGS-NWIS,01646500,gage_height_m,2026-10-05T01:30:00Z,0.859536,m,P,99c1f02c8b15d23791723ed3e3f5126eaec66831d13a387282e84b84236de9dc
USGS_01646500_gage_height_m_20261005T013500Z,observational,USGS-NWIS,01646500,gage_height_m,2026-10-05T01:35:00Z,0.859536,m,P,99c1f02c8b15d23791723ed3e3f5126eaec66831d13a387282e84b84236de9dc
USGS_01646500_gage_height_m_20261005T014000Z,observational,USGS-NWIS,01646500,gage_height_m,2026-10-05T01:40:00Z,0.859536,m,P,99c1f02c8b15d23791723ed3e3f5126eaec66831d13a387282e84b84236de9dc
USGS_01646500_gage_height_m_20261005T014500Z,observational,USGS-NWIS,01646500,gage_height_m,2026-10-05T01:45:00Z,0.859536,m,P,99c1f02c8b15d23791723ed3e3f5126eaec66831d13a387282e84b84236de9dc
USGS_01646500_gage_height_m_20261005T015000Z,observational,USGS-NWIS,01646500,gage_height_m,2026-10-05T01:50:00Z,0.859536,m,P,99c1f02c8b15d23791723ed3e3f5126eaec66831d13a387282e84b84236de9dc
USGS_01646500_gage_height_m_20261005T015500Z,observational,USGS-NWIS,01646500,gage_height_m,2026-10-05T01:55:00Z,0.856488,m,P,99c1f02c8b15d23791723ed3e3f5126eaec66831d13a387282e84b84236de9dc
USGS_01646500_gage_height_m_20261005T020000Z,observational,USGS-NWIS,01646500,gage_height_m,2026-10-05T02:00:00Z,0.859536,m,P,99c1f02c8b15d23791723ed3e3f5126eaec66831d13a387282e84b84236de9dc
USGS_01646500_gage_height_m_20261005T020500Z,observational,USGS-NWIS,01646500,gage_height_m,2026-10-05T02:05:00Z,0.859536,m,P,99c1f02c8b15d23791723ed3e3f5126eaec66831d13a387282e84b84236de9dc
USGS_01646500_gage_height_m_20261005T021000Z,observational,USGS-NWIS,01646500,gage_height_m,2026-10-05T02:10:00Z,0.856488,m,P,99c1f02c8b15d23791723ed3e3f5126eaec66831d13a387282e84b84236de9dc
USGS_01646500_gage_height_m_20261005T021500Z,observational,USGS-NWIS,01646500,gage_height_m,2026-10-05T02:15:00Z,0.856488,m,P,99c1f02c8b15d23791723ed3e3f5126eaec66831d13a387282e84b84236de9dc
USGS_01646500_gage_height_m_20261005T022000Z,observational,USGS-NWIS,01646500,gage_height_m,2026-10-05T02:20:00Z,0.859536,m,P,99c1f02c8b15d23791723ed3e3f5126eaec66831d13a387282e84b84236de9dc
USGS_01646500_gage_height_m_20261005T022500Z,observational,USGS-NWIS,01646500,gage_height_m,2026-10-05T02:25:00Z,0.856488,m,P,99c1f02c8b15d23791723ed3e3f5126eaec66831d13a387282e84b84236de9dc
USGS_01646500_gage_height_m_20261005T023000Z,observational,USGS-NWIS,01646500,gage_height_m,2026-10-05T02:30:00Z,0.859536,m,P,99c1f02c8b15d23791723ed3e3f5126eaec66831d13a387282e84b84236de9dc
USGS_01646500_gage_height_m_20261005T023500Z,observational,USGS-NWIS,01646500,gage_height_m,2026-10-05T02:35:00Z,0.856488,m,P,99c1f02c8b15d23791723ed3e3f5126eaec66831d13a387282e84b84236de9dc
USGS_01646500_gage_height_m_20261005T024000Z,observational,USGS-NWIS,01646500,gage_height_m,2026-10-05T02:40:00Z,0.856488,m,P,99c1f02c8b15d23791723ed3e3f5126eaec66831d13a387282e84b84236de9dc
USGS_01646500_gage_height_m_20261005T024500Z,observational,USGS-NWIS,01646500,gage_height_m,2026-10-05T02:45:00Z,0.856488,m,P,99c1f02c8b15d23791723ed3e3f5126eaec66831d13a387282e84b84236de9dc
USGS_01646500_gage_height_m_20261005T025000Z,observational,USGS-NWIS,01646500,gage_height_m,2026-10-05T02:50:00Z,0.856488,m,P,99c1f02c8b15d23791723ed3e3f5126eaec66831d13a387282e84b84236de9dc
USGS_01646500_gage_height_m_20261005T025500Z,observational,USGS-NWIS,01646500,gage_height_m,2026-10-05T02:55:00Z,0.856488,m,P,99c1f02c8b15d23791723ed3e3f5126eaec66831d13a387282e84b84236de9dc
USGS_01646500_gage_height_m_20261005T030000Z,observational,USGS-NWIS,01646500,gage_height_m,2026-10-05T03:00:00Z,0.856488,m,P,99c1f02c8b15d23791723ed3e3f5126eaec66831d13a387282e84b84236de9dc
USGS_01646500_gage_height_m_20261005T030500Z,observational,USGS-NWIS,01646500,gage_height_m,2026-10-05T03:05:00Z,0.856488,m,P,99c1f02c8b15d23791723ed3e3f5126eaec66831d13a387282e84b84236de9dc
USGS_01646500_gage_height_m_20261005T031000Z,observational,USGS-NWIS,01646500,gage_height_m,2026-10-05T03:10:00Z,0.85344,m,P,99c1f02c8b15d23791723ed3e3f5126eaec66831d13a387282e84b84236de9dc
USGS_01646500_gage_height_m_20261005T031500Z,observational,USGS-NWIS,01646500,gage_height_m,2026-10-05T03:15:00Z,0.856488,m,P,99c1f02c8b15d23791723ed3e3f5126eaec66831d13a387282e84b84236de9dc
USGS_01646500_gage_height_m_20261005T032000Z,observational,USGS-NWIS,01646500,gage_height_m,2026-10-05T03:20:00Z,0.856488,m,P,99c1f02c8b15d23791723ed3e3f5126eaec66831d13a387282e84b84236de9dc
USGS_01646500_gage_height_m_20261005T032500Z,observational,USGS-NWIS,01646500,gage_height_m,2026-10-05T03:25:00Z,0.85344,m,P,99c1f02c8b15d23791723ed3e3f5126eaec66831d13a387282e84b84236de9dc
USGS_01646500_gage_height_m_20261005T033000Z,observational,USGS-NWIS,01646500,gage_height_m,2026-10-05T03:30:00Z,0.85344,m,P,99c1f02c8b15d23791723ed3e3f5126eaec66831d13a387282e84b84236de9dc
USGS_01646500_gage_height_m_20261005T033500Z,observational,USGS-NWIS,01646500,gage_height_m,2026-10-05T03:35:00Z,0.856488,m,P,99c1f02c8b15d23791723ed3e3f5126eaec66831d13a387282e84b84236de9dc
USGS_01646500_gage_height_m_20261005T034000Z,observational,USGS-NWIS,01646500,gage_height_m,2026-10-05T03:40:00Z,0.85344,m,P,99c1f02c8b15d23791723ed3e3f5126eaec66831d13a387282e84b84236de9dc
USGS_01646500_gage_height_m_20261005T034500Z,observational,USGS-NWIS,01646500,gage_height_m,2026-10-05T03:45:00Z,0.85344,m,P,99c1f02c8b15d23791723ed3e3f5126eaec66831d13a387282e84b84236de9dc
USGS_01646500_gage_height_m_20261005T035000Z,observational,USGS-NWIS,01646500,gage_height_m,2026-10-05T03:50:00Z,0.85344,m,P,99c1f02c8b15d23791723ed3e3f5126eaec66831d13a387282e84b84236de9dc
USGS_01646500_gage_height_m_20261005T035500Z,observational,USGS-NWIS,01646500,gage_height_m,2026-10-05T03:55:00Z,0.856488,m,P,99c1f02c8b15d23791723ed3e3f5126eaec66831d13a387282e84b84236de9dc
USGS_01646500_gage_height_m_20261005T040000Z,observational,USGS-NWIS,01646500,gage_height_m,2026-10-05T04:00:00Z,0.856488,m,P,99c1f02c8b15d23791723ed3e3f5126eaec66831d13a387282e84b84236de9dc
USGS_01646500_gage_height_m_20261005T040500Z,observational,USGS-NWIS,01646500,gage_height_m,2026-10-05T04:05:00Z,0.85344,m,P,99c1f02c8b15d23791723ed3e3f5126eaec66831d13a387282e84b84236de9dc
USGS_01646500_gage_height_m_20261005T041000Z,observational,USGS-NWIS,01646500,gage_height_m,2026-10-05T04:10:00Z,0.85344,m,P,99c1f02c8b15d23791723ed3e3f5126eaec66831d13a387282e84b84236de9dc
USGS_01646500_gage_height_m_20261005T041500Z,observational,USGS-NWIS,01646500,gage_height_m,2026-10-05T04:15:00Z,0.85344,m,P,99c1f02c8b15d23791723ed3e3f5126eaec66831d13a387282e84b84236de9dc
USGS_01646500_gage_height_m_20261005T042000Z,observational,USGS-NWIS,01646500,gage_height_m,2026-10-05T04:20:00Z,0.85344,m,P,99c1f02c8b15d23791723ed3e3f5126eaec66831d13a387282e84b84236de9dc
USGS_01646500_gage_height_m_20261005T042500Z,observational,USGS-NWIS,01646500,gage_height_m,2026-10-05T04:25:00Z,0.85344,m,P,99c1f02c8b15d23791723ed3e3f5126eaec66831d13a387282e84b84236de9dc
USGS_01646500_gage_height_m_20261005T043000Z,observational,USGS-NWIS,01646500,gage_height_m,2026-10-05T04:30:00Z,0.85344,m,P,99c1f02c8b15d23791723ed3e3f5126eaec66831d13a387282e84b84236de9dc
USGS_01646500_gage_height_m_20261005T043500Z,observational,USGS-NWIS,01646500,gage_height_m,2026-10-05T04:35:00Z,0.850392,m,P,99c1f02c8b15d23791723ed3e3f5126eaec66831d13a387282e84b84236de9dc
USGS_01646500_gage_height_m_20261005T044000Z,observational,USGS-NWIS,01646500,gage_height_m,2026-10-05T04:40:00Z,0.850392,m,P,99c1f02c8b15d23791723ed3e3f5126eaec66831d13a387282e84b84236de9dc
USGS_01646500_gage_height_m_20261005T044500Z,observational,USGS-NWIS,01646500,gage_height_m,2026-10-05T04:45:00Z,0.85344,m,P,99c1f02c8b15d23791723ed3e3f5126eaec66831d13a387282e84b84236de9dc
USGS_01646500_gage_height_m_20261005T045000Z,observational,USGS-NWIS,01646500,gage_height_m,2026-10-05T04:50:00Z,0.850392,m,P,99c1f02c8b15d23791723ed3e3f5126eaec66831d13a387282e84b84236de9dc
USGS_01646500_gage_height_m_20261005T045500Z,observational,USGS-NWIS,01646500,gage_height_m,2026-10-05T04:55:00Z,0.85344,m,P,99c1f02c8b15d23791723ed3e3f5126eaec66831d13a387282e84b84236de9dc
USGS_01646500_gage_height_m_20261005T050000Z,observational,USGS-NWIS,01646500,gage_height_m,2026-10-05T05:00:00Z,0.85344,m,P,99c1f02c8b15d23791723ed3e3f5126eaec66831d13a387282e84b84236de9dc
USGS_01646500_gage_height_m_20261005T050500Z,observational,USGS-NWIS,01646500,gage_height_m,2026-10-05T05:05:00Z,0.85344,m,P,99c1f02c8b15d23791723ed3e3f5126eaec66831d13a387282e84b84236de9dc
USGS_01646500_gage_height_m_20261005T051000Z,observational,USGS-NWIS,01646500,gage_height_m,2026-10-05T05:10:00Z,0.85344,m,P,99c1f02c8b15d23791723ed3e3f5126eaec66831d13a387282e84b84236de9dc
USGS_01646500_gage_height_m_20261005T051500Z,observational,USGS-NWIS,01646500,gage_height_m,2026-10-05T05:15:00Z,0.85344,m,P,99c1f02c8b15d23791723ed3e3f5126eaec66831d13a387282e84b84236de9dc
USGS_01646500_gage_height_m_20261005T052000Z,observational,USGS-NWIS,01646500,gage_height_m,2026-10-05T05:20:00Z,0.85344,m,P,99c1f02c8b15d23791723ed3e3f5126eaec66831d13a387282e84b84236de9dc
USGS_01646500_gage_height_m_20261005T052500Z,observational,USGS-NWIS,01646500,gage_height_m,2026-10-05T05:25:00Z,0.850392,m,P,99c1f02c8b15d23791723ed3e3f5126eaec66831d13a387282e84b84236de9dc
USGS_01646500_gage_height_m_20261005T053000Z,observational,USGS-NWIS,01646500,gage_height_m,2026-10-05T05:30:00Z,0.85344,m,P,99c1f02c8b15d23791723ed3e3f5126eaec66831d13a387282e84b84236de9dc
USGS_01646500_gage_height_m_20261005T053500Z,observational,USGS-NWIS,01646500,gage_height_m,2026-10-05T05:35:00Z,0.850392,m,P,99c1f02c8b15d23791723ed3e3f5126eaec66831d13a387282e84b84236de9dc
USGS_01646500_gage_height_m_20261005T054000Z,observational,USGS-NWIS,01646500,gage_height_m,2026-10-05T05:40:00Z,0.850392,m,P,99c1f02c8b15d23791723ed3e3f5126eaec66831d13a387282e84b84236de9dc
USGS_01646500_gage_height_m_20261005T054500Z,observational,USGS-NWIS,01646500,gage_height_m,2026-10-05T05:45:00Z,0.850392,m,P,99c1f02c8b15d23791723ed3e3f5126eaec66831d13a387282e84b84236de9dc
USGS_01646500_gage_height_m_20261005T055000Z,observational,USGS-NWIS,01646500,gage_height_m,2026-10-05T05:50:00Z,0.85344,m,P,99c1f02c8b15d23791723ed3e3f5126eaec66831d13a387282e84b84236de9dc
USGS_01646500_gage_height_m_20261005T055500Z,observational,USGS-NWIS,01646500,gage_height_m,2026-10-05T05:55:00Z,0.850392,m,P,99c1f02c8b15d23791723ed3e3f5126eaec66831d13a387282e84b84236de9dc
USGS_01646500_gage_height_m_20261005T060000Z,observational,USGS-NWIS,01646500,gage_height_m,2026-10-05T06:00:00Z,0.850392,m,P,99c1f02c8b15d23791723ed3e3f5126eaec66831d13a387282e84b84236de9dc
USGS_01646500_gage_height_m_20261005T060500Z,observational,USGS-NWIS,01646500,gage_height_m,2026-10-05T06:05:00Z,0.85344,m,P,99c1f02c8b15d23791723ed3e3f5126eaec66831d13a387282e84b84236de9dc
USGS_01646500_gage_height_m_20261005T061000Z,observational,USGS-NWIS,01646500,gage_height_m,2026-10-05T06:10:00Z,0.850392,m,P,99c1f02c8b15d23791723ed3e3f5126eaec66831d13a387282e84b84236de9dc
USGS_01646500_gage_height_m_20261005T061500Z,observational,USGS-NWIS,01646500,gage_height_m,2026-10-05T06:15:00Z,0.850392,m,P,99c1f02c8b15d23791723ed3e3f5126eaec66831d13a387282e84b84236de9dc
USGS_01646500_gage_height_m_20261005T062000Z,observational,USGS-NWIS,01646500,gage_height_m,2026-10-05T06:20:00Z,0.850392,m,P,99c1f02c8b15d23791723ed3e3f5126eaec66831d13a387282e84b84236de9dc
USGS_01646500_gage_height_m_20261005T062500Z,observational,USGS-NWIS,01646500,gage_height_m,2026-10-05T06:25:00Z,0.850392,m,P,99c1f02c8b15d23791723ed3e3f5126eaec66831d13a387282e84b84236de9dc
USGS_01646500_gage_height_m_20261005T063000Z,observational,USGS-NWIS,01646500,gage_height_m,2026-10-05T06:30:00Z,0.850392,m,P,99c1f02c8b15d23791723ed3e3f5126eaec66831d13a387282e84b84236de9dc
USGS_01646500_gage_height_m_20261005T063500Z,observational,USGS-NWIS,01646500,gage_height_m,2026-10-05T06:35:00Z,0.850392,m,P,99c1f02c8b15d23791723ed3e3f5126eaec66831d13a387282e84b84236de9dc
USGS_01646500_gage_height_m_20261005T064000Z,observational,USGS-NWIS,01646500,gage_height_m,2026-10-05T06:40:00Z,0.850392,m,P,99c1f02c8b15d23791723ed3e3f5126eaec66831d13a387282e84b84236de9dc
USGS_01646500_gage_height_m_20261005T064500Z,observational,USGS-NWIS,01646500,gage_height_m,2026-10-05T06:45:00Z,0.850392,m,P,99c1f02c8b15d23791723ed3e3f5126eaec66831d13a387282e84b84236de9dc
USGS_01646500_gage_height_m_20261005T065000Z,observational,USGS-NWIS,01646500,gage_height_m,2026-10-05T06:50:00Z,0.850392,m,P,99c1f02c8b15d23791723ed3e3f5126eaec66831d13a387282e84b84236de9dc
USGS_01646500_gage_height_m_20261005T065500Z,observational,USGS-NWIS,01646500,gage_height_m,2026-10-05T06:55:00Z,0.850392,m,P,99c1f02c8b15d23791723ed3e3f5126eaec66831d13a387282e84b84236de9dc
USGS_01646500_gage_height_m_20261005T070000Z,observational,USGS-NWIS,01646500,gage_height_m,2026-10-05T07:00:00Z,0.847344,m,P,99c1f02c8b15d23791723ed3e3f5126eaec66831d13a387282e84b84236de9dc
USGS_01646500_gage_height_m_20261005T070500Z,observational,USGS-NWIS,01646500,gage_height_m,2026-10-05T07:05:00Z,0.850392,m,P,99c1f02c8b15d23791723ed3e3f5126eaec66831d13a387282e84b84236de9dc
USGS_01646500_gage_height_m_20261005T071000Z,observational,USGS-NWIS,01646500,gage_height_m,2026-10-05T07:10:00Z,0.850392,m,P,99c1f02c8b15d23791723ed3e3f5126eaec66831d13a387282e84b84236de9dc
USGS_01646500_gage_height_m_20261005T071500Z,observational,USGS-NWIS,01646500,gage_height_m,2026-10-05T07:15:00Z,0.850392,m,P,99c1f02c8b15d23791723ed3e3f5126eaec66831d13a387282e84b84236de9dc
USGS_01646500_gage_height_m_20261005T072000Z,observational,USGS-NWIS,01646500,gage_height_m,2026-10-05T07:20:00Z,0.850392,m,P,99c1f02c8b15d23791723ed3e3f5126eaec66831d13a387282e84b84236de9dc
USGS_01646500_gage_height_m_20261005T072500Z,observational,USGS-NWIS,01646500,gage_height_m,2026-10-05T07:25:00Z,0.850392,m,P,99c1f02c8b15d23791723ed3e3f5126eaec66831d13a387282e84b84236de9dc
USGS_01646500_gage_height_m_20261005T073000Z,observational,USGS-NWIS,01646500,gage_height_m,2026-10-05T07:30:00Z,0.850392,m,P,99c1f02c8b15d23791723ed3e3f5126eaec66831d13a387282e84b84236de9dc
USGS_01646500_gage_height_m_20261005T073500Z,observational,USGS-NWIS,01646500,gage_height_m,2026-10-05T07:35:00Z,0.850392,m,P,99c1f02c8b15d23791723ed3e3f5126eaec66831d13a387282e84b84236de9dc
USGS_01646500_gage_height_m_20261005T074000Z,observational,USGS-NWIS,01646500,gage_height_m,2026-10-05T07:40:00Z,0.850392,m,P,99c1f02c8b15d23791723ed3e3f5126eaec66831d13a387282e84b84236de9dc
USGS_01646500_gage_height_m_20261005T074500Z,observational,USGS-NWIS,01646500,gage_height_m,2026-10-05T07:45:00Z,0.847344,m,P,99c1f02c8b15d23791723ed3e3f5126eaec66831d13a387282e84b84236de9dc
USGS_01646500_gage_height_m_20261005T075000Z,observational,USGS-NWIS,01646500,gage_height_m,2026-10-05T07:50:00Z,0.850392,m,P,99c1f02c8b15d23791723ed3e3f5126eaec66831d13a387282e84b84236de9dc
USGS_01646500_gage_height_m_20261005T075500Z,observational,USGS-NWIS,01646500,gage_height_m,2026-10-05T07:55:00Z,0.850392,m,P,99c1f02c8b15d23791723ed3e3f5126eaec66831d13a387282e84b84236de9dc
USGS_01646500_gage_height_m_20261005T080000Z,observational,USGS-NWIS,01646500,gage_height_m,2026-10-05T08:00:00Z,0.847344,m,P,99c1f02c8b15d23791723ed3e3f5126eaec66831d13a387282e84b84236de9dc
USGS_01646500_gage_height_m_20261005T080500Z,observational,USGS-NWIS,01646500,gage_height_m,2026-10-05T08:05:00Z,0.847344,m,P,99c1f02c8b15d23791723ed3e3f5126eaec66831d13a387282e84b84236de9dc
USGS_01646500_gage_height_m_20261005T081000Z,observational,USGS-NWIS,01646500,gage_height_m,2026-10-05T08:10:00Z,0.847344,m,P,99c1f02c8b15d23791723ed3e3f5126eaec66831d13a387282e84b84236de9dc
USGS_01646500_gage_height_m_20261005T081500Z,observational,USGS-NWIS,01646500,gage_height_m,2026-10-05T08:15:00Z,0.847344,m,P,99c1f02c8b15d23791723ed3e3f5126eaec66831d13a387282e84b84236de9dc
USGS_01646500_gage_height_m_20261005T082000Z,observational,USGS-NWIS,01646500,gage_height_m,2026-10-05T08:20:00Z,0.850392,m,P,99c1f02c8b15d23791723ed3e3f5126eaec66831d13a387282e84b84236de9dc
USGS_01646500_gage_height_m_20261005T082500Z,observational,USGS-NWIS,01646500,gage_height_m,2026-10-05T08:25:00Z,0.850392,m,P,99c1f02c8b15d23791723ed3e3f5126eaec66831d13a387282e84b84236de9dc
USGS_01646500_gage_height_m_20261005T083000Z,observational,USGS-NWIS,01646500,gage_height_m,2026-10-05T08:30:00Z,0.847344,m,P,99c1f02c8b15d23791723ed3e3f5126eaec66831d13a387282e84b84236de9dc
USGS_01646500_gage_height_m_20261005T083500Z,observational,USGS-NWIS,01646500,gage_height_m,2026-10-05T08:35:00Z,0.847344,m,P,99c1f02c8b15d23791723ed3e3f5126eaec66831d13a387282e84b84236de9dc
USGS_01646500_gage_height_m_20261005T084000Z,observational,USGS-NWIS,01646500,gage_height_m,2026-10-05T08:40:00Z,0.847344,m,P,99c1f02c8b15d23791723ed3e3f5126eaec66831d13a387282e84b84236de9dc
USGS_01646500_gage_height_m_20261005T084500Z,observational,USGS-NWIS,01646500,gage_height_m,2026-10-05T08:45:00Z,0.847344,m,P,99c1f02c8b15d23791723ed3e3f5126eaec66831d13a387282e84b84236de9dc
USGS_01646500_gage_height_m_20261005T085000Z,observational,USGS-NWIS,01646500,gage_height_m,2026-10-05T08:50:00Z,0.847344,m,P,99c1f02c8b15d23791723ed3e3f5126eaec66831d13a387282e84b84236de9dc
USGS_01646500_gage_height_m_20261005T085500Z,observational,USGS-NWIS,01646500,gage_height_m,2026-10-05T08:55:00Z,0.847344,m,P,99c1f02c8b15d23791723ed3e3f5126eaec66831d13a387282e84b84236de9dc
USGS_01646500_gage_height_m_20261005T090000Z,observational,USGS-NWIS,01646500,gage_height_m,2026-10-05T09:00:00Z,0.850392,m,P,99c1f02c8b15d23791723ed3e3f5126eaec66831d13a387282e84b84236de9dc
USGS_01646500_gage_height_m_20261005T090500Z,observational,USGS-NWIS,01646500,gage_height_m,2026-10-05T09:05:00Z,0.847344,m,P,99c1f02c8b15d23791723ed3e3f5126eaec66831d13a387282e84b84236de9dc
USGS_01646500_gage_height_m_20261005T091000Z,observational,USGS-NWIS,01646500,gage_height_m,2026-10-05T09:10:00Z,0.847344,m,P,99c1f02c8b15d23791723ed3e3f5126eaec66831d13a387282e84b84236de9dc
USGS_01646500_gage_height_m_20261005T091500Z,observational,USGS-NWIS,01646500,gage_height_m,2026-10-05T09:15:00Z,0.847344,m,P,99c1f02c8b15d23791723ed3e3f5126eaec66831d13a387282e84b84236de9dc
USGS_01646500_gage_height_m_20261005T092000Z,observational,USGS-NWIS,01646500,gage_height_m,2026-10-05T09:20:00Z,0.847344,m,P,99c1f02c8b15d23791723ed3e3f5126eaec66831d13a387282e84b84236de9dc
USGS_01646500_gage_height_m_20261005T092500Z,observational,USGS-NWIS,01646500,gage_height_m,2026-10-05T09:25:00Z,0.850392,m,P,99c1f02c8b15d23791723ed3e3f5126eaec66831d13a387282e84b84236de9dc
USGS_01646500_gage_height_m_20261005T093000Z,observational,USGS-NWIS,01646500,gage_height_m,2026-10-05T09:30:00Z,0.847344,m,P,99c1f02c8b15d23791723ed3e3f5126eaec66831d13a387282e84b84236de9dc
USGS_01646500_gage_height_m_20261005T093500Z,observational,USGS-NWIS,01646500,gage_height_m,2026-10-05T09:35:00Z,0.847344,m,P,99c1f02c8b15d23791723ed3e3f5126eaec66831d13a387282e84b84236de9dc
USGS_01646500_gage_height_m_20261005T094000Z,observational,USGS-NWIS,01646500,gage_height_m,2026-10-05T09:40:00Z,0.847344,m,P,99c1f02c8b15d23791723ed3e3f5126eaec66831d13a387282e84b84236de9dc
USGS_01646500_gage_height_m_20261005T094500Z,observational,USGS-NWIS,01646500,gage_height_m,2026-10-05T09:45:00Z,0.847344,m,P,99c1f02c8b15d23791723ed3e3f5126eaec66831d13a387282e84b84236de9dc
USGS_01646500_gage_height_m_20261005T095000Z,observational,USGS-NWIS,01646500,gage_height_m,2026-10-05T09:50:00Z,0.847344,m,P,99c1f02c8b15d23791723ed3e3f5126eaec66831d13a387282e84b84236de9dc
USGS_01646500_gage_height_m_20261005T095500Z,observational,USGS-NWIS,01646500,gage_height_m,2026-10-05T09:55:00Z,0.847344,m,P,99c1f02c8b15d23791723ed3e3f5126eaec66831d13a387282e84b84236de9dc
USGS_01646500_gage_height_m_20261005T100000Z,observational,USGS-NWIS,01646500,gage_height_m,2026-10-05T10:00:00Z,0.847344,m,P,99c1f02c8b15d23791723ed3e3f5126eaec66831d13a387282e84b84236de9dc
USGS_01646500_gage_height_m_20261005T100500Z,observational,USGS-NWIS,01646500,gage_height_m,2026-10-05T10:05:00Z,0.847344,m,P,99c1f02c8b15d23791723ed3e3f5126eaec66831d13a387282e84b84236de9dc
USGS_01646500_gage_height_m_20261005T101000Z,observational,USGS-NWIS,01646500,gage_height_m,2026-10-05T10:10:00Z,0.847344,m,P,99c1f02c8b15d23791723ed3e3f5126eaec66831d13a387282e84b84236de9dc
USGS_01646500_gage_height_m_20261005T101500Z,observational,USGS-NWIS,01646500,gage_height_m,2026-10-05T10:15:00Z,0.844296,m,P,99c1f02c8b15d23791723ed3e3f5126eaec66831d13a387282e84b84236de9dc
USGS_01646500_gage_height_m_20261005T102000Z,observational,USGS-NWIS,01646500,gage_height_m,2026-10-05T10:20:00Z,0.847344,m,P,99c1f02c8b15d23791723ed3e3f5126eaec66831d13a387282e84b84236de9dc
USGS_01646500_gage_height_m_20261005T102500Z,observational,USGS-NWIS,01646500,gage_height_m,2026-10-05T10:25:00Z,0.847344,m,P,99c1f02c8b15d23791723ed3e3f5126eaec66831d13a387282e84b84236de9dc
USGS_01646500_gage_height_m_20261005T103000Z,observational,USGS-NWIS,01646500,gage_height_m,2026-10-05T10:30:00Z,0.847344,m,P,99c1f02c8b15d23791723ed3e3f5126eaec66831d13a387282e84b84236de9dc
USGS_01646500_gage_height_m_20261005T103500Z,observational,USGS-NWIS,01646500,gage_height_m,2026-10-05T10:35:00Z,0.847344,m,P,99c1f02c8b15d23791723ed3e3f5126eaec66831d13a387282e84b84236de9dc
USGS_01646500_gage_height_m_20261005T104000Z,observational,USGS-NWIS,01646500,gage_height_m,2026-10-05T10:40:00Z,0.847344,m,P,99c1f02c8b15d23791723ed3e3f5126eaec66831d13a387282e84b84236de9dc
USGS_01646500_gage_height_m_20261005T104500Z,observational,USGS-NWIS,01646500,gage_height_m,2026-10-05T10:45:00Z,0.847344,m,P,99c1f02c8b15d23791723ed3e3f5126eaec66831d13a387282e84b84236de9dc
USGS_01646500_gage_height_m_20261005T105000Z,observational,USGS-NWIS,01646500,gage_height_m,2026-10-05T10:50:00Z,0.847344,m,P,99c1f02c8b15d23791723ed3e3f5126eaec66831d13a387282e84b84236de9dc
USGS_01646500_gage_height_m_20261005T105500Z,observational,USGS-NWIS,01646500,gage_height_m,2026-10-05T10:55:00Z,0.847344,m,P,99c1f02c8b15d23791723ed3e3f5126eaec66831d13a387282e84b84236de9dc
USGS_01646500_gage_height_m_20261005T110000Z,observational,USGS-NWIS,01646500,gage_height_m,2026-10-05T11:00:00Z,0.847344,m,P,99c1f02c8b15d23791723ed3e3f5126eaec66831d13a387282e84b84236de9dc
USGS_01646500_gage_height_m_20261005T110500Z,observational,USGS-NWIS,01646500,gage_height_m,2026-10-05T11:05:00Z,0.847344,m,P,99c1f02c8b15d23791723ed3e3f5126eaec66831d13a387282e84b84236de9dc
USGS_01646500_gage_height_m_20261005T111000Z,observational,USGS-NWIS,01646500,gage_height_m,2026-10-05T11:10:00Z,0.847344,m,P,99c1f02c8b15d23791723ed3e3f5126eaec66831d13a387282e84b84236de9dc
USGS_01646500_gage_height_m_20261005T111500Z,observational,USGS-NWIS,01646500,gage_height_m,2026-10-05T11:15:00Z,0.844296,m,P,99c1f02c8b15d23791723ed3e3f5126eaec66831d13a387282e84b84236de9dc
USGS_01646500_gage_height_m_20261005T112000Z,observational,USGS-NWIS,01646500,gage_height_m,2026-10-05T11:20:00Z,0.847344,m,P,99c1f02c8b15d23791723ed3e3f5126eaec66831d13a387282e84b84236de9dc
USGS_01646500_gage_height_m_20261005T112500Z,observational,USGS-NWIS,01646500,gage_height_m,2026-10-05T11:25:00Z,0.847344,m,P,99c1f02c8b15d23791723ed3e3f5126eaec66831d13a387282e84b84236de9dc
USGS_01646500_gage_height_m_20261005T113000Z,observational,USGS-NWIS,01646500,gage_height_m,2026-10-05T11:30:00Z,0.847344,m,P,99c1f02c8b15d23791723ed3e3f5126eaec66831d13a387282e84b84236de9dc
USGS_01646500_gage_height_m_20261005T113500Z,observational,USGS-NWIS,01646500,gage_height_m,2026-10-05T11:35:00Z,0.847344,m,P,99c1f02c8b15d23791723ed3e3f5126eaec66831d13a387282e84b84236de9dc
USGS_01646500_gage_height_m_20261005T114000Z,observational,USGS-NWIS,01646500,gage_height_m,2026-10-05T11:40:00Z,0.847344,m,P,99c1f02c8b15d23791723ed3e3f5126eaec66831d13a387282e84b84236de9dc
USGS_01646500_gage_height_m_20261005T114500Z,observational,USGS-NWIS,01646500,gage_height_m,2026-10-05T11:45:00Z,0.847344,m,P,99c1f02c8b15d23791723ed3e3f5126eaec66831d13a387282e84b84236de9dc
USGS_01646500_gage_height_m_20261005T115000Z,observational,USGS-NWIS,01646500,gage_height_m,2026-10-05T11:50:00Z,0.847344,m,P,99c1f02c8b15d23791723ed3e3f5126eaec66831d13a387282e84b84236de9dc
DAYMET_01646500_precipitation_mm_day_20220101,observational,NASA-Daymet,01646500,precipitation_mm_day,2022-01-01T00:00:00Z,14.41,mm/day,MODEL_REANALYSIS,fa0641301ad645a23ada0b8d83af70cdcbb644037b7a4d08529cf8f87e56441e
DAYMET_01646500_precipitation_mm_day_20220102,observational,NASA-Daymet,01646500,precipitation_mm_day,2022-01-02T00:00:00Z,9.81,mm/day,MODEL_REANALYSIS,fa0641301ad645a23ada0b8d83af70cdcbb644037b7a4d08529cf8f87e56441e
DAYMET_01646500_precipitation_mm_day_20220103,observational,NASA-Daymet,01646500,precipitation_mm_day,2022-01-03T00:00:00Z,12.74,mm/day,MODEL_REANALYSIS,fa0641301ad645a23ada0b8d83af70cdcbb644037b7a4d08529cf8f87e56441e
DAYMET_01646500_precipitation_mm_day_20220104,observational,NASA-Daymet,01646500,precipitation_mm_day,2022-01-04T00:00:00Z,0.0,mm/day,MODEL_REANALYSIS,fa0641301ad645a23ada0b8d83af70cdcbb644037b7a4d08529cf8f87e56441e
DAYMET_01646500_precipitation_mm_day_20220105,observational,NASA-Daymet,01646500,precipitation_mm_day,2022-01-05T00:00:00Z,0.0,mm/day,MODEL_REANALYSIS,fa0641301ad645a23ada0b8d83af70cdcbb644037b7a4d08529cf8f87e56441e
DAYMET_01646500_snow_water_equivalent_kg_m2_20220101,observational,NASA-Daymet,01646500,snow_water_equivalent_kg_m2,2022-01-01T00:00:00Z,0.0,kg/m2,MODEL_REANALYSIS,fa0641301ad645a23ada0b8d83af70cdcbb644037b7a4d08529cf8f87e56441e
DAYMET_01646500_snow_water_equivalent_kg_m2_20220102,observational,NASA-Daymet,01646500,snow_water_equivalent_kg_m2,2022-01-02T00:00:00Z,0.0,kg/m2,MODEL_REANALYSIS,fa0641301ad645a23ada0b8d83af70cdcbb644037b7a4d08529cf8f87e56441e
DAYMET_01646500_snow_water_equivalent_kg_m2_20220103,observational,NASA-Daymet,01646500,snow_water_equivalent_kg_m2,2022-01-03T00:00:00Z,0.0,kg/m2,MODEL_REANALYSIS,fa0641301ad645a23ada0b8d83af70cdcbb644037b7a4d08529cf8f87e56441e
DAYMET_01646500_snow_water_equivalent_kg_m2_20220104,observational,NASA-Daymet,01646500,snow_water_equivalent_kg_m2,2022-01-04T00:00:00Z,0.0,kg/m2,MODEL_REANALYSIS,fa0641301ad645a23ada0b8d83af70cdcbb644037b7a4d08529cf8f87e56441e
DAYMET_01646500_snow_water_equivalent_kg_m2_20220105,observational,NASA-Daymet,01646500,snow_water_equivalent_kg_m2,2022-01-05T00:00:00Z,0.0,kg/m2,MODEL_REANALYSIS,fa0641301ad645a23ada0b8d83af70cdcbb644037b7a4d08529cf8f87e56441e
DAYMET_01646500_temperature_max_c_20220101,observational,NASA-Daymet,01646500,temperature_max_c,2022-01-01T00:00:00Z,16.5,degC,MODEL_REANALYSIS,fa0641301ad645a23ada0b8d83af70cdcbb644037b7a4d08529cf8f87e56441e
DAYMET_01646500_temperature_max_c_20220102,observational,NASA-Daymet,01646500,temperature_max_c,2022-01-02T00:00:00Z,16.94,degC,MODEL_REANALYSIS,fa0641301ad645a23ada0b8d83af70cdcbb644037b7a4d08529cf8f87e56441e
DAYMET_01646500_temperature_max_c_20220103,observational,NASA-Daymet,01646500,temperature_max_c,2022-01-03T00:00:00Z,3.32,degC,MODEL_REANALYSIS,fa0641301ad645a23ada0b8d83af70cdcbb644037b7a4d08529cf8f87e56441e
DAYMET_01646500_temperature_max_c_20220104,observational,NASA-Daymet,01646500,temperature_max_c,2022-01-04T00:00:00Z,1.02,degC,MODEL_REANALYSIS,fa0641301ad645a23ada0b8d83af70cdcbb644037b7a4d08529cf8f87e56441e
DAYMET_01646500_temperature_max_c_20220105,observational,NASA-Daymet,01646500,temperature_max_c,2022-01-05T00:00:00Z,4.24,degC,MODEL_REANALYSIS,fa0641301ad645a23ada0b8d83af70cdcbb644037b7a4d08529cf8f87e56441e
DAYMET_01646500_temperature_min_c_20220101,observational,NASA-Daymet,01646500,temperature_min_c,2022-01-01T00:00:00Z,10.83,degC,MODEL_REANALYSIS,fa0641301ad645a23ada0b8d83af70cdcbb644037b7a4d08529cf8f87e56441e
DAYMET_01646500_temperature_min_c_20220102,observational,NASA-Daymet,01646500,temperature_min_c,2022-01-02T00:00:00Z,9.75,degC,MODEL_REANALYSIS,fa0641301ad645a23ada0b8d83af70cdcbb644037b7a4d08529cf8f87e56441e
DAYMET_01646500_temperature_min_c_20220103,observational,NASA-Daymet,01646500,temperature_min_c,2022-01-03T00:00:00Z,-2.33,degC,MODEL_REANALYSIS,fa0641301ad645a23ada0b8d83af70cdcbb644037b7a4d08529cf8f87e56441e
DAYMET_01646500_temperature_min_c_20220104,observational,NASA-Daymet,01646500,temperature_min_c,2022-01-04T00:00:00Z,-7.84,degC,MODEL_REANALYSIS,fa0641301ad645a23ada0b8d83af70cdcbb644037b7a4d08529cf8f87e56441e
DAYMET_01646500_temperature_min_c_20220105,observational,NASA-Daymet,01646500,temperature_min_c,2022-01-05T00:00:00Z,-5.93,degC,MODEL_REANALYSIS,fa0641301ad645a23ada0b8d83af70cdcbb644037b7a4d08529cf8f87e56441e
